F1,F2,F3,F4,F5,F6,F7,F8,F9,F10,F11,F12,F13,F14,F15,F16,F17,F18,F19,F20,F21,F22,F23,F24,F25,F26,lables
36,10,68,92,10,30,2,47,43,55,51,31,90,34,10,25,26,85,19,66,96,76,82,90,89,53,25
32,99,65,85,75,49,15,75,4,35,82,99,82,7,39,26,63,4,95,36,15,61,68,62,18,83,51
16,48,100,24,14,98,84,98,20,45,12,59,93,16,21,21,93,49,84,7,17,21,41,11,34,40,48
35,62,0,9,65,78,89,48,25,37,67,60,91,71,79,22,40,23,83,79,33,28,73,54,83,50,48
10,58,6,37,1,3,48,92,52,92,18,57,70,27,60,12,63,29,10,42,45,71,6,39,78,0,62
94,12,79,22,79,82,14,99,29,41,74,18,94,60,21,1,24,55,38,43,61,88,81,32,35,80,60
53,70,84,87,24,0,88,37,56,58,46,2,20,85,80,9,21,87,98,71,62,17,47,6,73,61,10
15,100,68,6,48,27,80,98,28,58,53,8,46,32,15,58,19,82,14,58,15,43,21,27,11,48,47
89,3,34,61,62,32,55,9,45,66,59,67,59,75,95,34,78,4,16,57,56,96,46,86,90,67,69
95,11,86,79,1,72,81,25,46,42,36,63,95,27,31,70,21,27,36,43,69,89,49,54,72,99,72
27,11,92,52,24,9,6,31,74,13,77,91,71,83,16,72,30,5,28,18,77,94,40,89,35,13,70
86,24,100,19,52,84,47,19,81,22,66,68,71,0,91,79,12,20,81,43,20,65,28,13,10,47,94
25,37,50,19,32,93,98,22,22,79,80,18,86,62,83,67,35,10,59,5,1,90,70,59,81,86,29
85,19,93,25,13,32,64,20,18,45,42,73,24,83,89,97,15,54,40,56,37,9,41,49,74,63,60
82,1,84,44,63,62,7,44,89,0,69,29,43,9,7,85,90,73,96,1,35,29,7,97,23,5,29
83,79,9,95,13,99,19,54,32,40,50,68,61,29,8,1,17,70,80,54,81,100,74,37,78,78,84
91,91,97,11,3,71,10,74,79,44,39,99,48,38,39,21,34,83,24,20,43,90,58,27,44,6,4
89,95,61,95,23,39,25,18,62,49,30,85,33,55,95,78,6,90,13,26,71,22,17,3,58,78,77
38,31,30,58,96,15,27,62,94,8,75,80,75,75,52,29,92,44,82,89,2,33,23,80,55,13,75
86,69,22,3,39,73,81,94,90,40,80,56,99,76,81,96,79,52,59,4,76,70,56,27,72,42,1
70,47,39,48,11,61,46,34,23,91,43,53,50,41,40,41,29,26,28,27,49,68,30,68,53,99,31
74,30,61,14,17,25,81,54,16,39,27,49,91,55,18,21,9,28,82,81,78,2,88,45,28,75,19
55,60,8,28,74,13,71,45,49,88,100,47,70,74,13,51,14,55,28,79,37,25,13,83,55,1,20
23,2,42,45,98,86,39,50,94,100,57,10,0,97,0,56,30,96,49,35,77,31,24,75,28,11,58
3,42,74,94,69,95,70,84,68,37,68,25,17,5,84,46,100,62,45,15,44,56,78,96,96,5,77
76,87,53,77,49,10,21,20,91,22,25,50,48,55,69,63,20,88,44,54,70,38,7,94,91,7,15
31,62,84,67,84,8,60,46,2,58,17,91,81,25,50,70,74,11,58,36,88,100,62,10,14,45,16
77,17,51,28,35,36,11,39,51,11,15,0,66,78,21,26,72,100,22,99,40,59,3,68,89,6,12
7,18,17,59,88,81,7,36,97,13,4,20,51,43,12,3,47,99,58,21,6,25,48,35,67,43,91
76,2,25,61,3,54,96,1,0,64,5,25,11,30,89,22,65,62,49,85,65,80,46,56,33,63,16
84,84,34,66,41,97,55,22,36,65,81,58,94,67,96,26,2,61,92,34,88,13,46,32,7,2,55
27,58,52,9,23,13,79,83,48,47,33,80,77,76,41,25,69,77,96,83,52,12,36,53,18,77,75
86,10,100,65,58,1,67,83,2,35,32,59,98,39,61,90,79,22,29,21,6,57,92,7,17,69,34
27,28,1,27,26,87,45,77,45,1,36,65,36,38,85,4,77,100,38,81,32,21,53,24,98,37,77
82,100,87,41,0,40,79,98,29,70,78,87,21,65,82,95,7,38,96,18,56,74,31,85,99,14,35
47,65,34,33,7,83,59,86,82,70,88,71,56,79,92,21,78,97,11,31,30,92,99,34,49,13,34
1,28,45,13,3,82,49,22,71,38,84,33,93,99,5,61,53,68,46,29,77,83,44,18,91,7,95
72,6,22,51,43,68,83,67,70,92,82,70,26,51,86,69,12,51,16,1,25,89,53,75,34,36,29
71,22,21,8,45,100,79,94,6,22,87,17,40,97,99,30,73,33,61,19,77,10,90,17,98,89,47
29,94,84,43,26,74,77,57,43,56,35,13,40,98,87,16,61,26,36,16,97,62,54,9,62,98,11
50,94,5,40,35,64,68,27,66,100,95,11,52,64,51,94,52,37,34,82,58,28,24,59,97,64,54
66,6,72,67,18,80,19,71,65,30,5,15,30,24,59,48,81,85,20,73,67,64,74,24,91,36,9
58,11,49,31,46,86,24,4,86,37,86,93,28,31,77,45,28,95,39,12,100,88,83,89,88,88,13
94,27,8,76,82,17,58,79,44,51,66,41,66,91,21,25,16,62,10,7,9,40,91,11,23,61,40
26,74,32,63,49,70,61,20,20,90,79,34,90,11,56,44,88,66,2,3,48,59,2,5,74,78,78
18,47,21,26,91,54,34,100,3,62,79,91,61,87,83,48,100,64,6,95,13,39,8,3,84,57,36
99,31,58,91,47,38,69,63,91,50,26,22,14,70,3,86,21,21,15,41,88,2,9,40,54,59,6
58,97,12,50,56,11,87,1,30,59,55,23,89,12,100,81,28,14,46,88,6,65,45,75,86,44,30
88,13,74,52,89,27,9,5,61,44,24,88,51,71,89,61,90,41,4,0,86,66,47,9,83,51,79
74,36,87,42,38,12,4,56,21,21,84,19,80,59,93,86,63,88,66,64,95,74,95,20,63,17,91
82,92,72,82,61,90,0,83,78,3,8,41,67,19,41,40,8,63,35,18,1,18,32,18,83,85,49
85,20,4,13,88,77,47,71,60,96,18,17,94,35,69,1,65,55,16,5,77,24,28,8,0,66,92
11,24,87,17,88,21,53,3,68,40,70,27,49,18,67,16,59,30,90,85,98,70,21,41,60,9,51
66,12,81,16,9,100,48,23,16,52,4,45,40,75,68,95,67,16,86,51,62,42,15,28,49,11,39
24,9,4,85,66,50,21,75,86,87,61,88,35,14,27,76,93,3,30,10,6,61,10,24,30,87,55
94,11,73,19,11,30,20,72,56,34,80,88,90,73,10,31,29,79,7,30,98,96,78,100,68,24,40
43,44,61,51,16,26,81,64,0,44,23,43,78,96,46,79,89,88,51,38,75,44,53,38,26,65,56
80,94,32,67,87,74,60,34,18,73,21,37,77,58,28,51,28,29,92,5,42,39,34,11,24,78,94
26,50,59,44,8,93,28,0,96,60,25,12,76,89,74,85,64,35,0,93,74,75,62,38,0,25,45
34,86,51,89,45,55,76,19,75,80,98,60,100,58,58,10,40,77,56,12,55,72,11,40,2,72,100
76,53,87,61,24,57,6,71,3,92,86,39,56,39,32,21,58,58,7,23,26,72,57,53,11,16,51
23,7,34,68,39,17,11,42,57,66,92,5,21,25,49,0,44,80,11,26,98,28,70,93,70,6,21
75,61,2,56,32,79,25,75,5,66,18,59,95,12,65,96,86,18,52,71,88,48,34,97,24,49,25
50,49,6,62,84,58,96,33,47,85,66,46,87,40,41,60,12,64,69,19,92,11,1,58,95,27,94
10,33,51,30,66,42,78,35,15,66,82,83,94,21,91,84,6,59,66,36,58,25,53,88,88,15,6
82,90,33,1,19,94,43,19,63,48,20,81,98,62,22,29,24,14,51,94,6,42,46,5,34,12,2
56,80,92,97,25,100,13,36,94,29,97,80,92,74,93,68,26,19,95,16,44,69,75,78,25,100,78
66,23,1,14,1,90,60,14,94,53,22,89,53,13,49,14,57,76,95,9,11,62,71,3,19,53,21
75,4,99,87,93,33,41,71,44,98,41,30,56,34,92,26,50,17,43,70,12,69,41,56,5,76,83
55,41,2,51,34,61,44,54,20,14,54,76,98,96,10,31,17,5,24,32,61,85,74,20,34,28,11
66,11,83,32,43,49,95,36,76,49,56,57,100,11,15,95,65,66,2,46,76,10,81,40,32,17,97
96,12,17,59,95,64,49,53,23,95,83,39,84,55,33,17,14,67,36,43,88,60,4,13,49,41,44
31,9,46,92,36,88,78,26,74,14,45,90,23,69,4,32,27,37,76,11,86,55,49,49,55,79,35
53,15,20,25,53,72,48,8,83,58,59,43,39,35,25,33,43,92,20,56,4,24,82,71,64,73,45
27,55,80,51,9,64,78,15,48,87,21,10,99,47,63,58,23,51,89,42,97,80,42,48,32,80,36
81,53,67,73,3,15,20,34,71,31,10,49,81,98,62,66,18,23,57,34,75,0,28,66,47,95,47
92,44,35,95,65,17,96,74,32,4,98,11,30,73,43,36,26,22,33,8,68,18,39,31,56,3,20
61,74,27,16,22,29,87,30,87,33,92,56,70,65,50,58,61,70,43,66,9,97,82,9,7,55,7
11,98,74,74,67,32,1,93,93,39,2,15,72,10,39,74,91,91,44,76,67,26,79,77,57,97,28
19,59,57,55,44,67,45,75,42,13,97,64,97,90,32,9,39,16,35,73,9,13,52,12,59,56,58
2,61,73,79,96,6,93,13,98,55,14,89,61,85,0,54,61,72,91,60,3,55,88,36,85,13,99
75,18,76,25,50,14,88,98,75,70,68,49,99,75,69,83,85,0,77,15,43,60,50,80,45,64,79
53,87,58,25,9,50,18,27,17,60,92,61,37,57,90,33,62,49,60,59,51,5,14,41,1,63,25
19,0,8,16,18,33,27,61,54,47,58,60,67,71,34,11,38,86,66,35,80,29,96,8,15,8,5
42,98,23,76,35,99,11,56,18,5,25,79,18,88,31,13,28,32,55,20,62,63,84,72,19,55,53
95,46,46,29,48,1,10,21,42,99,22,36,49,84,24,67,34,84,77,69,57,22,37,92,60,92,36
18,15,41,46,22,60,45,60,15,62,21,20,19,24,79,22,41,30,96,32,42,9,0,87,79,10,75
34,8,17,33,85,15,63,82,80,91,4,67,98,20,23,51,84,63,17,78,87,70,66,11,0,56,12
95,90,76,79,9,47,11,72,34,83,69,27,89,13,1,92,43,31,67,87,48,77,23,49,17,50,70
68,54,99,44,67,34,41,85,64,84,77,32,14,25,40,17,10,86,51,71,51,26,79,41,21,5,76
11,31,69,12,2,12,97,49,62,8,85,71,53,47,91,75,73,56,96,29,90,15,5,94,46,46,37
32,37,83,20,72,22,21,12,37,89,59,67,59,38,3,60,92,21,84,64,20,14,40,100,3,90,97
15,55,80,49,5,55,41,80,41,92,77,59,86,51,81,21,56,10,27,88,63,39,53,78,73,80,66
83,26,86,81,99,18,63,19,72,93,66,7,38,4,65,61,11,76,53,62,31,87,55,36,31,15,34
32,67,51,0,84,49,53,76,1,22,18,84,69,5,54,64,16,66,86,33,25,0,30,17,8,24,72
55,67,30,24,45,47,71,80,40,8,91,77,77,75,46,88,36,63,24,58,79,28,7,50,33,77,78
57,51,39,97,43,18,79,93,41,25,5,96,78,7,7,67,41,52,99,13,77,15,70,86,8,51,53
25,35,69,37,96,41,21,45,9,47,64,8,87,88,85,77,65,16,2,3,58,7,11,6,81,24,79
58,78,42,8,41,41,74,24,49,20,81,88,22,85,23,83,16,42,33,8,12,74,24,69,17,19,49
94,42,12,47,99,94,69,38,36,14,10,16,61,49,61,15,11,77,46,57,11,30,53,12,35,10,99
59,73,49,30,76,11,65,28,76,42,62,92,55,95,23,3,72,49,16,11,2,27,98,98,64,71,15
64,44,21,50,77,44,78,25,65,52,78,33,10,34,85,14,81,32,9,92,96,60,9,12,46,1,44
82,5,20,95,10,61,73,25,90,67,16,45,89,59,55,59,17,63,12,25,92,62,56,83,53,57,57
89,36,36,96,77,10,54,54,11,5,41,4,41,51,64,18,26,36,83,10,72,9,3,93,12,64,50
90,27,49,1,11,62,58,40,82,69,66,16,29,34,0,74,78,3,74,66,44,80,88,40,2,54,49
64,99,13,58,55,100,65,5,6,69,45,56,45,74,67,21,65,36,85,54,68,21,32,99,26,35,3
64,92,87,21,70,66,46,79,21,29,69,0,94,33,6,55,31,69,96,13,55,39,30,83,28,6,98
44,2,23,11,59,13,95,28,30,16,88,43,78,80,33,59,99,66,68,59,68,83,2,26,97,96,14
84,64,95,72,20,33,94,19,28,5,68,82,15,21,92,48,82,2,33,9,71,100,27,4,14,72,6
12,45,95,40,94,77,100,63,68,45,13,64,66,70,85,63,81,52,19,32,97,19,56,15,48,44,29
88,74,68,92,69,0,55,29,79,33,92,81,87,40,60,81,25,62,41,38,0,5,98,49,43,2,39
3,44,32,36,80,60,71,11,47,73,97,52,53,7,38,18,5,17,67,66,80,25,48,85,60,83,2
92,15,32,86,37,56,10,24,33,25,48,96,23,61,10,48,86,73,90,17,8,40,41,8,20,76,29
34,37,46,37,77,31,44,80,98,66,81,83,50,99,19,47,30,94,72,39,96,41,45,13,38,52,37
5,69,10,49,61,35,76,68,40,74,27,44,62,35,78,96,0,72,70,84,94,8,55,81,6,56,48
10,88,27,58,80,65,99,3,96,14,39,21,82,43,72,0,18,88,96,47,86,57,66,11,39,46,17
10,80,54,87,4,24,7,5,55,29,85,40,81,24,80,79,33,20,80,63,55,0,44,85,17,50,16
78,47,13,83,1,40,11,85,67,12,39,40,78,21,14,76,35,48,16,95,20,19,9,8,86,71,82
30,14,15,20,39,5,88,40,41,44,74,92,67,94,46,67,17,57,37,65,12,19,22,100,51,92,52
52,87,48,60,9,16,67,9,8,62,81,2,75,23,3,90,69,32,73,95,27,38,32,3,65,60,78
98,65,22,17,47,45,57,21,98,90,95,94,7,56,64,92,94,68,67,21,47,73,4,16,74,44,52
59,23,83,88,14,28,52,74,67,11,93,45,88,73,69,58,91,41,64,54,6,92,100,8,83,21,97
96,87,12,21,7,19,53,14,79,89,45,54,32,87,99,73,71,2,64,30,96,25,43,40,73,99,42
57,25,63,15,41,42,83,46,44,80,80,99,8,78,86,32,87,60,49,71,87,21,66,58,26,96,58
8,6,69,81,67,0,51,28,80,97,51,10,6,22,83,67,24,21,18,25,18,65,76,85,10,18,4
71,19,71,6,59,22,23,27,17,66,33,38,65,18,93,62,92,84,28,87,69,70,75,79,55,24,25
39,74,41,46,21,94,86,79,23,84,37,15,91,6,15,80,63,40,72,55,0,97,57,17,32,89,99
20,28,27,16,68,60,43,67,49,100,48,32,39,18,35,55,38,3,43,98,11,12,65,62,13,1,67
8,29,54,64,65,13,7,17,27,84,49,62,37,23,69,93,76,54,36,91,93,62,55,21,39,5,16
18,65,47,75,62,96,13,83,67,42,31,16,69,12,17,85,75,95,53,40,67,72,33,71,68,50,87
64,78,55,99,64,17,95,79,83,43,90,33,25,6,71,44,19,69,17,5,97,92,46,91,1,31,83
42,25,86,38,33,46,55,72,22,16,36,73,26,20,55,62,4,14,90,25,60,75,63,29,2,92,14
77,99,18,20,67,83,71,97,30,30,64,39,12,96,95,82,49,66,56,59,48,82,46,57,50,61,57
77,90,100,20,37,52,66,48,60,43,92,56,1,63,100,67,14,63,26,54,94,51,91,31,87,0,64
89,100,73,82,42,95,66,35,91,82,81,55,0,49,95,59,11,58,9,64,95,89,31,40,55,21,57
12,70,47,43,18,70,79,90,24,17,66,33,68,81,4,45,78,26,77,95,5,30,75,8,46,26,74
58,24,65,26,17,29,44,55,88,71,17,87,22,40,4,21,43,11,100,76,42,48,19,77,19,60,44
43,0,86,47,92,87,47,64,37,54,16,20,99,71,78,26,100,73,5,30,80,39,14,58,29,0,8
21,92,52,77,40,56,18,95,41,69,76,38,87,59,53,1,91,9,60,80,52,88,79,11,22,70,100
57,62,99,36,14,65,45,30,73,93,65,17,14,52,49,86,86,47,0,12,38,11,85,7,95,1,1
7,96,26,93,1,59,58,79,72,1,2,19,10,91,53,95,2,8,54,91,19,18,1,35,9,3,47
13,25,53,100,52,19,37,44,44,100,50,53,20,19,54,70,20,16,83,19,12,7,58,61,77,74,61
92,31,64,20,89,2,7,68,97,65,58,93,68,87,94,96,3,32,54,26,42,43,7,57,58,43,39
17,55,13,29,82,21,17,59,73,17,9,1,26,23,61,62,92,37,36,44,90,62,52,52,55,38,49
90,63,100,5,31,7,33,57,23,38,20,3,67,36,67,28,76,92,46,24,92,5,52,70,10,80,8
1,4,83,78,72,64,97,4,3,79,76,19,16,75,92,86,6,94,99,40,83,97,38,71,6,60,15
6,54,69,78,57,32,16,55,43,64,12,77,34,35,53,11,18,28,33,90,87,15,100,31,50,50,26
11,93,89,76,42,61,100,57,37,41,26,70,89,37,4,77,78,63,30,79,79,2,40,38,4,84,70
99,86,10,56,68,14,54,56,8,57,87,88,81,71,88,79,24,90,32,64,95,76,83,80,2,22,99
24,72,35,48,70,21,56,98,15,55,81,27,90,36,32,17,44,75,51,81,87,69,96,42,12,42,28
89,60,66,67,17,56,9,55,39,6,52,7,1,93,37,35,3,23,7,40,4,32,74,49,72,83,56
79,43,40,39,36,79,88,24,38,31,57,82,59,1,77,29,72,96,34,85,10,21,94,40,97,24,38
34,11,25,83,68,52,100,57,21,66,51,5,56,45,61,29,39,69,13,11,83,8,91,22,72,60,43
13,15,88,90,77,75,95,14,4,32,16,25,100,67,21,76,68,55,14,74,38,3,19,76,75,13,100
95,95,21,75,9,16,87,38,19,39,14,21,25,95,56,44,19,93,83,19,7,82,85,85,71,87,29
98,46,44,100,24,59,25,9,61,94,24,41,78,99,1,55,29,49,46,72,65,22,53,33,63,89,74
25,33,34,13,36,33,78,24,93,61,40,3,64,22,35,25,54,99,13,53,11,38,71,45,17,30,6
6,84,9,100,50,58,31,4,38,22,88,81,54,42,53,18,15,72,34,69,70,7,55,77,28,48,82
96,5,8,79,92,59,80,11,63,65,18,66,23,42,84,30,97,43,84,7,1,98,91,17,31,54,5
98,47,63,55,25,14,71,15,12,34,47,53,12,70,22,62,49,67,33,100,14,70,77,38,58,75,90
73,91,2,47,65,44,72,3,87,63,77,63,34,84,83,23,57,63,52,24,7,32,0,19,85,38,84
85,75,53,53,65,28,93,84,5,25,75,39,73,70,64,95,38,89,8,73,0,83,31,51,26,70,100
40,3,63,35,93,15,34,57,73,29,7,66,10,8,43,25,25,82,96,17,9,85,37,29,30,6,45
64,54,28,23,95,64,92,19,34,2,45,69,84,40,20,87,5,27,42,98,92,99,39,87,11,1,38
41,85,50,28,7,45,10,74,61,34,100,76,24,4,51,28,81,77,77,20,20,25,89,12,22,9,81
16,22,79,45,4,13,74,18,17,51,86,89,85,17,48,62,6,37,47,85,41,39,4,60,29,89,99
53,26,21,10,71,43,74,75,11,40,9,24,64,100,89,52,12,78,34,38,15,89,43,49,18,71,30
86,4,44,73,72,32,18,5,41,38,67,51,97,65,72,17,63,20,62,80,87,87,40,92,44,49,37
1,43,71,5,68,5,21,30,99,55,87,22,4,66,36,96,79,71,50,28,28,61,62,49,49,5,46
53,77,88,19,77,69,28,25,12,97,13,42,65,24,90,18,31,16,87,63,92,61,21,47,9,94,64
50,89,65,69,11,32,36,0,36,64,0,53,30,43,16,99,18,28,32,59,23,12,86,28,69,68,16
30,73,7,58,87,42,83,1,42,45,83,30,55,21,26,28,58,27,73,14,18,95,75,68,83,3,94
91,56,87,67,85,27,6,12,20,15,92,64,49,64,72,42,73,2,12,43,98,90,66,42,6,24,20
76,81,45,88,13,43,81,61,17,95,70,33,100,2,55,13,43,21,48,24,70,74,52,52,59,1,16
27,84,10,82,34,11,24,19,64,87,98,34,68,2,4,49,46,73,39,50,92,60,40,71,90,60,0
67,75,29,16,22,96,36,59,60,69,30,0,80,73,88,75,40,22,87,66,45,21,84,91,79,87,80
92,19,95,27,55,19,21,99,51,9,40,78,25,76,84,91,40,0,9,9,61,2,74,84,39,22,85
86,18,57,64,11,6,9,65,58,76,34,89,20,34,28,68,15,29,92,68,30,70,12,99,58,92,96
27,99,5,59,82,50,47,52,87,40,85,35,40,35,87,82,77,2,88,82,16,44,89,32,69,54,70
91,23,76,94,70,15,50,7,62,73,0,8,91,51,24,53,97,67,92,38,61,21,4,81,44,53,77
97,24,22,94,71,77,86,64,100,35,12,38,93,43,61,49,5,100,59,76,28,9,61,82,56,74,91
16,74,24,44,97,80,9,44,99,76,77,68,56,25,74,46,67,58,64,15,63,32,85,8,47,77,78
70,7,9,33,19,75,32,92,40,65,84,12,50,52,35,99,26,63,44,4,50,19,11,46,100,19,59
85,45,30,46,21,21,47,39,68,60,68,39,41,21,17,65,51,80,92,94,69,50,22,30,49,96,61
65,58,54,75,22,54,55,18,95,26,50,22,14,11,63,17,96,11,39,43,80,70,92,24,29,21,33
95,32,60,49,81,59,90,43,89,12,97,13,80,61,53,83,15,91,99,96,75,68,48,78,28,41,63
72,21,89,82,76,84,41,100,91,55,28,52,47,21,79,96,13,69,91,88,81,68,79,85,59,40,13
34,76,38,24,75,8,26,4,74,79,35,65,27,30,25,97,85,28,60,29,42,68,23,92,71,74,40
49,65,17,47,3,3,69,72,93,22,56,67,4,20,77,0,75,88,62,44,37,84,64,28,41,4,57
78,50,75,82,13,88,40,10,76,71,25,67,84,100,74,5,69,21,30,11,67,100,32,23,95,46,15
56,43,48,2,18,92,25,78,5,44,16,4,78,7,70,93,69,90,34,99,74,90,59,51,84,16,33
69,60,27,91,94,5,8,23,88,53,74,98,84,47,91,29,38,7,61,40,13,58,9,20,81,81,2
22,62,27,79,29,98,62,54,4,3,83,54,80,56,56,32,43,0,48,64,45,54,1,72,79,92,18
42,100,4,64,22,4,87,1,9,53,24,70,78,80,66,15,19,52,11,37,38,51,69,59,72,82,98
28,93,62,58,7,56,92,89,50,16,31,11,55,24,51,8,95,62,24,39,45,50,60,11,57,73,2
16,30,66,48,83,50,28,20,33,14,20,79,82,3,96,6,51,34,55,23,96,12,65,52,17,39,16
6,59,38,65,72,68,77,66,68,67,50,51,49,28,4,84,3,17,11,86,65,22,64,25,85,88,20
3,99,100,84,95,99,40,80,90,100,10,59,71,55,31,92,79,69,35,5,10,12,41,34,4,58,61
33,49,47,30,39,34,95,65,27,43,57,35,53,20,69,16,37,69,36,11,6,96,60,48,47,9,31
47,15,30,52,61,27,57,29,39,88,60,28,18,62,71,40,70,94,65,70,23,64,53,26,46,49,89
23,47,89,92,4,1,87,34,82,4,75,52,5,79,32,93,32,60,76,25,58,100,86,85,99,59,50
77,64,33,78,38,35,4,68,5,38,90,37,89,27,20,74,9,58,89,71,50,39,98,98,68,11,0
46,3,15,21,83,38,55,16,56,33,88,51,94,87,20,17,95,57,57,58,85,27,39,60,80,45,71
64,66,60,18,76,71,30,65,6,51,100,55,57,31,52,92,18,68,20,69,34,64,45,70,45,25,91
69,38,62,6,78,8,8,0,69,25,4,73,92,3,85,50,29,23,28,85,25,57,50,39,57,39,48
2,69,84,8,72,77,70,24,55,78,86,72,2,28,10,55,53,7,7,44,21,37,82,17,27,91,5
94,38,8,72,30,10,69,23,42,94,15,3,8,11,95,98,33,27,24,22,28,26,47,16,92,24,69
26,72,15,87,87,63,81,15,54,31,18,19,54,52,19,49,5,34,24,96,68,5,86,63,24,37,68
77,60,82,96,14,7,1,15,37,25,17,74,70,56,36,21,10,52,22,92,69,59,35,49,36,22,15
78,97,37,16,48,10,20,62,43,98,57,80,54,5,91,90,50,23,37,56,97,8,90,9,87,47,65
33,4,74,44,7,0,74,36,29,4,11,34,76,93,83,100,26,38,53,99,72,86,91,88,95,7,16
36,46,6,11,65,44,48,71,22,71,9,51,8,24,87,79,73,81,21,30,10,54,87,28,33,87,35
64,22,8,100,90,38,53,6,89,3,51,31,54,71,9,56,47,54,31,5,86,95,13,25,66,33,23
31,72,20,60,75,44,13,95,53,8,80,78,81,78,58,83,25,82,17,93,41,13,98,37,70,95,30
79,42,16,26,31,25,80,7,100,86,52,23,29,31,93,71,98,32,91,8,1,39,75,88,2,8,82
2,78,41,9,76,41,25,8,89,70,51,46,7,66,76,91,52,8,20,54,17,42,89,49,57,79,41
68,3,60,26,86,21,31,70,24,90,30,37,17,40,86,9,35,21,93,14,23,6,20,4,55,48,20
65,79,70,36,44,67,78,29,30,44,26,84,96,5,69,80,32,45,48,15,17,65,19,59,2,46,21
39,81,25,43,93,83,25,55,97,91,11,8,98,8,84,79,82,9,69,27,42,88,27,21,54,15,26
59,83,80,14,40,98,18,44,53,37,92,92,19,2,91,3,7,94,84,88,89,26,56,45,53,44,72
40,79,90,72,9,56,16,69,63,9,64,97,41,49,19,30,52,58,31,6,60,49,4,35,17,74,47
39,12,77,41,86,96,92,35,45,1,17,70,38,62,21,95,55,48,14,44,88,27,100,67,55,87,6
16,59,82,67,14,70,35,67,39,98,67,31,33,54,58,33,54,48,5,99,24,33,91,9,6,99,83
76,14,52,31,87,7,53,10,69,60,37,23,15,4,12,11,79,23,59,18,18,68,22,47,0,88,76
91,73,98,97,20,18,73,15,97,72,57,33,34,37,24,44,26,86,39,15,52,52,55,12,39,89,53
8,11,11,67,88,1,11,92,48,86,2,34,91,88,14,29,45,79,69,41,42,38,73,14,69,78,100
92,11,92,1,82,60,74,88,54,14,46,6,34,43,32,22,93,96,67,87,64,76,75,5,40,51,60
95,7,31,89,83,72,66,79,34,97,25,49,11,83,24,92,81,91,75,100,80,83,99,40,95,27,3
35,25,94,25,41,77,33,10,64,39,51,5,74,46,40,43,68,17,47,97,46,98,74,7,28,12,45
83,34,76,52,42,9,16,34,39,48,75,20,66,98,92,52,5,41,35,85,39,79,60,33,73,94,30
52,60,53,12,67,11,68,12,31,98,32,1,43,11,32,21,73,85,70,96,90,16,59,80,32,91,16
35,35,3,91,60,96,57,59,7,23,57,33,15,42,91,12,22,84,39,85,57,26,5,32,66,59,97
13,49,69,54,29,7,36,72,97,77,9,50,87,6,8,23,72,6,37,0,7,88,63,79,40,88,72
17,66,38,18,65,9,38,43,72,20,95,29,36,90,9,27,28,58,100,53,45,48,10,45,23,60,6
25,68,45,69,40,55,83,65,23,1,47,70,96,38,76,38,4,74,56,91,82,35,91,33,82,21,7
16,24,18,27,91,87,8,91,53,93,70,91,68,70,75,75,18,94,11,10,45,82,69,58,10,91,12
64,49,82,37,60,49,5,27,11,55,10,91,73,63,22,21,61,48,3,20,78,84,33,78,29,4,74
6,63,42,34,82,85,65,68,66,4,9,29,76,15,90,58,19,55,8,52,86,64,53,45,20,19,98
65,3,51,51,2,39,72,71,78,14,84,3,83,35,12,24,30,83,15,19,84,33,1,22,43,5,44
50,75,30,84,65,48,94,81,2,53,55,87,19,28,5,89,27,34,50,9,27,0,49,91,13,98,14
40,84,25,90,82,91,85,88,92,91,78,94,49,58,61,75,34,23,100,3,47,97,23,93,89,88,73
87,86,64,12,9,35,4,5,24,6,77,10,6,83,19,46,98,79,31,39,73,87,22,19,95,37,9
54,63,1,57,18,15,31,51,82,23,29,93,55,66,22,36,93,81,8,0,35,68,30,100,50,57,73
18,75,10,0,87,18,48,39,65,45,91,40,73,36,41,31,92,81,13,30,83,12,42,99,64,10,18
71,57,54,77,72,86,17,13,12,6,97,22,45,45,48,58,6,88,59,5,45,32,27,16,25,55,41
85,48,63,30,29,90,42,2,13,69,4,17,19,7,12,3,40,91,12,42,57,47,57,12,41,38,3
57,50,24,52,11,73,19,84,4,51,31,72,18,61,1,30,30,18,100,15,93,29,96,57,71,30,31
20,40,5,4,76,3,72,68,59,60,10,37,75,58,67,22,66,85,70,20,34,3,35,30,71,33,96
54,26,59,7,49,58,91,61,85,96,14,55,38,89,37,85,52,25,8,91,80,96,64,54,76,68,83
54,66,25,11,88,82,44,41,37,91,93,6,24,34,38,54,39,24,59,93,1,11,10,3,39,93,4
70,43,88,29,40,53,83,38,72,41,3,70,18,62,19,80,32,89,71,36,86,82,38,60,91,20,53
22,30,66,47,90,67,85,31,30,91,65,85,66,61,54,92,11,15,35,37,80,10,10,50,22,64,5
96,10,74,35,3,78,38,87,38,67,81,2,42,94,63,9,54,8,11,32,52,37,70,91,77,33,76
68,96,16,49,75,9,12,46,87,76,73,81,17,80,45,95,8,94,38,34,12,9,37,90,70,5,92
32,73,5,70,76,88,20,27,17,10,27,48,62,91,70,60,68,31,77,30,69,25,63,5,63,60,72
55,26,70,32,18,94,34,19,36,5,65,99,0,73,92,60,41,88,71,8,72,60,100,88,4,65,26
10,98,59,2,36,95,64,75,62,93,59,72,51,79,92,87,82,83,52,53,69,94,29,26,42,57,50
12,42,10,75,50,97,90,77,57,44,66,45,80,1,71,63,85,99,2,87,37,72,20,13,32,86,37
82,17,86,23,63,13,93,9,88,90,68,84,81,79,11,10,93,100,26,23,54,12,72,42,8,13,94
34,89,60,54,27,68,83,90,52,7,45,90,96,49,55,64,45,83,11,8,7,86,35,69,26,35,51
9,83,72,97,59,61,83,59,97,69,89,40,17,44,43,70,5,61,1,44,7,54,5,51,97,62,91
59,62,80,17,5,44,22,56,23,57,33,48,65,2,69,19,33,27,70,63,53,55,19,63,34,8,75
32,99,49,25,85,56,50,61,100,92,37,75,56,61,34,57,8,40,15,51,51,33,95,9,88,59,11
0,85,84,83,22,8,13,31,100,25,61,58,79,10,25,30,20,86,5,93,81,27,73,96,55,67,22
39,50,90,43,62,98,34,70,34,30,98,20,54,100,59,26,71,93,98,16,87,20,15,99,56,81,60
42,51,90,13,48,49,46,99,48,16,59,50,91,72,3,30,42,36,39,98,0,55,81,9,25,68,35
32,85,3,68,84,28,13,31,22,47,30,58,71,49,36,74,77,47,70,24,54,37,44,68,47,12,64
9,23,80,98,69,44,82,75,5,69,20,82,29,47,92,36,14,50,90,23,15,54,96,90,38,58,92
91,16,77,57,18,47,28,23,48,70,21,30,38,19,87,80,39,85,38,54,28,75,29,90,74,37,20
62,46,47,12,41,6,6,79,28,50,84,37,65,72,19,63,94,76,53,1,22,29,22,11,46,83,3
78,31,34,37,30,41,58,55,33,67,69,23,34,79,93,85,21,45,46,0,21,21,77,57,52,100,9
2,94,11,22,29,37,37,49,8,41,41,59,3,69,90,29,35,57,8,3,88,10,98,42,1,27,26
20,12,55,41,20,5,85,53,92,58,26,93,72,93,27,55,54,13,38,15,77,89,72,9,72,29,7
2,85,67,83,15,54,51,20,19,21,64,70,95,99,33,82,24,46,5,58,75,4,7,5,11,68,99
9,27,9,31,83,69,65,84,43,5,98,6,22,13,32,21,33,79,73,71,87,0,61,72,1,71,35
56,59,27,99,37,10,5,93,83,97,14,26,43,38,40,49,56,10,47,96,72,98,3,42,97,34,30
66,88,55,60,3,63,46,84,62,49,17,93,93,94,20,12,86,53,15,51,58,99,66,79,69,46,50
23,29,87,44,11,64,86,58,8,65,0,79,29,68,91,30,100,20,76,99,4,52,69,65,64,95,45
47,32,30,25,88,91,32,3,46,45,26,66,42,51,2,66,74,49,54,71,42,8,80,64,6,63,77
60,65,79,41,37,93,81,56,12,87,82,60,53,92,54,31,76,49,86,21,86,53,84,39,2,96,18
8,43,58,43,20,8,18,28,33,23,55,17,67,5,46,83,93,91,74,24,40,75,20,5,24,80,14
73,93,32,85,14,8,50,85,30,77,4,9,8,4,97,27,48,22,48,41,69,41,51,99,53,33,6
89,1,54,25,76,7,21,40,44,47,21,52,4,74,50,52,73,80,16,88,60,18,24,33,38,43,64
77,30,86,22,99,12,68,43,49,53,55,57,98,39,33,53,41,32,71,58,20,85,75,67,98,51,62
87,55,40,35,82,45,87,57,14,51,67,10,71,84,93,22,83,96,75,84,16,74,4,96,34,34,0
98,62,1,49,26,64,40,86,85,97,97,77,52,56,71,54,99,78,68,77,57,85,12,97,72,24,97
42,38,99,0,30,37,34,15,31,92,69,66,40,16,9,58,85,49,22,93,57,31,16,49,98,24,3
82,61,17,51,37,37,99,91,0,46,88,63,25,57,89,65,82,92,60,2,12,61,43,27,13,39,18
42,81,89,75,27,37,95,47,2,62,100,70,19,45,21,37,13,4,19,2,37,97,0,74,49,52,64
80,3,85,92,80,30,5,72,95,24,16,68,33,76,99,22,6,7,88,66,90,12,58,21,87,17,2
54,36,50,49,24,47,36,5,26,65,81,30,25,16,81,57,58,62,14,52,40,35,43,75,54,41,54
99,44,77,22,89,94,39,92,93,12,54,58,53,69,79,5,47,3,75,17,20,61,77,34,79,11,79
26,85,52,40,20,86,94,62,58,68,4,51,51,56,94,0,8,85,52,23,58,85,12,63,63,13,52
72,8,70,76,55,88,4,71,48,87,27,38,49,87,36,26,69,0,37,60,42,40,41,7,78,24,44
68,46,45,90,53,55,77,13,43,7,81,92,56,53,9,16,32,3,54,41,16,93,34,50,69,91,17
65,82,34,76,58,84,84,10,99,97,22,66,5,39,98,9,27,33,57,4,76,90,10,38,16,98,0
22,62,45,83,17,12,49,88,94,62,95,32,68,40,29,59,64,68,100,41,96,20,31,65,33,92,55
62,88,6,29,62,79,76,18,11,12,99,78,35,65,9,23,58,65,76,87,38,15,93,18,60,90,59
93,98,7,59,99,58,38,25,25,66,81,81,7,80,1,24,10,30,5,100,15,33,75,47,72,73,10
12,78,68,55,0,34,76,68,99,6,69,87,32,79,88,73,73,36,53,22,36,73,64,7,26,5,90
48,88,21,92,28,36,30,94,100,88,45,99,63,37,81,80,72,14,79,62,24,54,69,83,33,24,69
63,13,93,84,52,58,64,33,90,0,30,23,30,46,97,38,53,32,1,21,46,37,81,18,68,83,18
85,84,62,75,98,12,47,100,44,72,48,13,54,21,64,67,28,84,53,69,79,46,100,83,84,12,56
60,43,12,78,60,80,39,30,70,10,23,20,74,94,78,55,99,8,5,85,37,5,75,50,16,43,54
94,62,52,61,98,19,69,9,48,100,69,45,15,11,52,65,86,95,95,66,42,49,17,96,50,69,67
28,15,89,5,92,42,77,76,89,70,1,74,45,46,58,51,91,100,14,34,50,14,37,80,58,59,79
91,11,51,15,69,70,17,22,42,39,71,37,31,42,45,76,100,62,11,28,65,16,22,87,49,9,93
11,78,3,27,32,61,70,23,15,64,43,49,71,17,37,91,78,76,26,39,74,91,30,96,45,45,84
7,77,62,48,31,7,89,92,80,68,58,99,83,61,33,21,24,90,49,10,18,36,24,50,94,52,100
31,52,61,44,96,91,15,98,38,13,51,14,95,13,100,47,81,88,85,17,79,20,95,44,2,41,61
84,84,17,70,53,81,4,82,11,36,22,65,42,59,12,53,52,33,30,87,33,30,13,9,36,56,61
34,40,8,3,35,51,17,45,58,85,87,38,78,82,32,92,38,94,84,62,47,36,99,34,35,60,10
52,17,62,95,45,22,62,100,16,3,66,3,5,50,1,67,9,1,63,53,19,93,73,48,51,16,49
70,97,31,41,70,36,7,21,72,7,12,92,41,35,94,96,86,16,55,80,4,81,11,31,94,71,43
1,29,69,63,44,79,88,3,70,43,4,42,18,58,41,16,28,47,14,19,41,74,47,33,38,8,66
1,4,73,17,99,42,68,72,82,45,48,42,49,20,81,92,79,95,99,63,66,38,22,14,61,74,88
55,67,26,6,10,40,52,83,0,32,38,62,79,68,14,36,87,91,13,45,95,60,29,59,64,32,24
21,39,22,81,34,49,8,21,14,54,62,23,17,53,7,96,87,6,54,38,99,23,19,47,29,93,72
64,44,13,11,14,91,76,63,100,41,62,39,34,18,15,57,31,16,58,20,26,43,60,28,33,86,79
79,49,77,21,90,36,90,18,26,19,39,60,100,29,39,49,69,88,95,23,77,68,75,44,24,12,95
69,59,57,76,54,42,17,76,66,62,87,2,37,51,21,36,24,45,7,19,45,47,59,69,80,56,37
48,20,36,80,87,23,82,16,66,47,82,30,20,90,64,24,82,0,65,38,19,84,92,69,82,8,54
75,91,4,49,32,75,44,62,73,36,28,0,99,35,84,46,52,41,95,92,83,60,69,12,30,15,85
13,64,1,91,48,65,60,55,91,19,63,59,46,12,94,38,11,99,67,58,40,51,64,70,20,17,43
91,58,41,25,33,69,72,42,47,16,0,37,82,3,24,42,23,61,57,77,3,13,90,97,84,12,31
46,25,45,76,37,3,62,90,1,51,6,22,82,14,1,32,63,64,10,62,55,90,22,74,63,36,2
44,70,91,63,18,11,36,58,61,30,62,66,63,93,39,17,51,90,91,1,84,1,95,45,50,2,4
4,25,0,22,63,6,63,33,57,99,75,79,5,20,94,33,81,62,29,83,41,46,9,46,71,41,73
21,66,4,72,1,91,86,56,18,72,13,96,63,40,18,33,22,99,30,22,43,24,23,83,2,67,79
45,55,77,19,87,49,65,10,73,7,76,29,46,42,43,76,93,18,2,82,28,80,93,33,76,12,65
60,94,19,13,97,78,72,27,72,73,49,49,12,67,66,12,47,26,38,64,39,31,13,73,13,0,46
71,7,94,27,48,83,59,44,86,69,25,0,35,84,20,3,85,64,55,26,5,69,5,46,93,24,19
62,28,95,89,1,37,47,73,42,95,20,14,63,77,5,23,76,6,55,12,40,55,83,55,17,80,50
62,83,3,41,63,80,33,42,28,7,85,83,19,83,21,68,12,0,91,72,21,90,0,90,74,53,22
61,89,81,85,58,69,92,34,39,9,27,79,81,88,72,96,41,52,68,32,33,32,12,100,26,24,79
60,11,31,60,60,9,18,91,66,21,56,20,42,24,48,4,39,76,2,54,88,66,77,89,59,29,77
49,46,43,94,49,72,5,0,44,55,28,44,59,74,81,62,32,97,38,74,87,37,80,67,74,22,53
16,20,68,46,25,47,87,17,48,82,53,4,13,12,37,16,57,75,25,64,81,75,83,35,33,70,36
86,72,100,11,52,66,6,17,45,57,26,88,80,64,95,41,9,71,50,77,39,6,79,69,67,17,0
76,69,67,0,27,0,10,25,57,66,91,25,80,80,1,32,95,9,52,30,32,58,17,55,39,65,62
67,69,68,57,56,23,8,49,54,90,58,18,51,46,26,91,18,85,18,24,45,66,45,35,75,48,94
81,41,10,72,39,30,84,64,6,81,11,95,84,4,24,45,89,82,8,29,5,45,27,6,99,74,82
37,34,53,52,45,19,43,62,98,2,70,39,75,26,80,91,8,38,12,76,29,71,37,56,98,26,42
53,23,24,91,88,89,12,77,42,24,33,66,50,20,81,43,64,5,76,32,43,32,61,63,72,28,69
6,48,15,90,76,24,42,53,47,16,12,65,88,96,79,87,28,37,98,52,19,84,1,71,75,2,50
44,47,62,83,17,32,84,48,59,7,71,25,34,78,50,68,82,13,68,39,2,17,52,22,100,9,2
72,48,15,19,28,86,3,12,91,16,42,97,63,30,45,76,46,97,37,70,51,42,94,85,99,57,35
1,13,29,72,19,49,99,16,28,75,15,58,3,31,88,94,47,78,70,69,2,33,64,94,37,62,51
61,48,62,14,63,36,98,60,78,73,17,3,45,87,83,45,31,16,98,97,6,29,4,71,65,1,15
34,71,60,50,74,20,96,1,30,98,74,45,88,51,20,92,48,91,3,80,15,62,37,21,88,19,5
12,35,39,96,54,90,42,1,19,17,71,13,46,1,39,70,34,93,42,38,13,31,0,16,45,13,1
36,70,20,38,65,48,48,15,11,4,88,82,97,0,31,73,55,77,79,18,85,75,70,47,50,20,73
89,21,26,92,31,43,3,27,52,38,11,61,55,69,69,19,11,86,42,71,23,8,63,80,24,2,25
43,4,78,80,21,86,28,54,5,24,83,22,10,62,91,10,98,43,12,18,22,27,38,88,75,91,8
32,63,15,57,95,21,4,71,10,11,38,25,5,4,97,21,59,7,82,75,15,66,85,89,15,95,53
30,61,67,62,4,5,18,57,15,27,96,35,62,4,65,28,43,24,8,57,89,90,88,100,60,76,16
12,16,59,46,24,80,38,42,7,99,30,61,56,8,31,56,1,66,10,95,65,4,55,91,45,100,9
7,19,73,8,20,95,56,38,91,17,64,77,30,3,13,23,67,1,13,13,57,85,60,7,32,33,38
7,93,49,2,21,6,37,98,18,34,62,36,24,1,23,89,66,98,50,99,36,38,67,88,14,14,41
22,91,67,64,77,27,2,65,70,66,14,13,31,95,33,43,61,63,72,47,16,69,69,60,0,49,11
77,38,16,67,52,46,32,30,80,34,52,22,30,84,87,77,33,27,61,98,17,11,25,90,52,66,50
72,71,79,35,99,48,47,30,44,8,89,97,79,49,21,87,60,31,62,32,55,89,1,9,14,43,29
26,94,21,29,61,7,21,56,45,31,6,24,5,33,19,17,27,58,76,35,91,7,75,58,74,46,12
48,66,75,94,60,38,70,92,65,66,26,81,36,63,9,38,55,77,44,57,91,28,47,12,25,26,99
95,87,91,49,68,72,85,28,15,81,71,83,1,63,72,96,91,61,30,63,30,10,14,81,39,76,57
96,83,41,74,44,71,18,67,57,90,20,39,74,23,22,95,85,12,33,15,60,14,20,10,15,79,27
97,85,0,29,0,63,61,73,15,72,57,98,34,71,66,69,82,20,86,84,43,14,66,71,86,10,14
73,28,75,32,19,21,57,19,61,39,66,42,13,81,33,12,39,32,32,25,34,83,21,3,18,94,55
49,44,27,77,45,80,21,49,82,63,7,31,21,65,11,50,87,2,84,55,40,32,71,30,74,57,76
53,32,81,6,37,20,21,32,11,33,60,7,63,48,72,12,22,97,7,57,0,57,40,43,28,14,3
22,73,65,83,81,71,73,49,6,17,29,97,89,26,74,31,96,13,92,62,35,44,15,41,52,71,73
3,74,34,32,37,40,4,81,37,23,81,89,36,74,8,9,86,37,72,86,20,23,33,99,13,35,62
40,79,77,11,70,0,59,30,80,48,49,40,34,58,15,28,32,28,63,53,79,81,3,18,25,89,81
18,40,93,82,44,56,34,75,0,25,55,73,6,89,72,38,4,95,51,5,17,1,79,89,18,53,71
32,0,14,91,95,63,44,95,6,69,99,43,86,59,41,32,21,4,47,34,1,95,78,74,86,23,31
34,10,51,67,18,46,12,78,93,42,93,30,73,99,83,64,89,41,72,8,58,40,11,56,48,53,56
75,44,31,20,10,70,90,37,32,2,19,55,10,25,40,18,4,10,62,57,87,19,5,42,23,24,53
35,86,1,91,17,76,32,77,95,100,73,75,83,57,92,71,75,73,52,5,42,1,47,90,15,26,6
93,3,100,19,52,13,0,85,7,40,78,27,74,25,89,55,49,70,33,33,77,46,36,31,88,79,16
22,41,69,27,23,19,75,89,88,27,59,27,70,32,15,100,58,43,83,88,59,65,87,19,29,57,29
64,21,50,75,25,2,91,73,100,45,71,33,0,14,21,65,76,96,96,41,88,28,83,18,52,1,72
0,71,90,15,26,60,82,94,63,54,51,52,95,19,93,37,38,0,27,56,47,98,61,21,24,58,63
32,33,97,13,91,52,76,86,10,90,17,1,2,27,93,73,23,7,42,88,54,23,51,1,3,34,14
75,16,100,81,81,3,18,88,65,95,88,59,96,36,32,21,34,34,83,77,89,24,70,12,61,2,74
29,65,11,73,44,24,95,53,35,6,87,3,57,9,42,49,96,100,2,93,13,5,65,61,16,98,28
83,59,56,91,4,68,53,5,55,24,5,8,61,15,26,82,5,43,99,5,22,88,99,81,89,37,45
92,62,40,71,99,49,36,50,23,52,95,76,16,45,77,67,34,31,92,75,44,32,1,0,44,3,59
16,53,96,78,77,10,61,31,68,70,90,59,97,77,28,68,99,97,3,28,99,16,85,70,32,3,36
74,6,13,13,62,27,62,20,87,100,64,53,12,42,20,59,22,12,14,3,27,36,49,64,47,38,0
97,16,59,39,89,58,98,5,81,99,30,56,83,19,40,100,60,86,20,26,46,44,84,93,30,61,61
27,66,100,63,17,89,79,24,49,27,92,12,20,12,47,47,34,20,96,1,48,80,51,32,95,66,14
50,27,15,31,83,6,76,83,97,23,32,100,75,47,94,21,30,93,96,93,50,77,53,64,85,38,30
54,30,41,8,47,76,56,2,100,34,69,52,9,76,2,56,66,58,10,67,29,90,18,62,10,96,6
56,98,100,16,11,74,94,31,68,45,63,83,77,53,31,49,83,48,53,18,19,85,87,31,50,34,33
86,17,93,53,94,79,11,83,19,74,57,99,16,2,90,44,81,18,67,72,81,84,39,57,58,85,95
23,21,20,61,55,36,16,18,31,4,72,77,58,83,92,56,33,54,30,100,32,50,84,37,23,78,67
26,68,33,48,82,92,52,26,34,36,18,72,61,64,23,31,32,75,39,2,77,29,68,21,52,11,34
50,4,94,57,52,6,40,82,25,97,21,13,25,20,50,3,23,59,5,82,72,59,96,61,55,61,80
10,7,35,25,86,41,14,97,94,14,35,68,94,78,4,57,78,20,99,37,32,27,10,14,74,46,87
97,94,60,39,99,93,73,70,42,36,1,6,97,38,70,6,19,68,64,7,83,6,82,33,3,0,64
16,64,95,57,97,16,75,11,55,36,90,59,65,87,61,12,33,70,1,52,35,8,36,25,71,1,43
37,61,82,10,26,91,48,79,5,94,40,12,70,37,43,97,60,59,76,2,20,91,8,36,22,9,27
68,90,88,71,33,69,25,72,12,13,50,10,80,27,4,74,10,31,11,50,38,85,22,69,69,38,59
34,71,58,78,8,56,76,35,3,82,58,4,18,77,51,12,15,31,44,70,63,64,80,98,86,74,35
31,58,57,43,1,74,78,93,61,13,9,5,57,37,48,83,93,72,65,54,59,30,20,49,20,28,2
47,0,45,27,76,82,34,20,21,81,72,21,29,67,35,61,55,10,25,75,87,95,26,85,36,48,71
58,48,6,40,5,71,73,51,83,96,48,37,36,23,60,35,46,55,54,79,34,49,88,84,63,66,13
97,52,15,83,15,28,36,31,93,83,81,92,5,21,34,91,91,67,88,5,90,51,16,57,44,37,22
21,29,90,43,45,40,15,52,97,0,99,52,13,9,22,40,98,55,48,4,40,61,67,61,34,25,59
18,26,35,16,100,90,25,27,35,95,67,35,31,54,78,75,65,49,6,91,52,76,8,26,0,45,98
45,63,72,98,61,2,33,35,14,61,0,46,36,20,57,36,24,30,47,26,55,82,92,87,72,31,75
6,37,81,0,8,31,25,74,57,84,67,63,49,65,3,37,11,36,15,66,84,76,66,18,39,74,64
38,14,76,25,89,11,25,4,93,19,58,33,29,52,76,6,30,8,37,43,68,17,27,85,16,33,64
57,13,20,39,26,31,71,45,30,72,10,45,74,15,21,38,60,75,57,16,10,36,28,9,69,61,2
89,67,32,94,94,60,29,79,58,15,33,58,95,81,93,13,25,40,35,26,7,73,15,77,69,67,52
32,51,17,87,74,93,50,27,18,50,57,45,11,12,83,11,98,16,9,90,84,56,84,57,98,56,29
42,4,86,98,51,49,37,6,90,94,19,20,9,92,66,64,82,9,45,1,84,89,83,40,82,72,84
24,86,61,43,70,0,85,1,36,41,54,88,38,26,49,38,2,63,25,6,26,72,29,46,18,87,51
0,25,50,31,34,15,100,48,84,83,25,57,33,47,2,53,92,36,44,80,56,0,49,4,37,91,34
85,74,96,0,20,70,70,43,44,61,1,86,80,24,58,41,59,99,28,23,58,69,28,25,54,68,87
2,36,53,73,89,73,72,44,95,48,6,75,76,42,100,80,40,86,66,96,0,28,66,21,68,9,35
81,92,38,74,1,48,95,27,44,46,69,82,10,11,98,41,58,85,11,21,86,66,20,92,8,15,20
94,1,77,37,61,57,41,96,44,34,26,92,80,64,72,89,33,96,93,55,79,67,83,2,5,35,0
66,81,30,47,9,28,10,20,86,81,83,16,87,97,30,74,27,4,43,39,19,21,93,64,22,92,64
28,91,38,73,32,73,83,4,57,81,11,69,18,6,24,44,40,56,44,8,60,19,86,92,60,12,52
18,44,77,97,14,68,99,86,72,89,32,36,63,98,27,92,86,76,61,42,8,25,16,89,28,18,69
39,42,40,89,54,64,13,54,96,23,31,9,36,4,17,61,16,18,1,33,54,22,95,67,2,24,31
7,47,41,16,66,66,18,95,19,49,9,55,60,42,36,4,8,78,52,32,9,39,88,64,84,61,12
68,92,68,41,18,16,79,58,48,9,57,38,1,28,46,12,25,54,98,15,23,73,90,10,80,79,98
35,26,61,2,34,84,92,34,67,17,32,77,80,93,91,3,95,81,38,48,70,7,16,76,2,67,81
52,20,20,15,66,75,5,92,25,52,85,86,89,65,44,30,53,67,36,64,39,72,2,12,26,82,12
1,49,35,48,34,57,11,1,80,94,75,83,14,18,44,27,49,87,81,13,13,59,68,76,44,20,0
94,24,50,7,97,74,43,40,24,21,20,30,78,93,10,34,60,73,16,4,9,81,15,1,47,32,8
23,78,39,32,40,26,36,12,90,45,73,70,58,31,49,15,32,91,45,100,10,3,82,89,13,41,100
74,57,2,21,66,65,45,24,10,45,71,82,39,68,75,83,24,18,4,27,97,4,10,70,11,25,13
94,33,43,78,51,92,27,11,63,85,54,89,55,35,11,23,42,38,21,60,56,8,96,24,14,40,62
15,21,7,37,65,63,81,48,72,27,3,20,74,89,87,14,28,30,18,16,86,35,71,25,15,47,10
77,64,24,37,99,91,36,100,86,68,96,98,25,37,28,97,2,77,68,60,18,19,36,28,58,5,75
53,46,8,15,73,75,12,79,93,39,82,20,15,51,100,69,33,28,12,7,20,90,28,77,17,79,41
65,62,46,88,66,44,53,30,98,24,4,36,59,42,7,62,20,83,38,100,67,80,1,63,67,31,35
43,63,55,2,88,12,11,73,4,27,25,46,13,0,5,19,36,78,61,88,100,16,95,94,56,44,29
68,45,10,99,62,34,47,53,0,59,64,30,34,47,97,4,68,50,2,6,63,88,33,40,20,66,19
84,90,6,94,83,20,2,74,9,1,19,31,78,42,33,51,16,31,6,79,96,29,13,83,23,65,89
7,12,77,94,94,36,35,6,84,7,59,12,17,35,96,67,17,65,9,91,31,65,59,67,97,91,83
13,39,46,43,43,15,24,9,37,69,35,71,0,80,64,56,18,4,93,74,34,2,0,15,71,16,94
70,92,18,26,96,31,84,64,25,55,5,94,95,98,33,53,53,84,18,78,17,42,86,43,57,47,48
9,52,62,15,83,12,94,10,88,95,57,27,10,56,53,74,23,79,85,16,36,53,89,12,47,20,19
35,8,1,51,85,20,62,42,80,88,26,45,49,0,45,78,32,14,43,79,4,75,51,53,18,62,30
23,47,84,100,56,76,13,26,24,60,59,21,2,3,32,61,35,41,65,97,1,80,16,12,2,53,32
87,58,40,94,38,79,56,43,72,10,39,27,15,79,71,88,49,13,57,17,27,73,78,97,57,60,5
6,81,49,26,75,20,31,72,63,46,28,49,81,34,66,80,30,55,41,69,37,64,3,3,98,66,55
6,26,98,61,49,23,9,53,83,63,96,45,48,49,35,69,23,75,53,63,35,12,65,17,52,43,14
55,78,4,39,51,92,47,25,52,99,69,34,56,15,5,37,91,31,28,80,99,99,90,89,59,19,10
80,50,13,99,52,74,50,44,77,79,89,7,46,3,84,92,16,99,30,9,96,43,100,97,98,67,96
31,37,2,81,58,8,40,29,3,93,13,70,26,77,48,55,57,23,17,88,47,99,7,27,90,32,44
28,69,43,7,68,89,6,39,86,18,59,48,87,14,33,13,5,88,87,24,53,53,30,10,60,70,57
50,51,31,59,84,40,15,40,6,42,21,39,73,21,71,19,30,23,65,45,68,25,36,9,95,2,61
76,98,72,45,88,15,31,41,26,13,51,43,15,44,92,25,20,23,57,18,5,85,51,32,21,63,48
88,1,89,60,68,29,5,1,1,80,40,85,49,94,88,36,34,0,59,100,60,4,44,58,3,38,36
56,36,41,92,68,61,92,52,14,37,7,92,50,64,54,43,25,60,1,67,33,7,16,66,76,68,77
46,31,99,82,6,95,15,97,4,48,1,87,36,81,76,85,78,60,65,45,100,93,74,10,66,51,32
14,70,33,37,64,65,2,32,94,95,79,0,27,12,2,4,69,52,57,39,32,67,25,100,13,12,18
0,77,98,9,76,45,20,7,65,16,87,71,95,75,58,58,31,93,65,34,50,43,28,35,63,10,55
4,79,11,1,29,29,24,4,5,25,7,96,96,72,85,82,32,97,25,27,49,53,35,70,35,93,2
2,50,46,50,44,24,51,53,28,77,68,66,7,23,19,57,89,91,63,0,79,99,4,33,63,39,45
45,63,51,42,16,94,5,24,30,53,62,98,60,62,10,60,18,63,0,11,61,86,88,45,45,37,39
76,81,25,42,61,64,6,31,50,62,63,41,22,27,78,52,50,29,66,67,12,79,67,9,25,57,46
0,63,35,7,73,23,1,90,90,62,29,21,89,83,85,78,84,32,40,81,8,38,56,67,12,95,12
81,11,97,64,60,87,83,44,46,43,50,59,71,41,10,99,59,1,25,86,43,64,3,64,70,88,63
82,60,58,89,23,98,40,9,63,83,55,81,62,0,8,7,98,50,75,23,8,42,38,82,72,71,23
45,2,77,5,39,25,98,61,86,10,98,28,15,74,73,52,19,72,39,58,79,61,63,57,5,31,26
67,47,4,35,30,26,30,53,74,30,35,26,33,17,52,36,82,92,49,78,43,90,48,27,31,24,6
64,3,80,81,83,22,20,23,77,63,79,45,44,9,81,97,76,85,30,49,54,6,17,92,33,34,54
52,58,35,37,29,94,13,33,62,45,30,37,66,50,43,76,43,77,74,17,48,43,57,100,95,69,37
22,74,49,86,97,6,13,60,45,40,46,28,41,58,14,43,30,25,94,71,92,89,66,84,97,18,37
32,66,34,89,19,18,2,45,63,60,43,31,43,18,98,20,74,60,20,30,50,66,81,1,42,49,10
86,22,93,34,21,32,12,46,96,17,9,55,0,14,12,25,41,20,49,2,68,40,36,41,44,59,79
1,72,2,40,59,59,24,15,78,97,24,18,86,14,21,9,68,22,0,83,10,24,22,13,10,35,89
37,90,31,16,45,82,9,14,80,93,86,63,44,1,2,24,38,59,58,68,51,88,65,33,45,98,14
16,78,53,33,75,83,65,91,61,71,32,32,57,41,18,49,65,98,68,1,70,33,66,9,0,46,18
36,61,82,6,5,17,88,86,32,7,33,96,35,31,93,49,86,67,80,17,4,46,70,35,98,73,4
44,26,3,57,84,86,48,53,29,68,0,5,21,80,85,90,63,87,6,7,81,14,91,48,30,22,68
56,83,0,23,18,79,5,91,86,52,96,84,83,78,3,21,18,24,22,99,95,14,84,36,75,93,27
66,87,11,12,79,87,50,90,20,27,6,16,8,42,22,41,69,17,28,28,68,43,100,0,69,79,8
71,20,48,84,93,99,41,9,88,36,46,42,3,66,39,56,87,0,47,81,50,51,90,24,81,92,52
61,16,80,4,89,63,32,17,68,22,93,56,16,84,77,88,58,71,11,28,99,5,82,14,91,88,92
93,60,58,0,19,77,82,83,5,16,32,68,53,58,64,59,24,7,36,70,57,55,50,14,67,65,13
70,1,39,45,44,7,66,97,18,9,14,34,88,77,37,3,56,94,76,51,47,100,24,34,84,86,74
66,92,36,8,49,64,96,39,63,15,56,59,70,11,16,65,2,95,18,60,32,20,27,6,5,99,59
88,29,20,35,58,57,25,59,97,44,20,15,58,81,87,11,77,91,3,38,14,90,30,34,78,81,10
44,7,41,66,90,12,28,100,52,15,77,99,11,68,28,44,64,85,78,38,84,44,99,11,93,58,66
39,7,75,89,92,35,24,6,29,8,95,98,53,66,6,93,46,6,2,52,6,92,48,79,35,82,82
42,37,29,82,78,56,26,98,11,33,7,7,6,68,98,15,66,8,15,23,16,56,68,68,69,92,5
93,14,96,39,27,95,3,18,50,74,93,4,46,20,17,54,65,20,46,68,63,50,62,76,52,62,37
68,95,61,4,29,8,18,32,57,89,4,40,64,33,14,5,94,43,15,14,58,62,19,15,73,39,59
73,30,81,27,77,32,51,38,28,17,10,30,46,49,19,60,22,34,87,27,55,21,87,91,88,17,28
85,72,10,44,8,0,65,27,5,38,98,41,40,7,35,58,20,60,42,87,35,1,9,99,74,20,53
79,55,5,30,14,24,96,35,88,42,77,1,59,73,42,82,56,41,11,30,62,88,67,39,41,45,74
53,64,82,66,57,0,80,68,63,71,77,27,61,80,81,93,48,68,98,32,3,71,58,37,14,50,36
29,93,92,91,8,73,90,27,76,32,31,43,86,92,53,41,74,48,68,43,96,51,37,2,85,29,85
94,32,10,20,54,60,62,11,41,26,22,23,56,77,7,74,76,33,33,93,46,44,55,1,22,75,100
88,69,20,44,36,94,88,84,7,30,54,71,97,75,65,74,53,32,26,63,12,0,29,64,64,91,72
78,98,78,97,47,94,88,21,40,59,49,28,79,86,23,65,82,10,12,68,92,91,49,8,57,73,43
81,8,60,99,6,12,60,49,7,80,47,54,98,21,8,84,63,71,23,1,80,1,7,63,78,25,49
22,51,20,60,80,24,59,16,43,74,83,92,93,25,65,59,83,94,42,90,79,75,24,49,35,5,37
34,83,91,54,32,34,82,49,83,66,30,92,32,55,41,88,91,25,26,47,52,20,95,40,76,97,36
39,57,62,78,85,46,9,96,95,71,55,33,28,83,77,7,0,0,23,62,55,80,10,79,57,38,64
11,45,22,99,5,4,52,91,57,12,85,40,64,11,82,60,21,35,51,34,21,52,51,84,71,40,48
17,25,77,92,70,58,90,18,27,37,29,76,68,70,100,10,24,36,96,86,82,9,72,85,30,68,15
83,29,16,97,4,87,65,67,35,99,83,61,87,23,86,77,35,68,72,19,35,21,88,83,40,19,88
18,89,28,43,7,51,33,96,39,13,39,10,66,63,59,39,36,62,16,93,25,95,28,55,19,17,77
76,78,67,80,20,68,7,29,10,51,96,9,4,61,38,67,42,57,12,17,21,30,7,84,50,74,4
75,78,52,67,77,79,92,45,97,70,10,41,100,26,36,75,64,99,89,94,22,71,58,0,38,11,26
15,56,21,51,20,89,42,74,6,96,86,46,46,35,2,40,11,10,55,68,20,91,19,71,25,29,85
18,45,63,88,76,16,49,38,1,13,75,8,52,3,66,47,69,53,53,69,55,94,88,24,17,52,53
50,92,56,69,34,76,87,30,24,74,33,31,34,81,1,92,88,48,36,27,20,50,16,96,79,45,5
81,69,81,54,2,49,56,8,48,18,28,37,39,69,89,73,83,97,47,86,28,47,52,50,69,7,80
54,21,65,57,16,60,69,50,13,5,91,61,16,82,50,8,74,63,86,13,44,0,68,48,83,92,37
59,83,98,49,61,99,47,88,40,13,60,67,84,30,57,91,25,36,31,63,37,60,40,2,3,30,37
55,48,81,33,10,7,28,17,67,39,39,53,26,64,85,34,33,55,60,96,18,13,11,20,48,73,52
86,84,98,66,62,70,87,25,50,92,66,20,33,38,8,34,65,62,24,90,23,4,88,78,66,38,76
44,20,89,67,99,5,92,52,16,7,76,32,42,56,8,37,2,19,0,89,28,1,58,91,46,30,54
49,0,81,49,54,39,9,50,47,49,5,72,65,7,34,89,73,35,29,96,13,38,35,62,42,4,94
31,75,59,92,19,47,59,89,66,30,88,4,50,26,14,54,41,94,85,49,93,80,69,54,98,22,75
86,33,33,35,99,1,17,74,14,17,8,40,49,62,73,22,98,15,44,68,2,79,30,66,42,66,67
26,44,76,88,4,93,95,57,57,82,91,11,43,55,51,87,74,73,74,52,60,100,93,13,20,18,24
76,90,8,15,27,6,17,71,38,78,61,19,69,12,89,39,7,86,62,85,14,84,57,77,98,22,10
28,35,24,24,65,61,69,84,73,16,6,4,10,15,35,76,1,99,62,4,3,81,83,16,2,10,39
19,20,87,22,12,13,78,49,33,12,100,28,56,51,76,100,52,73,19,46,9,62,22,94,73,72,22
78,77,72,72,24,50,52,58,71,59,30,74,95,22,82,41,75,10,7,23,16,79,70,3,62,52,80
31,26,76,0,76,51,89,75,34,70,22,81,92,98,87,21,68,84,49,71,49,26,42,96,23,6,20
0,13,59,8,84,15,21,28,0,22,18,3,28,66,17,8,27,37,29,97,100,62,67,68,76,61,7
95,30,58,8,90,0,48,6,95,59,72,50,38,51,98,50,98,7,70,34,7,55,97,70,99,52,0
44,52,84,72,98,19,87,90,31,54,92,41,81,74,61,41,44,0,89,39,41,29,46,76,4,8,17
71,62,42,44,13,60,42,55,85,79,5,80,86,12,42,52,14,12,29,75,80,5,52,57,12,19,66
58,61,37,78,74,31,3,58,26,32,87,88,59,35,50,3,17,30,30,9,50,40,59,75,52,53,64
35,17,87,57,23,98,35,63,33,44,2,63,98,9,46,8,72,53,32,4,89,17,88,91,47,47,23
16,88,6,57,55,16,14,91,73,47,2,32,91,69,49,49,77,18,95,35,9,71,64,55,35,88,20
26,6,40,53,13,54,63,30,80,97,90,98,21,62,0,98,74,93,46,75,26,22,94,20,77,71,38
88,55,52,19,41,52,44,36,44,94,45,75,65,50,8,80,24,3,57,78,41,51,76,91,72,58,15
79,84,69,49,80,76,37,69,11,66,57,5,74,77,87,38,91,62,41,76,48,31,45,77,66,9,5
52,9,98,91,73,32,59,28,50,19,6,94,46,63,90,65,22,84,68,11,41,66,64,78,36,68,9
42,68,81,29,21,33,50,81,82,75,69,64,0,24,44,21,16,65,40,11,56,73,32,99,58,97,10
61,86,8,51,33,8,42,8,84,90,52,95,45,16,29,61,40,82,32,28,62,52,33,6,21,87,94
5,44,92,17,28,51,98,84,36,8,47,5,88,20,63,68,30,54,88,92,34,80,55,31,16,99,24
2,35,32,19,18,40,21,76,83,59,73,23,77,24,36,56,60,63,33,55,39,83,77,67,83,57,81
89,40,91,80,68,32,96,99,24,75,62,83,68,80,8,33,31,63,28,26,36,8,64,0,6,99,32
6,24,55,47,25,48,99,58,43,10,73,24,57,68,45,36,97,41,58,6,81,5,38,62,56,58,89
73,66,83,49,53,46,19,67,81,69,32,81,73,37,98,32,27,97,8,60,93,99,100,11,92,13,57
22,54,35,18,52,53,21,77,12,39,36,65,97,28,45,7,35,26,96,35,59,57,41,35,73,1,54
68,8,71,86,22,97,46,54,29,27,95,36,65,85,56,65,59,12,36,25,79,42,11,2,43,69,50
75,5,99,42,27,75,22,61,11,80,27,80,35,58,48,15,5,3,40,42,0,90,22,2,99,33,84
92,53,92,19,1,26,92,31,80,60,49,85,32,95,45,20,21,10,52,35,16,38,13,21,62,95,12
6,25,99,43,12,76,6,79,87,10,15,97,77,6,5,16,49,43,69,49,52,96,84,23,96,80,68
65,80,9,0,47,54,63,42,78,92,75,55,27,42,62,58,84,95,22,8,89,54,35,19,21,81,3
84,53,86,4,69,83,3,94,93,47,70,21,73,14,48,36,42,27,49,57,100,32,69,59,27,63,92
8,20,25,51,84,50,84,74,99,0,58,96,43,15,87,77,36,86,60,24,78,8,60,27,37,43,38
28,71,90,6,11,99,82,40,87,38,65,21,100,30,10,75,94,50,45,1,56,15,61,15,25,79,32
23,42,7,37,93,4,42,97,8,82,89,60,53,55,54,46,3,0,10,35,63,52,93,28,92,93,86
79,32,53,29,49,46,87,28,49,98,41,96,21,47,37,49,93,73,69,99,22,11,22,24,5,54,46
10,36,66,23,52,31,39,64,94,50,89,79,38,27,21,91,69,28,90,24,60,63,62,79,86,98,51
71,72,71,4,31,30,90,40,42,17,75,10,67,74,57,45,75,87,25,5,11,53,84,41,75,33,24
76,63,4,70,94,18,10,16,31,34,95,93,58,93,48,38,97,79,89,29,39,79,46,17,59,58,51
4,26,15,47,92,57,10,27,43,87,72,82,26,55,97,9,63,39,82,59,79,67,94,4,38,48,25
72,5,81,97,40,57,72,18,74,78,13,100,94,89,34,62,56,97,72,66,15,20,65,2,49,34,37
25,79,100,34,55,100,62,93,2,100,28,100,38,55,15,19,14,80,29,85,26,81,80,92,79,56,61
95,75,64,3,73,54,68,45,17,92,39,9,53,35,13,2,29,40,35,41,28,21,14,54,36,4,28
17,72,16,32,53,87,83,28,12,98,55,35,80,11,79,29,38,91,72,2,60,34,77,22,5,97,80
54,92,83,26,54,62,98,84,59,91,10,96,53,66,62,26,61,94,50,23,36,45,100,13,7,61,67
80,69,12,70,68,44,97,87,10,76,3,4,3,29,82,78,92,38,50,81,87,94,39,72,89,97,59
54,62,46,52,60,94,80,98,100,41,49,50,33,41,4,9,34,35,5,41,63,42,64,98,74,1,95
8,61,20,30,8,4,63,39,95,41,41,98,50,5,46,28,52,34,9,5,31,57,98,15,69,32,52
97,43,6,37,85,2,10,31,37,0,62,91,24,63,64,75,68,32,71,60,9,89,81,89,76,50,89
41,8,46,55,29,1,68,44,44,86,58,37,77,37,36,19,98,94,6,24,41,89,84,93,66,15,6
47,14,36,72,96,14,1,11,62,77,99,96,50,80,53,23,23,81,8,11,47,93,82,64,22,48,44
65,61,34,27,7,57,48,76,28,13,24,73,36,18,6,79,7,90,71,37,74,70,46,81,46,37,82
93,88,52,10,34,39,78,8,79,68,21,31,10,2,42,2,61,13,70,42,63,28,42,93,64,56,31
41,34,13,94,79,68,25,28,61,93,2,65,26,63,91,85,3,66,39,90,3,23,25,49,87,41,45
55,75,75,69,73,16,90,89,39,47,88,40,72,66,52,63,79,58,96,42,98,73,73,4,66,39,94
66,93,81,28,0,54,67,63,15,11,39,13,40,43,9,25,50,71,89,88,48,8,29,43,56,1,83
97,79,38,7,98,27,11,0,99,4,53,56,2,20,67,79,31,35,37,94,70,96,41,69,6,89,19
42,43,16,26,2,79,92,20,64,32,92,71,71,41,91,4,98,20,47,44,58,75,14,91,5,48,87
86,93,60,72,90,27,16,12,15,41,40,94,100,50,54,73,41,79,67,92,73,11,37,74,58,68,34
35,45,75,95,45,60,23,28,15,75,30,23,58,85,27,80,62,20,72,15,96,86,53,63,65,13,30
10,13,12,10,57,36,8,81,68,52,22,65,98,25,27,25,80,54,26,85,33,60,74,73,57,29,45
71,40,62,62,9,23,43,1,50,52,66,54,20,89,15,10,89,3,3,54,45,60,15,10,91,29,61
40,46,67,97,42,62,62,30,31,47,95,83,9,14,3,61,41,52,71,15,42,56,18,79,15,60,83
48,41,85,22,18,55,49,77,68,54,11,76,38,20,45,79,93,84,2,64,8,31,40,55,10,36,50
42,23,1,3,89,44,98,90,16,37,89,45,66,54,33,56,88,27,49,3,68,31,95,73,59,18,96
95,76,10,50,31,55,87,46,4,35,20,66,21,29,100,41,24,40,63,38,9,47,9,86,37,81,74
77,28,54,9,24,13,55,27,87,8,15,73,4,92,73,38,74,35,63,22,27,21,64,16,5,76,78
28,93,89,20,7,32,72,70,74,82,41,57,83,62,50,40,96,54,83,28,72,4,82,86,41,4,92
41,35,66,86,22,9,60,92,100,69,98,55,84,88,100,43,91,95,88,44,47,48,67,43,9,94,7
19,34,87,32,45,45,70,84,86,82,35,84,84,58,33,87,73,26,70,90,30,91,87,60,96,41,80
50,37,46,61,19,0,89,94,63,4,84,46,56,64,10,42,99,32,19,53,63,3,21,50,68,61,100
79,40,96,83,85,76,3,93,30,43,2,6,98,18,26,37,41,33,85,98,54,96,73,20,23,16,50
12,58,62,8,0,16,37,3,14,70,40,51,64,11,57,20,52,71,63,64,94,28,80,35,35,13,13
86,6,29,83,19,12,45,5,49,64,25,31,7,19,77,55,92,8,95,19,9,10,64,0,42,55,51
58,4,44,32,81,14,45,41,17,36,21,9,52,98,18,63,79,87,100,76,95,69,5,67,33,15,19
5,79,0,24,41,23,43,48,19,98,62,84,25,0,91,69,93,26,84,42,3,8,36,79,42,83,68
11,89,64,89,74,43,52,86,48,68,48,54,68,100,6,85,45,72,49,35,74,91,22,4,59,53,46
97,79,98,38,62,53,83,51,79,60,77,37,63,5,52,13,58,61,16,6,71,52,61,9,83,64,59
37,7,96,70,76,31,22,8,89,20,26,11,82,7,41,92,64,44,87,0,7,44,26,29,95,63,100
78,89,73,15,6,62,98,90,85,34,81,29,81,54,82,35,90,96,92,58,63,57,10,29,100,67,48
66,90,77,58,24,47,27,76,53,38,54,18,36,40,66,2,60,37,73,75,80,28,42,99,77,97,29
77,36,16,16,59,50,80,84,87,61,84,1,76,35,4,26,52,82,94,73,46,88,62,26,43,93,80
32,50,48,17,93,78,44,77,46,99,57,38,34,63,30,49,35,0,1,53,94,55,55,25,37,71,38
9,58,46,99,62,83,54,83,83,93,15,60,26,99,28,70,25,15,90,95,76,72,35,17,83,83,81
64,91,7,76,80,46,29,16,47,30,64,85,86,29,36,44,14,40,13,28,5,81,44,34,69,60,97
37,32,43,95,98,36,88,86,62,24,67,62,75,90,10,28,23,82,91,28,45,70,71,41,47,72,86
39,27,5,86,82,63,55,87,0,60,35,5,20,18,14,6,40,45,54,66,35,44,95,12,84,38,25
78,54,96,48,51,55,58,66,18,66,20,80,85,1,98,64,71,25,3,80,57,91,51,51,63,57,96
63,85,33,91,83,40,40,58,24,45,88,1,87,84,32,14,89,41,21,44,73,59,81,90,48,21,0
43,99,75,79,63,13,27,35,27,87,91,18,89,42,22,67,85,15,7,55,98,99,42,31,97,53,9
10,95,14,89,37,100,54,60,94,76,19,65,15,20,28,88,22,57,11,61,81,1,14,63,15,45,72
59,79,82,30,53,15,56,42,43,3,9,20,54,0,8,62,53,86,23,25,25,82,84,91,48,71,49
12,100,35,76,67,42,56,74,56,28,93,22,19,41,15,76,77,62,98,96,27,32,28,24,82,90,25
100,14,13,65,25,58,8,90,31,45,94,83,8,36,72,95,63,76,66,75,96,40,71,53,71,12,31
2,20,16,10,7,62,93,0,33,58,70,18,80,92,45,57,1,67,75,80,31,65,92,92,54,89,59
69,79,83,27,59,1,78,94,46,68,20,6,68,2,99,1,34,91,2,74,20,11,26,11,55,18,59
23,67,19,32,22,96,64,17,40,87,43,76,12,80,63,7,26,1,83,23,1,66,17,15,8,6,96
30,80,42,17,47,54,27,84,54,65,15,98,75,37,54,74,3,36,17,85,97,4,6,5,60,21,21
63,86,45,28,44,37,27,96,27,28,72,21,1,48,92,81,30,26,56,25,23,78,72,72,65,85,61
59,7,0,91,84,16,75,69,100,64,32,45,57,62,42,3,16,72,92,30,52,14,63,72,29,73,98
54,83,94,30,26,6,6,86,87,59,44,85,11,91,84,44,53,24,73,44,65,0,94,99,56,3,70
47,83,96,46,2,18,15,36,23,15,75,54,6,63,40,4,57,30,92,89,29,43,54,91,0,5,91
5,7,44,3,78,78,21,98,3,11,29,45,83,75,68,36,22,77,54,25,84,66,49,86,8,2,5
73,46,89,17,28,79,75,85,17,86,21,53,25,9,45,10,100,48,2,51,88,72,76,100,51,18,8
87,34,89,93,86,67,38,41,6,46,84,96,84,31,26,63,15,3,47,70,84,46,33,87,8,60,42
52,23,77,0,88,30,88,37,89,72,92,27,38,99,91,57,24,37,67,57,74,96,72,32,8,21,21
48,40,99,22,35,63,60,99,33,94,19,93,97,35,72,90,76,66,67,41,7,42,3,81,75,39,8
89,27,71,32,26,2,61,47,99,70,12,78,48,46,22,5,56,43,96,41,70,8,7,2,28,56,10
97,4,36,78,63,45,71,64,87,26,75,18,84,70,30,10,95,76,79,14,30,89,33,15,14,30,32
25,57,100,36,82,15,99,35,1,77,15,63,90,49,14,98,32,70,47,92,29,2,73,4,30,13,65
70,64,14,89,83,29,77,37,92,48,59,89,53,98,91,94,42,74,50,85,23,46,22,62,59,91,7
61,99,55,37,54,49,39,75,84,86,25,22,23,83,52,53,47,30,44,55,21,13,99,28,12,30,14
53,83,25,56,88,16,8,38,53,72,16,6,45,23,68,84,41,96,64,34,84,77,39,10,70,88,30
8,86,52,0,88,57,98,3,2,52,46,14,80,23,47,41,89,68,61,72,44,70,20,97,71,79,36
73,85,98,41,76,14,100,74,21,66,50,85,94,29,97,41,24,87,77,30,63,5,0,50,83,97,33
34,37,50,73,24,23,17,57,30,59,82,73,40,3,64,43,82,100,16,30,91,58,2,35,77,44,67
80,14,47,94,15,65,100,16,62,11,29,44,38,6,80,28,71,49,73,63,24,35,38,97,100,8,43
80,0,50,92,29,33,69,75,94,63,71,4,53,76,81,90,42,2,3,21,12,6,48,37,79,86,18
97,67,92,13,40,44,58,52,74,64,65,74,80,73,47,49,28,40,41,65,4,93,32,65,28,20,40
33,88,42,11,55,94,4,88,72,79,41,5,35,2,59,45,5,22,26,61,66,68,100,51,52,22,37
36,43,91,84,50,97,25,94,89,71,37,53,4,13,28,78,65,6,12,85,51,46,52,40,75,95,97
26,88,83,28,63,58,87,25,97,84,26,63,30,8,21,83,86,69,35,9,59,88,86,69,19,51,76
57,2,54,67,35,10,81,55,10,12,55,10,77,49,67,97,43,65,7,45,63,99,39,79,57,81,58
79,92,50,74,12,14,41,61,95,46,54,7,99,47,67,82,20,32,2,12,90,11,94,13,76,1,58
36,26,52,39,88,28,79,17,60,46,42,34,30,24,29,69,96,47,96,11,94,74,94,85,56,15,99
64,15,79,12,94,32,56,88,8,2,21,86,89,60,90,54,29,44,0,78,69,9,18,1,22,84,99
79,27,100,33,54,84,94,47,96,2,97,28,96,43,34,84,40,63,85,42,1,65,23,22,15,28,0
22,52,91,26,23,72,97,76,87,50,28,58,34,53,47,54,84,69,76,55,57,100,34,99,26,40,47
93,59,71,38,50,55,28,40,84,80,13,25,87,10,16,69,62,23,63,97,76,77,62,92,98,70,4
75,63,91,12,98,89,63,22,100,80,82,39,84,63,62,50,33,67,13,62,8,57,19,94,40,92,43
52,100,0,47,21,57,23,88,12,31,49,72,44,45,39,48,26,65,63,62,8,97,55,64,1,51,72
12,24,72,91,30,57,53,5,28,95,86,37,6,56,70,8,40,85,78,84,93,30,51,55,65,21,5
65,14,56,5,89,63,26,59,91,15,67,73,38,71,24,34,83,32,81,34,18,78,1,3,35,16,53
55,34,30,59,38,37,53,89,71,42,85,33,45,68,100,32,93,89,88,32,52,43,68,39,0,42,15
36,26,67,20,18,98,55,29,8,22,88,96,68,79,25,18,63,72,47,75,41,10,98,37,46,53,5
33,1,73,59,60,28,37,66,60,10,34,6,53,51,73,97,41,14,49,7,40,89,57,90,96,87,59
6,5,69,67,61,92,84,98,7,66,63,31,60,21,10,30,22,0,45,75,49,77,89,45,56,82,93
6,40,84,35,96,3,37,25,30,47,31,45,37,41,70,65,96,9,59,52,78,35,64,89,71,91,19
34,41,53,37,15,72,98,99,7,31,0,20,41,92,84,74,34,99,66,17,59,98,12,56,9,63,48
55,31,40,51,88,63,41,27,37,38,71,83,47,98,12,100,76,77,81,22,46,47,34,63,22,51,36
16,33,88,57,58,95,21,49,22,10,3,15,25,1,57,51,46,73,51,76,94,91,93,89,10,40,14
46,92,29,25,44,19,19,77,59,82,2,10,86,50,60,41,79,51,76,58,84,38,63,80,77,87,72
39,73,20,9,87,28,56,45,78,7,16,23,39,55,73,9,88,0,27,2,66,21,71,56,65,63,69
66,22,57,59,44,6,14,3,90,38,83,27,78,70,6,34,68,75,6,13,79,91,8,73,17,84,69
0,34,17,63,18,3,32,10,36,91,26,33,16,71,65,57,53,8,35,43,1,17,5,82,54,73,87
2,39,33,85,42,97,47,73,98,13,62,72,5,40,66,35,28,94,25,6,39,39,48,39,87,69,23
92,36,95,39,40,37,20,16,78,48,65,41,44,58,82,12,57,89,66,18,60,70,93,86,79,60,93
4,9,29,10,87,66,10,81,16,91,14,82,92,78,2,3,18,15,95,47,16,60,73,98,47,68,4
32,15,77,2,12,28,3,93,8,8,94,87,69,18,20,98,82,64,38,99,26,19,5,80,67,22,81
58,64,84,100,32,87,60,4,98,81,45,72,56,61,84,96,72,87,56,6,47,51,27,10,59,91,72
72,58,46,33,58,35,21,22,94,28,17,40,80,1,5,71,79,29,92,79,40,78,88,72,51,46,57
53,33,70,3,97,38,86,33,79,15,72,53,15,34,27,25,47,84,5,13,42,68,71,58,86,62,80
67,0,54,49,47,59,58,39,68,91,63,51,75,23,98,62,57,63,66,12,41,45,77,67,20,85,85
97,83,17,57,25,41,29,27,48,89,18,10,88,7,50,52,39,67,82,84,15,54,6,62,91,34,46
43,37,27,40,13,18,73,27,5,74,34,12,71,28,83,85,53,78,44,67,87,89,67,32,82,9,75
87,94,67,9,29,80,19,63,56,23,59,79,55,41,91,1,68,31,50,83,55,62,23,41,66,65,35
37,69,66,10,18,9,42,83,55,50,95,58,69,33,30,99,93,99,95,31,25,91,13,73,62,52,2
61,32,45,94,83,21,23,25,7,50,68,13,41,92,30,53,0,48,3,5,55,91,19,0,72,18,85
67,90,37,24,36,76,69,63,62,80,51,15,81,63,97,50,2,7,46,51,50,97,26,22,59,10,74
13,56,36,8,98,30,6,32,17,19,94,29,61,28,30,28,88,97,80,10,21,84,17,58,85,35,4
21,84,7,84,90,14,92,56,23,53,53,42,10,42,9,85,48,14,31,16,99,58,63,83,6,98,46
5,21,44,15,60,91,61,8,68,20,32,94,84,3,77,42,49,97,21,39,14,73,38,10,33,65,55
37,92,35,82,59,73,94,38,31,84,89,60,74,88,9,0,8,70,14,50,10,55,29,99,92,95,95
52,27,69,26,2,16,41,58,53,44,33,63,12,68,85,33,72,89,2,0,35,95,16,77,69,15,86
86,85,74,89,38,54,98,70,31,40,43,70,56,68,98,17,94,68,46,44,24,64,86,17,46,15,60
19,91,8,76,30,10,28,18,95,3,100,10,76,72,69,1,7,12,54,54,76,87,35,99,8,56,23
67,80,75,17,63,91,74,84,73,79,28,48,82,100,78,70,43,36,81,3,82,30,47,86,28,10,12
48,50,29,77,1,31,58,84,4,75,17,58,44,1,19,87,39,20,12,72,48,5,89,70,63,15,31
50,1,87,19,74,85,23,85,11,49,88,39,84,75,17,75,51,88,26,17,80,58,43,67,1,55,93
72,20,86,7,59,60,73,1,82,16,35,52,61,31,43,82,17,36,46,54,5,82,46,77,39,71,39
94,60,62,13,43,65,0,84,98,20,46,58,49,1,42,69,27,7,95,13,91,9,10,94,29,37,38
80,75,96,45,49,67,68,28,87,67,32,82,92,24,1,53,93,57,98,81,19,95,57,2,14,41,43
75,1,79,63,41,31,64,86,21,17,63,3,68,10,6,43,91,79,18,52,96,84,42,29,61,53,5
92,33,83,39,12,51,27,81,19,78,84,74,90,70,91,81,54,59,76,38,74,18,82,10,77,100,39
11,74,53,99,34,49,66,30,83,3,73,16,4,82,57,75,70,37,40,52,59,8,72,45,7,99,39
29,21,26,73,2,5,31,56,85,56,34,10,99,68,60,40,19,72,63,79,50,97,77,36,69,95,61
74,21,7,76,35,36,11,15,38,37,8,100,71,11,33,45,33,1,39,24,37,29,30,2,18,86,81
77,25,96,99,48,88,40,4,75,48,75,45,8,2,70,20,30,65,78,78,10,82,92,37,45,7,1
14,43,12,95,22,73,79,83,2,83,30,4,30,26,82,70,62,59,43,31,50,21,100,51,80,90,89
34,6,83,49,91,7,81,16,76,12,83,16,59,62,60,81,30,65,39,85,34,63,75,79,60,30,98
24,38,30,21,72,25,11,87,5,35,63,29,27,43,58,85,98,6,51,67,96,81,1,90,53,8,22
39,0,42,5,82,51,49,63,15,15,47,24,21,68,33,20,85,40,43,29,82,61,0,77,24,32,12
56,7,43,38,76,34,59,77,6,32,2,54,80,75,9,8,87,5,3,65,38,80,89,44,52,14,72
32,64,81,30,31,59,53,19,75,61,79,27,46,83,97,75,60,26,30,97,86,88,63,57,98,91,63
56,16,95,38,17,65,100,45,48,26,92,19,62,27,41,11,73,16,68,71,39,7,37,23,1,54,31
37,100,77,50,37,70,5,38,45,16,90,6,86,45,36,2,67,31,21,48,32,27,80,25,76,65,53
73,48,50,43,86,86,72,19,45,55,51,63,68,62,64,1,12,12,74,100,3,27,4,83,99,63,16
77,88,51,73,44,31,5,57,27,90,1,4,90,15,86,14,20,52,72,67,43,95,82,55,64,98,48
78,81,66,48,21,85,30,4,6,87,48,80,29,29,43,52,51,10,70,98,52,19,34,50,11,37,54
25,23,17,47,25,97,57,81,71,87,95,27,65,43,11,35,48,61,64,75,1,50,56,40,2,61,58
87,52,11,81,5,95,9,76,40,90,87,44,59,83,83,12,34,83,11,13,26,73,63,75,67,42,73
33,41,38,73,1,72,29,36,24,94,4,7,46,32,62,25,50,31,16,75,99,71,0,98,81,25,89
46,60,11,65,47,41,99,14,26,87,86,44,47,35,52,20,22,21,80,8,23,4,94,64,47,25,63
46,34,79,91,6,86,18,61,16,4,72,17,67,51,36,20,16,8,93,89,43,62,8,99,87,32,13
69,82,90,17,54,48,49,100,43,23,27,6,39,55,3,40,71,17,23,27,48,1,0,18,62,18,56
10,82,50,87,80,32,9,57,51,43,76,93,31,28,90,79,24,69,29,12,30,72,95,50,31,59,11
23,16,32,88,22,2,53,14,43,96,26,6,54,92,22,9,44,95,11,11,79,73,62,0,82,24,28
63,59,46,35,54,23,56,1,88,56,58,63,1,91,3,74,26,52,70,33,92,37,91,59,81,79,32
89,96,76,17,84,35,69,16,69,5,17,79,96,76,77,48,93,100,25,39,27,7,7,5,44,31,72
36,93,17,47,77,31,3,77,27,21,33,87,23,17,63,29,94,66,7,3,59,23,93,23,95,44,79
45,28,32,23,5,7,81,25,7,30,6,88,77,24,11,100,44,39,47,3,31,87,76,70,54,17,9
61,88,73,32,34,95,4,23,64,32,22,30,3,68,13,27,0,35,49,89,39,66,18,96,97,79,80
20,71,46,82,31,15,70,96,45,35,51,70,4,71,18,64,11,65,48,27,82,36,83,96,0,52,74
6,82,75,52,34,68,88,19,78,98,3,89,12,75,1,44,59,57,52,78,53,44,71,49,38,60,78
80,34,14,96,62,54,17,10,75,54,79,52,15,37,50,28,49,72,40,41,27,19,2,93,88,4,8
40,9,28,15,10,97,23,13,89,33,54,87,95,38,48,91,54,75,40,86,27,53,59,78,56,66,7
52,4,54,45,84,47,20,82,31,58,47,40,73,72,99,25,40,43,89,65,61,11,77,16,81,12,15
5,95,27,90,16,85,43,20,21,29,79,3,17,15,81,29,38,85,8,98,5,47,29,100,50,52,0
95,98,7,73,56,10,4,19,51,35,95,37,4,36,94,16,10,16,80,95,16,91,78,56,6,34,49
67,44,46,43,50,3,14,60,76,10,40,22,41,16,64,85,27,11,28,6,52,88,1,65,69,78,55
65,45,87,71,99,54,90,8,47,7,70,3,35,34,21,1,33,3,71,69,83,23,16,55,88,34,52
78,91,64,51,77,78,5,60,45,69,100,37,64,67,52,93,69,12,88,72,76,22,8,23,73,54,76
12,96,30,35,74,82,91,93,51,57,65,17,50,33,49,87,7,61,53,52,58,92,16,69,16,48,89
59,0,100,89,17,93,35,98,37,40,18,71,89,99,32,91,54,59,97,11,78,81,59,93,33,50,75
39,9,0,81,49,94,63,70,6,45,10,18,85,29,48,53,36,27,37,72,33,84,24,67,71,12,58
66,65,18,40,64,17,41,13,92,23,11,10,58,64,26,43,80,72,66,75,50,50,71,34,35,19,30
23,26,49,53,89,36,13,37,9,23,91,89,82,49,86,76,57,67,26,90,97,15,63,96,10,25,6
22,87,52,63,45,52,93,97,54,20,21,83,32,49,73,36,71,10,15,72,14,19,68,51,88,98,34
17,15,79,56,76,85,85,17,88,29,18,18,100,1,47,24,34,76,87,2,81,15,85,77,18,89,82
39,2,87,97,98,58,69,16,84,29,42,60,34,26,99,83,32,75,46,66,0,61,52,62,40,56,40
46,77,18,17,58,61,96,20,94,90,22,16,73,76,33,16,100,7,68,19,81,45,64,86,56,87,35
29,80,22,27,50,2,6,34,74,55,47,44,0,26,47,89,34,32,37,32,10,97,41,77,42,22,20
64,39,61,3,64,89,7,28,96,67,96,61,0,63,89,48,1,13,28,63,85,41,88,74,100,68,36
5,22,66,7,79,25,19,18,81,10,62,97,11,57,7,72,50,3,71,63,71,33,94,38,23,38,84
93,6,53,68,40,66,33,64,55,87,74,31,9,46,22,98,59,29,82,81,54,9,41,99,28,55,22
98,1,8,71,37,87,47,82,29,53,42,19,27,17,57,100,52,9,15,1,90,50,33,18,23,88,88
54,93,29,60,70,4,57,97,74,18,16,6,61,84,31,97,89,36,6,50,42,51,41,81,4,20,100
31,74,15,47,86,9,23,55,90,98,57,96,63,48,92,46,46,77,49,5,4,95,67,29,21,13,80
71,81,31,18,80,18,2,88,66,57,39,38,53,77,67,49,96,11,42,34,83,31,34,22,81,89,71
4,48,59,47,61,77,97,8,4,85,90,33,2,5,7,58,62,44,69,65,1,100,23,81,94,93,60
27,57,78,8,63,66,72,96,23,99,71,70,28,22,71,90,85,29,60,35,43,87,2,23,68,45,2
65,63,18,55,49,32,14,69,9,61,24,89,51,52,58,28,4,84,34,0,29,94,14,86,70,29,55
50,17,2,55,0,19,78,9,10,48,45,68,48,36,92,99,38,17,46,17,27,74,16,84,6,15,85
96,87,14,93,94,24,37,23,59,1,79,40,31,36,73,42,67,19,96,45,98,8,2,60,41,45,12
82,25,22,46,6,92,92,16,48,94,72,69,74,93,25,53,5,46,32,73,90,51,14,10,42,4,85
31,42,92,53,34,8,67,69,27,76,27,36,91,92,4,72,67,34,84,95,29,79,85,56,41,42,79
32,4,47,39,7,51,46,73,5,29,37,85,97,69,76,0,58,76,26,73,95,13,47,35,58,91,60
22,39,92,78,35,58,94,50,46,54,34,2,5,11,68,2,54,76,79,18,31,83,40,63,79,4,81
86,6,19,59,46,39,3,51,47,98,46,16,15,8,22,11,100,6,7,19,83,81,81,85,10,93,29
96,5,17,21,31,2,14,34,29,67,52,100,11,79,53,100,92,100,22,66,58,40,34,57,95,56,19
52,74,19,64,61,100,38,51,94,3,42,84,78,99,35,53,10,56,80,65,41,58,57,29,27,87,4
42,97,14,20,68,25,41,22,10,33,7,27,86,73,89,80,92,54,9,54,31,3,11,18,59,6,41
26,16,47,30,74,44,65,62,100,52,80,47,12,26,97,7,18,26,71,51,11,25,61,32,34,54,93
87,2,90,36,4,78,47,54,13,97,31,15,9,51,28,80,18,82,82,94,49,31,60,41,50,15,36
94,35,27,8,28,5,62,51,3,74,55,54,27,53,50,25,14,82,51,78,81,10,46,13,30,8,38
75,67,49,39,55,48,11,30,65,38,49,72,55,78,34,1,6,74,58,83,70,73,57,42,68,17,50
15,31,80,8,100,15,70,3,57,74,78,24,67,52,88,66,52,58,49,97,56,61,57,93,71,69,24
34,34,7,1,17,71,94,71,21,37,23,54,55,89,68,73,37,42,15,33,90,17,24,23,31,35,92
18,69,60,39,47,48,70,71,68,0,93,45,15,17,2,13,50,28,100,47,96,65,14,46,78,43,50
2,9,76,81,15,29,56,21,9,68,64,41,100,8,50,79,73,68,39,69,61,94,3,80,74,79,87
64,89,49,8,62,9,96,31,12,8,98,95,48,16,33,43,46,25,68,16,65,98,0,77,77,58,93
69,62,57,1,80,37,20,49,51,64,25,70,11,0,88,96,98,75,31,35,11,89,65,5,71,97,67
52,16,7,49,40,54,92,56,99,22,53,68,34,95,97,42,2,99,86,26,58,69,60,61,46,8,55
66,52,97,42,29,12,37,33,6,45,79,42,1,14,33,64,48,56,91,14,43,75,9,64,9,45,12
74,12,100,44,19,44,57,30,64,9,3,9,78,99,10,93,73,15,58,88,6,18,30,71,66,64,21
94,24,22,12,79,73,38,64,98,19,36,67,64,66,85,39,5,20,33,46,48,5,58,83,15,59,14
6,82,69,100,3,88,77,85,42,26,23,33,73,73,41,3,64,53,65,93,36,29,87,75,30,97,33
90,100,37,58,14,23,51,34,71,67,48,84,0,14,17,17,51,63,47,77,29,86,39,95,94,74,55
13,91,22,47,61,12,15,35,99,38,78,15,25,84,33,61,43,76,22,68,40,25,12,31,3,72,44
73,87,72,71,53,51,46,35,77,13,18,42,31,11,75,79,90,99,90,67,0,25,67,100,20,31,12
76,50,46,62,82,56,2,69,5,49,19,93,25,60,29,58,60,49,85,60,36,67,2,88,27,14,2
44,39,98,67,69,40,85,52,11,43,95,3,6,19,16,52,25,21,93,86,5,42,34,42,8,66,23
40,90,69,32,24,21,99,77,98,67,59,69,64,70,61,51,99,71,37,98,99,54,34,12,48,89,43
34,68,20,60,17,33,83,73,35,37,69,76,88,67,94,36,83,53,85,25,82,11,29,71,73,78,58
28,91,57,44,36,5,88,69,46,22,20,97,23,32,37,32,92,89,71,87,58,61,13,2,91,31,44
41,60,74,85,100,62,12,39,94,93,54,72,100,88,9,41,33,75,90,44,70,49,9,38,70,95,96
77,69,73,76,86,22,97,44,53,47,80,87,58,52,78,21,43,30,52,88,3,2,84,5,61,96,90
7,53,52,89,3,2,53,91,0,56,66,28,61,34,19,93,75,28,2,14,78,78,14,35,42,42,64
76,14,79,53,95,62,96,35,2,61,56,87,100,73,93,43,74,77,76,36,42,32,19,1,10,82,12
4,16,9,61,32,88,96,51,4,36,0,4,83,65,9,39,30,42,5,22,34,66,80,3,4,96,78
53,98,3,38,54,96,14,32,37,41,35,90,58,71,11,87,62,53,92,32,18,58,86,47,29,84,2
99,77,39,51,26,64,63,1,74,13,83,99,96,78,57,8,41,76,68,1,67,67,60,72,16,51,37
81,97,72,75,97,82,62,4,76,98,28,80,53,58,61,67,73,54,76,89,23,38,93,76,97,56,32
76,57,81,30,28,88,42,77,64,40,65,100,50,32,15,59,59,52,2,51,18,87,41,24,54,11,95
73,85,8,89,57,69,25,41,93,70,81,25,60,76,67,91,19,35,4,81,29,97,96,63,81,96,9
51,71,33,57,57,8,48,62,14,33,93,25,86,98,53,76,98,14,69,0,69,18,39,91,86,57,27
74,20,39,20,95,86,78,99,85,49,93,52,3,55,29,61,20,48,12,52,16,66,5,56,70,20,67
95,24,8,65,73,35,22,42,66,0,45,12,48,36,98,2,82,76,5,92,99,54,20,75,46,85,70
44,48,68,14,36,40,27,72,13,81,58,36,40,39,17,45,54,71,76,89,59,13,78,39,83,69,64
21,95,33,0,23,19,18,67,36,68,63,95,67,58,99,64,65,12,23,87,91,32,50,61,47,88,82
34,55,64,22,18,0,20,30,55,92,74,96,88,11,93,73,11,30,15,85,0,27,97,8,60,34,76
3,15,82,0,73,4,64,86,53,58,18,81,86,70,49,37,50,16,69,10,57,48,99,50,17,85,16
16,66,43,34,42,45,47,75,60,42,56,0,62,55,60,34,28,79,9,60,39,20,96,21,73,60,66
60,19,11,33,59,92,33,19,5,91,91,0,96,58,0,86,86,10,48,47,20,36,57,28,99,34,16
82,36,92,76,83,3,72,25,11,31,11,90,65,47,97,75,6,41,68,45,10,97,88,9,13,51,41
87,26,38,72,32,61,56,37,69,39,53,3,59,30,21,11,27,55,38,49,77,6,73,11,63,92,95
27,98,80,36,28,6,65,54,84,10,68,57,6,15,63,62,73,95,70,68,97,95,68,76,2,44,37
73,12,35,29,10,77,14,32,11,71,21,19,12,55,18,99,39,91,52,0,99,38,48,47,19,11,5
29,8,18,34,34,48,3,23,87,17,76,5,8,43,20,73,9,54,82,16,89,81,21,18,41,7,8
46,64,80,53,69,47,10,9,77,61,58,80,27,50,95,91,95,21,28,62,17,98,48,96,46,58,65
0,22,57,8,5,28,20,89,10,80,6,77,37,47,89,82,12,40,36,89,16,10,51,58,1,85,84
3,9,49,74,20,11,58,82,77,32,53,44,38,9,24,27,84,44,64,76,46,10,42,71,62,30,77
43,58,38,85,41,36,73,77,31,18,77,71,75,86,39,11,11,32,20,1,8,94,61,86,68,68,64
93,51,2,22,37,99,7,55,60,62,59,60,91,53,16,32,45,7,8,9,86,55,40,57,2,5,82
87,92,30,8,74,2,59,84,17,61,34,61,40,8,66,62,21,91,67,50,1,76,31,44,41,32,30
97,95,22,65,89,30,20,19,72,50,35,78,36,53,97,78,15,30,39,34,100,58,67,27,95,24,100
27,8,14,61,67,6,78,67,48,79,81,24,31,100,10,99,66,23,50,17,2,69,95,36,75,46,30
26,74,29,27,26,55,92,46,16,75,71,61,43,33,96,87,19,82,7,41,65,85,64,80,36,67,19
88,54,85,32,64,52,66,8,60,7,15,33,9,33,57,7,26,52,70,92,75,96,34,55,17,87,40
21,17,42,38,31,89,49,46,62,46,7,80,59,47,3,21,77,3,33,41,11,7,10,52,32,37,8
20,50,33,10,84,12,86,41,53,51,15,76,55,7,74,41,38,8,86,40,14,68,26,11,90,12,54
44,26,15,91,11,25,62,44,10,57,65,81,96,89,75,25,80,33,58,8,44,19,34,32,99,85,9
31,43,77,10,7,83,60,88,86,72,23,50,21,62,100,17,30,2,70,36,4,59,76,86,60,18,28
98,33,30,97,84,29,54,9,8,89,97,86,43,96,93,75,32,16,24,70,91,16,80,72,52,2,99
49,87,28,24,89,97,2,88,16,88,98,11,54,29,19,58,65,8,90,94,46,44,8,87,45,79,20
34,6,67,85,85,33,63,81,73,86,75,49,4,94,74,95,77,47,24,79,21,75,99,49,88,26,41
32,79,63,76,43,79,44,42,6,76,46,65,90,31,92,12,19,65,6,48,10,86,64,55,58,78,8
60,4,88,19,95,91,74,100,28,41,89,58,46,2,10,20,48,20,57,22,89,48,7,21,67,88,26
22,22,90,8,26,6,96,51,43,24,33,100,52,74,21,74,28,74,95,79,8,82,24,13,48,49,36
58,47,80,90,53,45,70,87,89,62,92,56,1,12,29,87,82,16,0,48,37,0,48,61,98,42,27
20,99,87,77,59,21,18,89,99,1,10,84,96,47,69,85,68,58,62,14,44,60,74,0,63,34,61
15,40,3,6,42,45,81,40,12,92,13,29,26,63,36,54,56,23,39,81,94,33,96,91,37,90,95
29,17,100,45,27,12,34,16,53,28,77,57,83,28,50,50,94,14,98,43,96,6,76,73,2,8,85
13,64,10,25,80,55,63,75,35,55,77,84,19,17,24,51,44,73,95,60,1,14,26,40,84,46,80
60,10,56,100,84,30,27,95,7,81,98,21,31,23,88,17,77,27,90,0,53,11,93,15,89,99,64
81,66,20,20,75,65,25,53,95,5,57,27,78,89,37,63,5,92,21,83,70,12,70,59,79,35,20
16,46,29,55,65,75,65,12,50,95,23,61,50,53,54,87,56,20,5,65,71,100,64,90,17,8,3
38,50,62,9,100,17,48,66,65,66,82,44,71,68,81,90,88,11,71,24,34,72,90,76,73,30,35
62,26,1,83,100,82,1,7,21,75,77,91,63,50,40,83,44,33,81,60,19,58,26,14,94,40,16
46,10,60,3,82,29,75,78,42,68,74,25,28,92,70,73,45,49,54,47,10,84,20,88,27,85,51
40,44,24,49,75,12,100,48,42,74,32,63,85,24,26,91,2,93,91,89,30,27,74,20,5,13,52
62,18,98,62,29,51,89,43,34,41,44,1,37,76,67,51,21,45,22,28,18,82,50,39,24,32,75
84,7,68,96,58,54,71,64,9,29,56,54,49,57,24,80,60,82,21,67,75,63,26,54,88,15,58
58,18,16,48,77,35,45,56,57,62,83,81,65,18,57,53,18,46,48,81,74,84,22,24,72,35,29
76,27,79,69,80,76,94,44,38,22,9,96,18,81,87,60,80,25,93,11,58,51,29,50,33,20,60
98,19,17,100,9,80,92,19,7,14,80,91,97,46,59,57,35,24,79,47,34,27,91,76,82,51,48
2,0,45,20,33,63,35,25,16,3,31,64,17,19,5,1,66,53,85,55,90,47,74,57,0,14,99
23,28,1,60,7,19,74,80,73,89,50,1,53,99,47,4,100,79,56,33,42,85,37,9,53,5,71
51,32,42,99,62,43,5,23,82,34,72,79,25,78,2,56,39,72,98,4,31,87,14,49,66,1,15
80,59,61,51,18,75,80,52,74,22,45,27,25,24,18,85,60,74,40,15,84,68,13,2,6,87,4
11,65,8,33,99,89,24,24,10,66,81,83,15,36,31,69,64,60,97,44,21,66,27,22,82,71,96
54,68,10,87,17,39,63,78,43,11,79,72,90,40,48,86,87,57,54,94,65,22,17,29,54,99,61
76,4,38,39,81,74,31,48,57,61,97,14,81,90,40,19,42,35,78,31,62,0,77,27,87,5,11
99,69,46,67,87,76,29,25,24,78,19,21,42,52,30,86,72,37,66,90,70,74,29,71,0,65,68
28,100,49,5,13,22,30,72,1,85,62,73,40,23,88,99,8,14,51,7,10,98,20,28,64,0,80
6,6,76,48,18,72,11,1,58,22,76,54,4,45,54,18,40,88,19,17,66,29,22,81,92,51,62
24,34,90,37,48,49,12,52,68,53,23,55,24,30,94,71,28,85,1,16,71,13,61,27,70,23,27
87,2,32,38,52,89,96,33,66,68,22,1,22,50,46,9,17,50,40,57,32,34,35,75,49,46,28
32,6,80,9,27,56,93,92,32,20,75,22,59,56,44,69,25,44,69,98,76,24,29,47,12,0,18
23,84,49,72,50,36,55,85,60,72,42,15,27,49,28,50,91,8,64,87,56,85,8,0,42,53,87
87,35,35,78,77,29,5,74,60,78,28,78,50,67,59,52,59,43,14,39,67,34,75,6,53,1,59
19,61,53,23,12,51,10,78,12,66,75,5,85,35,25,95,81,4,59,30,22,17,81,46,90,44,59
51,30,5,89,45,95,81,30,45,48,69,2,36,36,59,37,68,10,68,18,80,62,27,25,39,13,26
58,70,50,65,28,37,62,29,56,46,28,88,12,32,40,42,50,36,99,54,68,54,7,82,50,14,15
100,57,51,43,54,57,30,30,100,46,95,1,80,36,24,43,52,35,61,93,56,90,0,7,59,84,6
25,100,44,87,79,59,45,32,47,39,89,33,65,8,60,76,25,39,30,64,15,100,76,73,46,23,99
84,92,30,28,5,42,41,35,68,74,52,50,65,28,36,32,89,40,3,75,54,65,69,14,69,42,69
53,36,27,3,76,34,96,72,75,60,98,54,12,71,66,58,88,18,45,68,50,53,12,87,35,70,43
4,25,22,99,43,96,80,53,27,96,79,95,97,3,36,19,96,5,3,36,10,66,9,51,38,91,62
12,80,45,79,18,27,38,78,48,28,62,58,5,1,85,65,96,2,51,96,56,76,91,10,80,12,44
89,52,48,83,13,89,98,87,65,17,52,81,52,17,25,74,59,62,95,79,45,45,7,3,19,68,20
52,32,80,58,23,80,78,57,44,95,88,44,84,33,38,32,24,68,100,90,60,85,58,0,91,6,85
13,76,31,49,51,37,62,79,23,22,76,65,26,23,6,64,67,4,92,8,27,89,78,61,19,52,66
8,28,14,13,33,17,38,10,34,43,0,45,89,0,80,79,32,93,73,64,45,16,32,9,69,93,99
39,82,23,72,80,24,36,51,89,49,4,80,57,68,29,15,82,76,24,71,65,99,61,77,19,32,83
0,50,31,32,66,39,66,97,27,33,39,0,0,85,87,9,34,77,70,72,45,84,66,57,7,7,30
40,27,18,29,78,95,78,20,11,88,88,71,61,18,7,11,60,88,42,13,77,84,91,24,51,33,54
27,12,85,2,91,35,87,21,66,25,55,33,51,94,2,2,37,11,51,100,9,23,61,99,83,10,31
0,84,77,30,8,95,28,49,4,51,18,6,37,96,87,74,67,98,71,83,39,80,91,64,90,40,47
21,88,84,98,57,7,91,62,64,36,15,93,45,62,49,79,2,90,10,98,59,14,36,22,57,2,82
62,82,2,26,56,81,60,80,10,32,29,79,20,4,78,58,79,32,27,40,22,26,72,67,64,43,53
52,7,6,42,0,18,23,99,65,48,44,28,86,92,96,74,79,0,22,89,40,99,89,54,20,74,6
99,0,15,49,80,27,76,1,12,14,2,14,40,27,92,63,22,84,90,96,29,35,26,77,36,56,94
69,2,95,37,2,83,30,9,60,69,68,9,51,48,100,33,36,45,65,43,57,88,43,73,54,73,11
60,9,51,20,43,63,3,24,0,15,31,2,69,15,95,18,93,24,81,61,95,18,74,53,50,19,68
17,80,79,52,31,53,29,49,70,0,32,55,73,54,68,17,3,71,100,42,37,41,1,34,22,63,34
27,62,44,86,33,36,100,58,78,54,39,46,56,9,27,14,27,41,73,98,86,95,13,39,98,79,17
78,99,20,76,48,41,100,93,84,55,52,71,80,60,48,75,88,23,5,77,60,74,27,74,78,3,49
84,73,97,50,87,91,31,45,24,63,5,12,50,75,83,76,42,20,16,18,97,4,17,87,57,5,53
47,16,1,83,63,9,4,14,27,52,43,76,71,73,65,13,41,2,30,91,96,3,50,63,20,73,6
48,56,57,38,89,41,73,25,17,69,18,98,82,57,0,97,42,61,81,33,42,60,36,90,80,51,59
4,0,26,20,55,18,32,79,94,3,48,41,22,34,83,3,86,73,100,96,94,45,23,84,69,99,65
7,0,7,47,11,68,43,30,100,44,49,22,100,40,96,85,12,2,72,34,7,37,14,60,8,98,75
59,31,47,30,16,47,33,76,5,42,88,29,97,95,57,7,38,77,4,40,38,17,61,36,10,78,82
37,47,77,5,45,77,48,52,33,66,22,38,92,31,4,2,59,3,15,22,4,49,53,61,94,10,74
54,37,56,61,50,8,32,96,58,90,33,26,40,57,5,41,46,46,45,52,100,10,31,72,31,99,100
6,66,26,27,63,61,17,87,64,43,39,67,64,89,7,49,53,11,97,25,12,53,89,71,82,51,37
71,3,100,93,82,20,91,7,72,81,71,70,47,27,86,23,61,7,39,15,70,88,45,94,9,25,33
95,34,1,71,29,41,52,82,96,79,76,56,59,29,94,13,52,44,71,69,21,86,35,80,69,83,57
28,70,22,56,78,45,42,93,94,81,36,16,8,38,99,31,11,13,33,61,85,42,72,96,85,61,3
9,57,17,9,89,34,74,91,84,47,43,78,8,68,83,77,25,81,35,28,57,79,25,54,87,70,95
44,4,71,79,98,73,31,77,33,77,75,15,76,20,60,52,94,92,38,55,51,59,72,42,64,37,80
78,46,26,1,60,10,17,86,36,73,63,85,51,18,82,21,17,72,43,41,48,49,16,99,83,54,9
41,46,90,88,69,16,6,15,21,22,0,10,77,88,52,56,93,34,12,48,49,81,94,23,60,0,76
75,80,38,85,22,82,77,84,23,93,27,13,29,100,5,72,68,79,51,7,76,40,28,80,45,90,35
31,89,76,41,27,50,66,55,72,74,63,25,89,85,85,26,50,26,58,89,57,76,81,77,89,19,15
22,12,43,41,58,22,87,99,64,6,85,80,3,73,10,41,42,3,73,90,99,30,87,74,5,55,29
23,5,21,85,8,51,47,63,32,100,7,9,70,5,73,61,63,91,42,61,78,48,40,88,34,18,30
12,59,12,37,80,45,3,47,21,28,5,12,76,72,80,13,57,71,91,1,34,27,81,66,21,94,50
11,34,88,30,9,79,22,42,70,38,39,1,64,38,91,63,71,57,19,68,95,97,44,64,73,80,34
66,70,16,49,100,10,91,8,2,6,62,1,19,5,2,74,21,31,75,4,4,25,91,6,26,84,56
10,38,7,9,46,34,86,16,8,78,99,94,41,91,66,90,47,55,40,54,86,66,69,91,79,28,83
79,68,61,37,6,23,47,14,98,22,76,11,63,73,70,25,89,56,12,47,94,59,57,72,22,32,85
8,40,31,73,87,15,54,50,27,89,9,9,37,73,78,59,45,76,79,31,32,29,92,30,31,56,100
69,94,28,17,80,76,90,85,94,85,47,74,59,51,11,2,91,64,23,67,69,52,59,23,68,96,21
97,78,15,54,23,43,96,46,15,83,67,32,73,52,5,39,59,50,38,42,80,77,3,13,82,96,53
82,45,20,79,63,90,30,70,48,72,54,41,0,80,17,14,50,48,80,44,27,90,60,80,75,35,100
23,85,42,28,79,89,7,19,67,35,22,83,20,79,92,16,36,70,80,7,54,36,16,29,5,41,44
63,72,20,67,90,57,64,64,51,19,14,48,67,20,42,95,6,52,77,50,95,8,79,89,9,25,65
79,10,56,24,44,70,80,92,31,58,17,57,76,18,72,24,72,7,94,42,3,22,74,50,1,35,23
14,25,86,4,89,51,76,98,8,42,62,87,37,71,4,85,83,39,78,41,51,32,7,84,58,71,50
1,61,59,9,35,36,31,67,94,2,69,62,31,27,70,10,72,13,48,19,89,66,61,81,96,70,97
83,26,1,53,63,41,98,84,68,7,45,48,42,48,11,59,81,94,74,50,37,2,95,90,14,13,68
3,17,27,93,0,23,48,60,54,92,32,20,5,97,59,21,14,73,36,10,2,3,84,2,29,37,63
78,21,64,27,14,7,28,29,97,82,14,5,69,29,50,66,65,2,15,51,99,59,23,13,44,32,69
25,95,78,66,78,88,57,6,67,67,22,9,59,38,38,80,12,36,91,26,15,10,93,4,58,39,56
8,6,7,81,59,63,33,98,46,87,24,40,35,85,40,5,46,98,49,24,86,98,22,26,81,52,91
57,35,67,60,45,33,22,39,95,69,36,2,5,77,1,4,22,74,67,99,11,74,95,75,58,27,52
88,36,47,17,38,30,23,56,84,10,59,1,47,2,86,95,8,88,13,14,7,7,59,97,13,57,45
29,53,87,72,25,51,33,57,32,79,97,19,63,56,59,27,16,80,48,100,85,7,31,7,90,64,71
92,59,10,15,67,94,43,71,16,42,24,51,33,0,88,79,85,47,72,99,63,48,90,83,5,95,93
93,46,87,79,9,91,38,51,28,22,61,58,2,18,13,92,69,70,5,80,66,0,8,94,100,53,47
26,1,35,93,4,95,21,49,15,90,86,27,40,95,8,60,18,2,10,12,58,64,65,39,48,62,95
69,84,32,40,84,71,3,32,91,39,74,26,12,11,63,58,91,5,95,53,72,73,65,40,96,24,42
69,39,23,57,40,42,63,88,4,15,53,7,71,80,16,88,40,76,14,1,65,80,8,73,49,29,51
97,96,29,76,14,94,96,14,94,37,36,34,24,33,53,94,84,84,9,3,5,27,32,55,4,63,48
70,82,61,75,0,44,25,53,9,0,37,69,43,21,74,87,47,86,42,94,91,55,44,6,14,63,85
57,22,63,13,65,42,79,63,15,95,14,25,74,53,89,100,17,85,45,22,86,39,89,21,46,73,40
8,46,3,100,49,39,0,65,36,61,34,78,11,65,17,66,30,1,77,17,20,30,20,47,54,92,98
77,45,0,32,30,59,74,14,92,12,85,49,73,33,39,47,11,17,49,5,88,76,79,62,21,93,66
27,57,10,17,66,57,79,19,80,47,52,6,90,49,88,42,9,42,19,56,78,27,10,88,68,44,66
93,45,93,26,63,66,43,18,35,77,45,72,72,6,55,70,5,90,30,10,76,68,7,29,6,57,59
14,99,95,14,67,35,76,8,13,23,98,18,0,39,34,86,50,43,80,62,78,37,29,93,99,6,39
84,25,20,38,56,75,6,53,18,24,36,41,77,42,9,14,99,21,26,42,38,67,73,7,0,84,80
45,39,17,8,7,79,72,47,33,17,66,97,13,91,41,66,25,77,45,26,51,77,95,95,36,89,98
64,94,59,78,21,1,66,74,100,62,47,85,85,36,57,49,29,61,30,99,6,34,8,69,84,44,60
68,74,4,68,66,24,17,88,70,1,79,11,8,22,57,82,6,16,24,80,95,76,82,6,46,26,62
38,31,9,3,24,47,38,2,50,36,96,73,98,81,1,22,12,48,4,23,11,69,68,54,91,22,80
86,22,92,32,73,24,56,62,16,46,79,32,23,60,80,34,20,20,23,18,87,45,55,99,88,65,67
35,51,90,97,66,69,59,19,26,44,6,36,85,15,36,35,95,1,24,98,98,16,49,100,64,42,84
78,79,25,53,68,16,23,52,73,16,5,41,46,4,36,100,5,19,64,98,9,31,13,56,54,78,90
93,12,76,20,23,35,37,51,25,49,73,56,42,29,81,7,28,29,74,40,67,47,7,36,72,24,31
100,32,84,21,18,31,51,12,76,89,83,26,100,27,97,81,67,98,70,83,92,7,98,12,62,21,96
77,7,87,17,50,87,34,64,1,51,78,77,55,20,50,73,53,38,89,18,75,91,59,17,61,65,1
43,70,73,48,45,78,63,46,72,39,6,41,91,32,14,22,46,44,75,67,78,32,78,55,21,85,43
77,1,12,80,30,42,36,34,45,43,75,14,5,0,4,81,90,90,49,32,36,69,55,45,100,55,41
43,8,70,59,95,16,18,7,70,96,46,21,50,58,31,27,12,74,27,43,70,50,20,96,74,62,97
19,25,87,21,66,66,37,47,7,29,95,22,69,36,9,14,26,81,26,98,11,95,83,28,20,8,89
22,13,90,100,18,23,16,88,55,77,30,81,45,17,29,0,96,92,53,70,66,74,53,86,28,40,41
80,51,16,44,5,96,0,22,70,26,90,8,49,44,7,85,60,96,3,35,6,2,82,53,75,34,35
17,36,7,78,69,100,57,70,89,48,34,68,77,94,16,75,37,30,40,39,71,7,28,91,68,82,97
36,95,60,99,17,22,38,39,25,35,50,55,0,36,19,61,78,1,39,63,20,27,46,32,8,27,12
2,42,48,54,46,24,81,57,39,73,65,19,72,92,0,25,74,65,89,86,25,21,90,9,23,85,64
51,68,47,83,43,47,82,19,91,4,66,61,67,26,77,54,22,42,83,41,53,67,12,13,47,71,90
26,19,35,42,94,94,72,62,93,98,54,5,31,80,15,86,8,23,7,99,47,82,36,68,41,37,91
36,64,65,87,41,57,90,0,61,47,24,69,97,60,34,28,59,67,21,0,88,61,37,75,12,30,100
23,39,19,76,46,58,73,35,24,63,52,77,93,78,25,14,89,92,82,9,72,45,5,100,43,58,32
78,68,96,99,44,3,57,72,31,22,33,96,79,0,76,26,98,91,24,89,26,16,73,6,75,68,95
55,88,74,99,31,9,78,7,58,92,57,53,58,55,40,4,52,66,77,22,9,36,24,28,82,74,77
77,4,17,42,76,40,96,70,87,30,49,18,52,4,2,90,31,12,7,71,52,71,71,33,88,74,21
4,98,82,22,28,55,29,69,76,2,14,4,90,3,20,51,60,83,6,71,99,25,25,20,51,89,61
77,26,33,74,58,40,64,71,33,11,78,53,10,95,45,39,37,12,62,73,38,20,69,99,67,88,62
16,91,89,31,40,14,34,52,10,96,9,53,13,34,6,64,47,10,74,85,93,21,65,63,40,82,45
27,33,91,7,96,28,21,47,42,25,17,40,82,6,75,84,73,38,99,30,24,69,47,42,8,11,63
49,19,38,47,15,93,53,89,14,68,35,20,23,0,0,86,96,7,98,35,56,94,57,54,73,28,88
92,66,98,10,50,37,35,38,26,70,79,32,91,47,12,44,82,25,82,5,85,21,91,75,98,67,74
34,51,88,14,77,36,29,9,93,71,42,84,99,94,47,94,5,89,32,21,51,45,4,95,51,11,66
44,34,12,36,20,11,71,40,15,86,63,89,9,48,56,29,17,68,71,77,65,38,59,72,34,40,60
37,55,84,7,2,7,41,36,6,71,8,83,19,86,24,55,7,13,6,92,46,45,94,80,92,32,71
72,87,4,18,90,18,41,81,1,11,32,73,93,89,71,38,56,63,99,63,53,7,81,88,0,21,5
72,63,1,33,42,45,89,97,75,24,32,91,27,89,73,95,17,14,18,22,6,50,36,72,95,27,44
1,97,5,28,71,45,90,24,94,52,26,91,62,83,24,72,80,26,9,91,70,92,51,25,22,86,27
53,15,31,14,31,97,16,46,39,44,35,26,10,53,10,74,66,73,72,24,77,44,9,23,10,34,88
69,34,33,92,9,57,47,61,85,87,79,74,93,1,72,36,27,35,27,11,84,17,26,21,44,66,38
39,72,89,3,1,96,35,10,79,40,60,2,29,53,31,14,91,11,65,85,11,28,19,87,20,88,48
74,11,39,89,31,45,54,36,46,16,66,18,81,67,67,52,37,86,27,99,79,45,33,52,6,68,55
55,5,66,76,27,83,92,24,24,29,19,67,0,5,10,33,54,50,50,99,33,19,63,15,94,14,47
77,9,60,70,31,79,14,56,41,50,48,25,4,36,47,31,17,21,14,75,88,23,24,45,31,5,75
45,67,78,48,36,10,31,87,82,49,32,28,28,72,37,48,94,61,21,69,19,69,43,100,88,35,84
88,95,91,56,47,33,70,55,8,99,2,12,72,91,68,88,94,53,86,36,44,72,11,66,59,16,63
13,44,0,45,40,84,10,86,87,27,10,79,50,62,1,40,100,8,13,22,1,55,19,97,16,88,32
67,13,25,34,59,34,41,61,2,38,44,76,78,27,50,90,45,44,41,18,70,52,46,91,33,81,56
0,94,76,12,62,15,53,45,59,25,13,91,84,99,25,34,41,22,66,62,17,50,39,41,85,24,21
59,25,18,86,0,92,21,94,84,73,92,90,39,78,71,51,11,46,84,61,32,1,85,14,77,72,24
24,37,62,61,67,86,61,28,72,84,71,57,1,36,50,81,51,23,97,11,26,26,61,37,86,26,92
45,95,13,32,50,79,10,63,19,56,71,19,60,39,52,61,17,99,37,74,51,67,65,94,25,48,77
24,77,70,19,31,97,49,32,43,11,27,23,70,41,98,28,39,58,85,7,31,47,34,17,79,62,22
76,10,92,56,92,93,31,51,84,46,42,65,78,53,92,19,88,42,63,0,41,99,82,1,39,33,29
87,20,16,54,95,7,88,96,8,2,22,88,27,4,62,33,27,45,58,10,88,69,10,7,14,62,56
73,53,2,1,58,72,61,78,98,87,94,85,76,69,43,32,36,99,38,26,61,23,46,10,97,26,62
58,24,86,69,46,1,23,98,64,2,40,11,60,58,53,43,75,60,74,67,74,62,81,61,50,59,35
57,14,50,19,75,17,94,40,16,90,94,15,13,33,98,24,68,57,37,62,82,71,14,28,5,22,5
33,12,0,11,82,1,42,5,11,39,71,14,48,53,33,100,18,13,11,25,87,66,41,11,12,43,90
3,98,52,56,99,77,95,87,29,55,51,68,22,73,87,6,98,0,53,10,41,23,39,21,16,11,88
12,61,51,29,25,30,52,8,57,59,29,73,18,99,89,26,11,42,52,88,18,14,60,18,80,62,46
6,30,75,47,32,63,43,20,2,27,28,10,54,91,62,60,51,11,74,89,21,37,42,59,48,2,32
90,42,73,33,31,91,41,13,90,40,23,91,30,90,30,82,87,25,32,96,44,76,80,29,34,0,15
93,8,74,41,98,31,81,10,32,75,40,47,53,58,12,1,1,13,41,50,68,57,21,21,37,36,5
84,98,15,21,54,23,31,39,27,29,15,49,17,95,9,10,23,28,91,55,66,78,39,35,80,14,38
43,24,99,28,92,64,30,49,28,70,30,13,99,87,3,78,10,15,85,63,84,90,35,52,26,59,10
69,95,53,73,22,64,54,87,96,45,63,43,76,89,21,87,73,67,32,95,80,0,12,15,32,98,38
54,73,80,73,32,73,20,10,67,84,42,100,53,84,29,77,1,9,98,83,80,97,26,60,57,76,94
33,25,82,31,61,10,87,24,93,49,40,51,59,10,60,20,26,82,6,58,12,2,28,10,4,25,96
69,99,11,90,73,57,82,79,97,42,43,71,84,85,48,3,74,9,73,50,79,32,35,71,53,63,16
42,81,76,11,71,26,63,22,45,82,83,62,96,52,35,67,54,26,57,85,64,59,41,19,81,74,25
4,9,88,42,87,6,100,93,75,6,41,81,9,5,92,22,29,48,39,9,90,90,80,68,34,41,89
24,67,1,5,93,96,75,30,19,41,63,76,78,45,73,83,37,51,21,22,52,60,14,3,90,43,9
88,59,27,50,60,79,11,81,68,88,91,18,10,43,62,71,68,45,7,63,82,70,10,3,58,20,30
97,60,77,23,100,84,81,84,44,18,68,68,100,66,51,44,49,36,74,99,6,18,91,85,49,13,66
91,29,65,35,100,100,74,4,76,43,47,53,19,43,30,89,85,24,4,2,48,48,76,56,89,61,41
27,79,15,4,28,76,44,72,48,87,81,48,50,10,80,54,10,11,36,75,36,0,96,42,8,10,93
29,57,34,2,84,100,18,4,21,94,93,3,90,6,10,19,41,19,49,21,79,4,49,45,15,84,71
10,70,3,14,44,62,80,83,52,48,28,33,34,82,52,18,13,27,58,76,21,20,44,83,64,18,26
34,67,10,31,48,0,22,46,30,45,5,38,60,78,84,45,34,58,60,77,45,46,100,20,89,2,79
57,57,72,45,55,42,18,34,88,96,85,28,52,75,81,45,29,32,67,57,27,36,70,65,83,14,83
95,23,66,38,100,35,47,59,17,45,47,17,82,90,65,41,71,51,96,80,59,82,96,31,55,49,88
69,32,10,32,31,60,63,57,46,68,75,54,64,42,34,95,9,100,11,26,85,88,6,91,78,6,44
31,74,59,35,86,9,10,39,35,99,90,70,92,9,15,43,33,79,0,93,78,14,53,69,67,42,90
81,97,8,5,28,1,1,43,20,6,46,25,6,67,39,62,44,17,96,13,93,75,35,32,58,64,98
71,48,58,46,99,49,54,1,46,47,93,35,15,23,28,18,77,39,71,56,41,95,9,31,60,66,54
53,44,49,86,100,69,22,99,23,13,35,17,53,93,1,88,36,2,80,65,74,12,57,2,20,15,73
88,73,8,7,78,2,24,29,3,56,44,2,2,5,17,32,91,55,16,82,23,21,74,8,30,21,95
45,75,68,44,88,88,100,63,73,87,82,87,34,58,58,50,11,20,88,74,94,4,57,41,76,1,33
50,97,25,39,47,7,35,6,15,94,70,72,84,26,99,74,24,81,82,13,31,23,85,97,74,29,57
15,38,51,76,94,24,41,54,14,36,98,28,79,56,21,19,68,0,46,65,46,21,18,19,32,86,24
82,60,25,15,45,69,70,36,19,42,66,6,42,73,95,6,37,94,36,93,43,0,46,93,19,46,36
23,34,26,39,87,1,77,90,1,71,90,86,39,69,59,59,88,42,51,49,24,17,73,5,88,100,86
90,95,66,87,82,9,65,3,4,79,35,90,98,33,34,77,23,54,24,31,37,59,85,91,46,7,63
51,6,11,67,57,24,95,8,23,78,15,6,35,87,54,64,79,34,63,68,18,59,42,64,25,73,32
28,85,6,47,11,93,18,31,33,76,49,39,14,40,26,18,87,14,30,83,70,51,5,66,57,57,76
58,37,98,99,70,2,85,31,38,78,93,21,53,23,72,92,70,28,12,42,90,44,15,46,74,5,100
45,67,45,15,1,59,79,3,12,35,79,2,29,68,6,33,47,48,79,18,33,83,67,95,30,19,53
68,44,87,61,59,19,28,65,63,95,6,38,72,54,33,45,68,0,69,37,46,46,31,31,41,89,31
32,62,76,42,31,51,58,86,48,39,60,70,35,91,21,99,50,78,8,61,88,65,78,99,54,27,63
85,90,93,99,70,100,75,10,65,91,73,2,16,36,81,46,75,81,25,27,41,64,9,7,91,90,41
70,80,100,30,97,36,83,34,50,67,49,5,64,43,69,89,3,14,59,64,60,11,52,31,17,78,14
86,75,49,35,80,45,80,3,60,53,17,38,34,91,62,68,60,71,29,14,30,92,96,90,17,96,36
93,86,8,29,1,67,84,78,33,93,23,94,25,54,24,76,24,25,40,65,37,64,30,66,84,87,99
46,47,37,25,90,50,9,17,3,81,77,100,96,20,6,94,93,100,88,83,95,88,25,27,92,61,59
8,44,57,93,66,48,66,93,48,48,79,75,12,76,55,33,68,3,72,24,78,55,26,73,90,4,1
65,65,18,78,91,73,24,86,95,65,21,18,35,44,72,95,73,84,66,1,38,70,23,12,53,68,67
60,48,78,43,96,23,73,0,26,32,23,45,40,91,25,32,34,95,93,79,55,14,34,36,61,35,64
81,50,47,23,49,70,3,61,39,42,88,42,42,93,56,71,3,59,5,70,42,33,42,39,47,89,80
76,66,78,23,45,76,79,98,9,83,29,66,26,26,69,78,87,81,77,58,25,100,18,49,83,64,33
77,92,20,84,17,24,8,43,27,69,20,100,65,7,12,46,39,44,41,37,25,66,59,86,83,64,26
1,89,98,60,32,17,57,64,13,21,57,18,81,87,35,46,0,31,90,13,22,78,64,35,41,46,77
26,16,35,91,92,39,66,52,7,57,71,92,14,95,37,100,34,4,61,90,20,38,13,99,17,77,27
21,72,8,54,32,68,69,56,64,56,78,97,98,14,6,55,46,100,89,67,43,66,57,35,32,18,93
48,18,100,73,64,3,11,50,22,31,26,56,83,16,15,7,11,91,5,69,29,47,3,14,6,55,71
24,35,66,58,9,19,45,38,71,64,2,81,41,89,52,6,25,9,83,64,17,73,46,49,68,98,30
2,35,94,38,66,85,95,47,89,5,87,42,55,13,33,78,10,11,71,58,39,20,22,86,69,77,88
25,55,75,29,5,40,64,14,4,88,19,34,22,52,63,39,100,55,21,36,34,10,94,83,90,36,60
46,8,30,56,13,12,60,93,47,53,48,35,8,35,26,74,70,32,6,18,79,34,19,40,44,64,8
20,91,7,22,76,96,38,30,26,19,3,52,56,16,22,86,22,30,85,21,58,12,93,58,8,54,26
31,4,31,22,46,7,17,61,48,53,98,48,92,58,69,48,17,4,6,44,57,76,5,100,25,45,45
61,84,24,39,7,29,8,49,88,0,35,88,97,71,40,20,4,28,87,77,45,94,80,69,46,71,21
61,76,13,98,18,53,56,90,52,91,52,6,69,100,95,41,56,74,96,53,78,79,38,55,0,18,97
54,89,33,83,69,29,54,52,10,91,50,37,22,5,46,46,14,1,96,11,76,28,28,89,5,62,59
6,63,18,66,71,32,68,100,17,52,33,23,70,68,89,20,16,100,62,67,69,0,17,26,92,86,93
36,2,73,71,19,70,21,3,2,84,78,3,43,34,25,71,53,10,66,8,44,66,1,96,25,33,10
17,22,61,98,12,70,16,99,70,40,65,88,70,25,76,2,13,18,4,30,93,12,34,37,41,7,90
84,37,81,25,82,77,92,86,73,92,26,28,26,32,25,18,9,98,5,8,66,15,19,2,30,92,96
78,91,76,68,52,90,30,42,59,31,22,94,36,55,74,4,97,26,71,71,52,91,6,98,86,60,73
11,53,43,40,54,86,26,70,8,78,25,16,99,90,49,81,51,53,97,56,42,39,84,97,77,33,37
6,29,63,92,78,10,87,68,12,51,29,98,13,35,71,29,89,33,45,13,98,0,6,13,90,48,80
71,93,11,11,29,29,70,80,70,63,36,52,97,45,36,94,21,75,55,73,27,95,88,30,28,95,22
70,0,90,61,68,33,94,27,32,55,24,84,52,3,84,94,59,37,92,20,74,75,90,14,95,21,74
72,58,60,2,85,29,41,29,36,61,69,84,69,53,53,45,100,6,8,49,14,4,74,76,93,70,45
64,60,7,47,30,36,85,7,16,1,92,39,98,70,58,51,17,7,62,88,78,63,37,28,76,59,19
20,1,26,44,23,11,93,54,60,52,54,32,89,10,33,69,45,50,12,98,83,57,16,24,64,45,65
38,3,8,65,76,73,35,79,20,58,17,8,53,36,15,6,42,95,48,91,65,57,52,89,34,12,34
32,89,20,40,13,98,23,57,76,5,69,21,81,59,83,26,37,93,21,75,34,83,55,77,19,40,16
67,3,49,25,22,49,15,25,73,12,86,63,95,88,92,93,19,55,25,21,58,95,9,36,26,56,96
11,62,91,97,76,34,90,15,23,47,88,46,90,38,99,87,24,40,24,3,85,75,18,38,76,12,72
48,0,86,34,3,21,15,15,52,96,17,66,6,7,30,34,6,38,13,49,29,44,2,50,45,14,52
85,5,51,46,4,11,98,77,24,86,56,28,10,28,51,89,76,71,92,80,21,89,56,64,88,27,63
56,50,43,89,62,85,73,24,43,7,4,51,84,53,7,76,32,55,7,46,34,32,65,43,24,86,68
3,6,92,59,68,26,22,77,17,14,56,55,29,67,62,62,21,92,0,97,98,6,77,57,26,83,37
96,10,83,81,43,33,44,67,42,55,44,66,74,45,81,19,65,96,97,85,100,39,88,40,41,2,15
61,57,59,77,73,74,37,45,49,37,3,38,70,87,5,71,91,6,18,83,52,71,59,68,72,64,80
17,23,8,29,95,58,69,71,26,19,8,18,49,76,79,50,30,56,57,36,78,61,80,64,69,6,14
34,5,8,89,36,73,91,87,81,62,89,41,61,37,84,71,6,87,47,60,49,17,65,12,58,20,87
84,90,94,63,53,52,70,26,12,18,55,22,59,6,43,40,58,1,63,71,89,17,37,11,9,2,18
86,37,62,2,11,39,36,21,57,56,25,15,73,19,58,26,79,40,76,99,61,62,70,65,93,1,97
16,3,60,4,17,84,56,82,35,38,6,20,99,62,99,31,11,53,75,40,48,21,73,77,53,18,27
3,88,15,21,20,71,10,79,63,52,8,52,77,55,63,39,78,5,65,8,81,38,52,56,88,8,86
41,79,31,50,14,0,11,44,55,42,24,74,98,6,54,72,21,95,48,64,74,68,1,11,95,60,9
84,62,26,83,14,91,94,74,100,26,91,87,53,81,43,81,31,29,100,42,50,94,70,73,99,64,47
34,87,100,56,74,7,21,1,57,76,18,53,42,40,51,71,29,100,38,85,2,72,35,79,7,46,6
29,85,14,76,98,75,96,52,46,72,70,3,76,34,58,95,41,79,39,63,27,7,40,81,67,100,37
29,97,11,64,39,20,39,75,9,28,28,2,48,49,3,8,30,32,84,73,24,15,19,30,29,22,40
6,71,43,39,45,80,44,26,97,69,62,36,86,53,90,75,96,100,36,12,25,12,90,52,49,67,37
60,73,38,2,25,32,54,5,28,78,26,90,64,40,35,35,24,38,11,98,69,78,19,41,37,70,36
55,38,79,25,98,14,58,72,28,96,88,97,36,51,73,33,81,17,6,16,11,95,64,49,88,20,11
70,31,75,47,26,33,12,26,6,51,49,76,85,36,86,58,38,14,89,8,77,100,23,65,8,16,61
6,9,95,9,9,43,70,82,4,62,8,40,36,85,78,73,83,38,21,74,22,64,95,51,9,30,100
64,85,80,15,53,21,66,3,54,35,62,100,16,68,9,11,65,37,92,13,29,15,45,88,59,90,53
0,74,37,22,42,9,34,18,82,24,23,17,85,50,10,50,20,40,53,37,93,54,91,13,75,92,35
38,7,64,53,20,18,32,3,7,28,12,24,29,28,21,95,88,54,6,69,71,93,99,1,99,64,84
45,34,70,68,32,91,2,77,27,34,91,2,34,9,60,29,6,2,84,82,35,67,84,7,76,47,81
15,8,9,64,17,3,96,40,18,69,45,83,39,70,46,90,98,75,62,70,11,30,85,28,79,32,38
28,40,62,88,35,85,1,99,38,32,11,30,44,3,3,5,26,51,4,11,48,13,10,50,80,64,12
16,79,17,9,17,8,76,20,47,90,41,78,52,15,95,47,38,53,91,84,81,4,66,24,94,30,76
9,88,86,73,5,20,38,82,50,82,38,56,93,36,28,56,57,91,97,84,55,44,40,58,62,99,81
25,67,49,76,37,76,84,24,10,97,57,7,82,28,94,89,71,87,62,53,35,88,78,3,30,88,68
41,81,0,49,21,62,70,5,84,79,18,98,78,1,57,41,52,21,47,20,14,28,29,48,27,89,35
1,11,81,36,75,25,2,48,78,54,34,36,57,45,77,12,70,88,21,21,81,11,6,35,41,78,0
30,13,57,87,66,56,71,52,18,62,41,58,18,76,15,78,8,7,5,93,92,59,43,55,71,96,2
28,41,77,5,31,81,22,59,0,53,18,8,63,81,96,1,62,97,24,3,74,65,79,54,50,30,83
21,74,89,87,46,98,9,69,51,62,86,92,22,52,76,87,48,85,52,4,13,51,46,82,17,28,32
54,50,67,11,28,38,27,61,82,46,46,7,49,71,53,37,31,72,86,44,89,93,95,1,55,72,69
70,12,15,98,58,56,69,55,47,77,21,27,53,4,46,41,22,93,45,17,52,7,38,56,78,55,32
88,35,76,88,94,79,64,39,17,25,45,49,79,83,35,93,73,35,35,92,46,87,10,45,6,67,72
85,11,96,65,35,91,82,72,17,98,55,53,100,62,96,25,35,49,70,10,0,53,9,12,21,26,66
76,70,60,12,30,40,99,94,77,86,9,80,51,21,66,80,93,20,68,77,92,97,10,60,7,22,97
44,57,15,98,14,56,14,6,58,46,14,50,96,13,93,38,66,93,22,83,84,14,30,5,57,13,65
37,20,95,51,49,13,10,7,22,21,68,81,95,67,71,18,50,29,13,3,26,70,88,60,85,70,96
5,41,77,89,61,88,28,45,30,1,1,2,94,81,10,22,63,2,49,33,74,94,92,27,83,35,24
37,20,89,39,6,37,19,74,43,56,85,27,36,18,30,65,15,63,50,67,78,4,45,66,92,85,89
1,91,69,9,1,1,53,42,8,87,52,96,45,93,62,76,69,30,73,20,28,61,99,73,88,52,19
55,52,81,47,88,66,4,72,91,75,26,71,20,70,7,7,55,23,78,48,20,22,13,7,38,26,95
70,43,9,69,36,29,33,21,20,44,30,38,72,18,10,96,12,0,63,19,81,45,11,77,97,28,15
71,12,78,85,78,43,91,64,21,41,68,97,76,18,12,31,68,49,85,50,90,95,75,23,51,16,68
50,59,96,98,45,67,40,60,98,36,9,86,48,42,62,33,79,47,2,36,95,59,18,13,59,97,50
81,74,17,46,80,79,34,43,51,96,15,63,28,93,93,95,63,9,67,57,26,47,38,6,21,72,57
76,9,13,97,28,43,56,90,5,50,22,45,21,24,26,54,72,56,40,68,17,87,28,87,48,60,2
47,55,78,35,80,38,62,31,62,95,60,21,38,91,8,33,35,92,41,97,33,52,36,90,17,80,61
74,34,34,43,17,39,25,13,28,21,60,81,90,32,70,4,87,40,2,91,16,57,54,62,13,85,22
100,53,98,24,19,44,31,0,45,100,50,71,8,20,27,52,6,49,74,68,81,11,68,19,100,72,58
56,63,56,51,47,30,56,56,62,94,29,68,97,25,4,61,43,4,28,41,30,67,50,13,86,90,40
24,38,64,93,60,34,85,97,70,62,11,76,16,73,19,77,73,80,62,43,82,76,0,92,26,8,13
97,44,28,59,67,24,97,90,39,54,81,25,86,47,54,29,24,90,36,74,40,20,57,4,65,16,82
11,1,58,70,15,38,3,57,45,14,90,68,42,23,30,9,26,86,23,45,66,7,98,39,19,58,42
75,74,17,32,84,83,46,88,51,49,27,74,88,67,40,81,45,15,26,98,81,70,75,54,32,59,81
48,41,13,32,49,93,8,54,98,17,44,43,38,67,92,67,49,27,78,68,96,31,1,81,95,3,100
93,42,78,44,92,20,47,30,15,49,94,73,91,48,15,17,65,28,39,95,5,95,38,98,68,81,30
3,43,26,73,55,43,48,73,87,24,90,9,57,3,29,16,95,15,27,35,98,54,84,71,10,3,53
93,56,38,41,84,100,98,75,58,43,50,56,0,37,82,91,89,92,13,60,65,62,39,78,83,58,25
44,18,30,11,69,87,76,22,13,81,7,60,33,35,36,100,72,75,45,67,48,37,12,20,62,97,43
29,93,5,60,53,19,54,69,78,75,6,45,60,95,25,56,92,38,1,45,76,68,40,78,43,25,57
24,84,7,66,58,2,90,71,94,4,27,35,91,17,38,92,85,82,96,43,40,16,65,33,55,79,67
5,83,98,56,78,91,5,77,68,73,95,27,30,80,82,74,24,33,83,94,43,59,32,48,25,43,5
9,10,94,39,20,94,94,53,20,39,43,59,3,68,34,26,90,76,23,65,88,43,89,63,93,21,35
6,82,89,67,45,77,41,16,44,33,8,30,46,35,23,100,45,49,40,42,81,61,49,12,84,73,31
47,7,71,60,75,49,59,56,19,85,13,9,2,3,57,76,45,48,72,84,83,15,80,7,74,17,54
58,25,44,60,19,93,63,63,49,19,76,69,46,44,64,12,73,12,77,60,50,98,13,59,32,40,31
28,8,3,68,47,60,1,59,11,67,59,69,7,71,92,33,34,89,91,37,78,82,74,51,13,52,69
91,87,11,60,11,16,59,25,44,11,11,48,61,72,15,57,20,0,23,35,37,27,22,18,80,24,76
64,86,43,30,35,60,3,86,59,6,81,31,77,0,50,50,73,57,21,53,50,26,3,15,39,59,30
90,3,99,66,65,38,77,60,77,71,22,91,17,100,28,28,75,81,44,58,61,56,11,65,83,84,87
19,62,5,50,52,11,31,50,73,38,57,12,68,77,23,42,27,34,80,90,5,31,20,36,60,77,6
82,36,49,48,16,66,7,64,23,91,50,2,39,78,11,74,89,85,73,65,16,30,11,2,46,20,81
95,28,100,73,38,76,51,96,73,99,0,28,41,5,6,49,35,74,7,86,53,72,96,0,39,12,17
10,98,88,84,91,93,46,56,84,13,8,86,5,43,62,82,1,40,23,81,98,95,47,20,79,75,100
21,4,98,66,67,94,70,50,7,58,81,88,80,86,97,36,100,48,11,44,13,42,4,67,14,69,68
23,55,44,86,5,30,18,8,1,42,71,57,54,27,94,33,1,69,89,47,2,79,64,83,7,100,79
93,40,87,81,62,60,6,31,99,60,6,82,88,19,10,86,72,62,8,54,42,14,14,94,53,46,34
100,42,81,66,15,53,93,57,34,6,98,94,74,81,48,7,37,34,4,65,51,23,61,52,99,12,34
33,6,81,4,46,55,3,43,77,79,77,17,94,17,92,68,91,36,84,96,21,62,9,95,91,98,85
63,74,40,60,74,69,68,23,83,9,61,35,69,45,50,73,48,80,67,79,62,66,20,78,64,13,98
73,39,89,41,80,38,89,36,78,35,68,37,100,14,61,66,75,23,22,72,0,30,15,66,32,30,53
93,43,71,56,99,60,8,48,6,39,78,23,66,66,62,20,76,8,15,3,93,93,61,69,80,65,6
68,43,71,5,23,83,88,34,69,70,58,30,92,96,14,99,20,49,88,11,80,70,5,83,49,31,14
2,27,94,38,7,68,68,69,15,21,16,96,38,94,4,40,25,32,75,47,16,1,99,0,21,42,62
10,60,65,55,64,80,49,92,82,36,5,12,22,98,47,49,93,21,81,85,47,61,72,18,23,78,10
74,75,48,10,2,30,98,71,17,27,35,33,89,97,82,44,63,39,92,66,96,14,95,54,28,79,49
67,100,44,53,7,58,34,89,11,4,23,51,78,65,37,76,61,63,23,29,27,30,33,89,73,31,42
72,78,57,90,62,94,43,78,57,2,2,9,12,22,46,77,83,49,42,87,51,61,75,82,74,20,78
71,16,36,53,12,72,51,74,96,75,49,39,1,67,4,34,86,26,94,36,26,28,0,49,4,37,25
94,10,77,31,87,97,48,59,69,32,97,8,66,26,26,14,11,12,35,68,5,25,83,44,88,55,92
87,84,63,92,61,26,11,4,25,24,33,74,87,4,8,69,26,7,77,45,37,44,20,98,68,18,96
23,59,59,8,34,31,89,25,4,58,45,2,26,85,19,72,11,21,61,67,22,20,88,68,40,60,50
6,52,92,24,49,19,36,73,4,67,87,97,88,69,91,81,29,86,49,34,37,14,73,26,3,57,70
37,82,79,61,57,7,48,73,3,60,44,86,62,77,43,47,98,68,3,43,28,11,79,22,64,87,24
85,75,41,57,20,79,35,81,77,69,73,64,81,40,73,36,8,2,78,32,22,25,23,17,31,45,36
25,24,67,11,8,75,88,38,4,97,50,16,17,79,83,56,25,42,89,91,61,37,100,50,99,75,77
10,67,84,4,42,98,7,19,45,70,71,49,81,33,98,23,35,83,93,95,71,91,24,65,51,72,43
23,44,52,9,89,62,3,93,42,20,8,59,14,58,92,15,0,40,9,36,63,99,21,68,98,52,1
18,79,65,56,87,69,43,1,97,9,94,52,88,22,32,75,87,37,14,1,99,84,3,54,38,91,12
29,40,52,34,23,0,30,33,6,76,52,61,95,55,86,90,31,34,29,87,0,7,90,4,6,62,71
97,50,50,10,65,95,74,2,58,62,64,75,74,59,99,58,54,25,31,64,75,91,7,23,12,15,90
80,11,67,67,35,76,80,9,66,58,10,80,34,68,11,72,67,61,4,12,52,21,21,17,54,2,41
13,52,58,37,97,11,71,93,32,85,47,42,56,16,20,5,65,46,87,25,36,30,15,23,13,22,97
0,45,19,18,57,84,16,87,91,100,93,21,65,10,2,8,67,52,72,68,100,88,13,95,62,41,82
64,0,20,32,49,2,21,67,75,26,10,53,46,0,23,36,52,30,16,74,20,49,78,16,33,75,41
31,80,33,74,10,5,38,24,20,66,86,24,46,37,42,16,17,68,83,17,76,30,39,81,74,64,64
43,86,23,52,33,47,72,60,72,8,92,28,72,52,71,8,79,48,78,57,16,21,12,8,2,16,37
24,17,40,62,80,18,10,10,30,38,46,12,16,8,20,66,14,31,8,3,1,91,19,4,70,0,91
46,94,97,97,81,80,94,74,11,62,99,6,43,47,13,34,49,89,38,15,75,39,1,3,45,43,15
0,20,77,9,40,64,91,38,39,49,67,82,92,31,61,25,64,33,3,49,32,55,7,97,92,100,91
87,3,76,54,51,11,14,95,52,58,43,9,81,24,51,53,54,96,29,8,59,35,13,77,92,57,36
44,16,13,51,17,98,84,17,32,63,17,56,94,65,73,25,65,37,39,77,72,42,47,15,80,5,95
60,54,66,73,72,47,35,42,75,93,32,4,70,6,68,58,44,56,50,40,21,30,17,6,58,92,46
96,64,21,53,85,78,88,43,43,53,96,11,100,80,57,37,55,25,79,59,60,27,65,0,76,22,28
71,79,69,34,30,87,90,31,8,44,20,23,62,48,28,62,88,49,41,82,17,70,86,79,29,40,38
69,26,57,30,91,3,67,1,75,46,100,14,48,80,67,30,11,81,49,45,37,91,97,66,61,65,74
62,52,63,16,78,1,78,10,23,64,39,94,17,48,96,61,40,32,54,48,92,15,24,22,68,99,37
79,26,82,27,14,17,93,10,68,35,99,0,43,66,46,33,82,18,20,87,13,38,69,45,75,75,76
53,51,11,76,95,5,56,1,55,84,72,84,10,80,98,36,59,3,64,62,52,35,63,1,14,51,5
85,68,82,6,21,23,43,53,29,44,50,55,82,98,87,90,62,33,80,57,56,40,90,34,40,75,77
78,77,94,99,31,45,1,8,0,54,73,42,94,82,0,91,0,20,72,34,77,35,24,21,83,13,4
80,28,93,34,51,61,0,32,88,61,15,27,38,93,62,71,12,4,44,73,23,6,40,31,77,7,60
43,41,94,23,91,92,73,19,80,27,35,69,67,52,14,56,92,35,99,53,6,34,20,44,83,71,99
46,53,90,60,86,70,98,26,24,73,95,52,53,30,68,60,39,15,45,62,86,95,79,95,24,92,100
81,13,57,2,16,96,8,3,66,8,56,83,64,42,33,69,96,43,80,66,85,76,68,49,72,43,16
13,40,43,87,12,51,33,87,56,58,84,37,44,55,0,7,34,73,11,0,62,24,9,40,1,80,52
70,86,33,19,59,75,66,74,80,27,6,0,32,97,33,26,86,65,20,38,36,38,73,26,68,88,89
69,69,28,72,95,6,74,25,25,74,35,1,10,56,19,47,16,81,77,91,18,90,12,22,17,76,81
68,38,98,70,82,69,4,9,79,24,63,63,88,13,45,86,23,81,43,66,64,84,44,82,23,67,79
98,18,46,65,97,90,70,27,86,94,83,92,21,100,65,94,59,13,72,100,88,63,2,85,79,95,63
66,23,55,97,44,3,84,77,99,26,96,37,86,40,45,96,97,2,1,18,3,38,79,100,8,59,99
2,37,12,97,74,85,48,42,81,53,19,58,17,81,18,25,95,31,4,24,6,92,6,7,29,34,30
29,96,83,15,14,85,47,95,63,18,49,42,19,16,83,23,50,94,59,72,79,25,13,90,29,83,16
82,10,3,43,73,100,65,99,95,17,49,2,79,38,94,17,46,0,28,11,50,53,65,45,100,8,24
13,64,92,100,14,6,38,7,41,88,40,28,42,42,55,72,73,85,20,19,60,8,46,28,79,64,36
13,35,51,23,47,33,9,78,55,99,68,11,7,91,66,57,48,86,23,35,39,19,61,82,59,39,7
14,93,31,2,51,76,15,15,35,68,67,19,3,28,6,76,17,25,68,20,26,94,67,56,49,80,52
23,36,99,97,39,59,96,13,47,3,61,60,62,43,57,74,89,42,60,10,87,13,74,79,2,8,66
71,93,50,25,68,18,51,34,44,56,69,100,9,19,28,95,66,39,41,40,89,42,25,33,8,48,12
93,87,16,12,81,49,14,98,1,90,17,65,26,52,16,30,38,58,22,76,83,34,82,37,4,58,5
64,63,43,0,52,50,13,55,89,10,36,32,46,93,69,64,46,89,2,29,6,80,76,19,44,21,65
40,81,26,4,22,2,27,2,35,73,24,66,60,34,9,46,88,6,21,46,86,82,55,15,30,46,54
96,86,80,14,75,54,99,36,49,98,6,46,70,85,41,89,1,0,58,89,46,0,60,26,25,23,67
78,42,65,81,16,13,71,79,29,40,17,39,99,47,16,43,57,66,18,71,76,4,57,99,1,2,4
10,51,58,16,92,5,78,52,61,84,46,96,99,16,97,41,23,63,68,4,4,29,29,15,92,51,30
70,77,18,6,53,23,69,6,89,0,73,74,23,91,49,100,63,67,93,2,4,90,75,54,62,42,61
88,8,13,10,48,87,47,58,18,2,13,53,68,73,51,86,51,13,35,39,19,59,47,14,67,94,45
44,18,42,69,47,77,86,26,46,67,28,46,43,64,100,69,81,51,27,89,46,100,51,27,81,3,76
87,51,51,27,51,29,1,81,18,27,62,53,9,92,66,11,70,8,26,88,87,2,81,74,6,76,28
32,9,13,41,65,5,8,0,34,73,89,35,8,35,95,7,0,66,32,27,12,33,21,79,58,26,95
50,2,100,54,62,6,31,27,91,60,76,36,12,41,9,12,81,45,55,16,27,1,55,14,46,32,31
26,56,65,11,10,98,5,84,45,18,20,8,87,63,20,51,83,58,20,96,16,79,19,81,87,15,61
69,50,61,55,98,55,38,5,94,41,47,60,28,45,93,66,45,66,40,18,35,22,88,2,64,30,20
24,4,28,37,45,8,62,91,54,25,37,74,4,61,45,34,40,4,71,98,88,30,50,77,37,19,45
20,12,91,71,31,56,62,75,10,12,5,70,17,41,43,37,40,0,60,63,42,30,32,18,40,43,47
36,45,84,3,51,57,45,54,39,17,83,69,53,87,46,45,61,73,59,4,21,10,47,23,85,65,96
88,78,33,43,29,45,100,69,29,34,95,80,62,9,92,35,95,99,69,90,49,61,92,75,78,24,85
73,97,61,77,63,32,63,74,83,78,30,91,88,71,20,36,6,48,32,21,71,35,18,74,65,68,48
51,38,60,13,76,96,20,33,62,12,44,36,48,10,96,69,8,43,15,47,98,21,16,21,98,52,38
60,17,33,58,89,84,2,60,80,52,30,78,87,16,74,46,61,67,56,79,90,23,5,20,71,19,6
85,56,14,72,77,75,61,61,87,50,83,53,66,37,99,86,18,62,99,2,37,73,33,22,76,34,60
46,96,5,46,92,53,28,65,4,19,31,22,44,68,57,55,83,83,24,64,40,40,1,55,43,6,27
47,42,44,28,12,77,53,74,20,27,2,68,51,74,6,44,55,52,93,95,54,72,77,37,88,40,49
99,31,38,94,32,27,69,49,21,22,76,96,9,83,97,82,78,63,75,10,76,25,31,9,63,56,25
64,54,80,59,49,39,74,75,92,43,14,19,35,84,56,51,39,50,91,20,92,36,11,28,43,84,16
90,28,13,75,1,42,90,61,55,5,34,48,78,3,91,53,57,43,5,41,64,19,5,60,96,4,41
7,31,33,11,79,53,9,19,31,41,49,39,67,67,45,33,13,25,71,17,93,8,81,2,82,57,66
4,50,80,7,61,76,56,64,69,99,42,36,1,16,23,18,78,60,16,13,21,97,97,65,31,84,58
86,32,97,44,98,69,59,44,49,44,63,26,90,55,35,49,73,3,64,13,79,73,1,42,21,82,60
46,20,25,85,71,14,34,37,47,12,98,100,51,76,59,95,46,53,27,31,26,2,80,21,15,62,8
56,47,15,32,8,12,17,12,65,97,66,59,95,78,14,7,88,96,25,20,89,60,23,61,32,17,31
33,34,34,27,46,84,22,20,55,42,86,22,56,15,22,81,96,73,83,65,15,2,61,62,41,74,53
17,76,87,96,76,15,14,27,63,3,31,32,7,22,52,31,19,83,72,64,18,86,37,41,63,12,28
96,38,59,56,34,98,59,22,47,25,21,19,16,15,38,15,88,52,60,79,71,49,47,26,99,25,5
100,95,88,49,92,10,83,42,63,30,62,77,87,20,9,29,70,60,52,32,8,12,23,66,22,17,19
87,65,34,100,98,49,78,2,46,22,20,56,55,11,6,52,65,60,19,66,91,93,64,80,95,3,79
24,46,63,96,55,39,90,40,87,11,10,36,58,74,15,93,19,15,80,74,83,47,61,79,90,31,54
58,14,40,0,41,6,64,88,12,34,20,44,68,60,80,56,86,30,90,56,71,25,72,46,59,28,59
74,37,73,29,16,31,67,29,53,58,16,73,9,78,1,22,10,22,0,38,3,74,5,84,41,5,76
77,69,54,37,40,58,77,92,45,58,98,48,78,82,77,33,64,100,72,94,12,28,40,8,11,15,0
20,68,43,49,78,86,97,38,82,79,9,94,96,42,43,89,34,79,42,15,55,5,36,3,99,77,72
46,28,8,89,52,30,51,27,21,13,74,43,40,31,100,73,12,52,59,8,24,100,25,25,45,47,36
89,34,29,100,95,69,35,24,89,39,100,26,33,98,56,66,10,19,37,91,22,9,33,0,14,90,31
52,35,63,68,29,6,16,77,3,90,97,46,0,19,51,12,1,4,31,46,61,7,42,65,46,95,89
48,27,15,2,5,15,20,96,70,35,2,4,85,74,36,27,96,79,66,23,60,74,88,80,48,51,33
62,98,71,39,26,74,4,25,12,42,29,82,91,47,55,8,30,50,50,3,39,31,95,40,75,75,1
90,52,74,81,46,20,5,17,22,31,7,26,26,57,53,60,14,64,48,40,99,13,19,64,41,7,83
93,31,39,33,69,27,11,76,0,69,81,38,35,86,41,43,22,3,60,74,51,92,0,48,16,22,18
66,86,91,79,46,78,10,53,38,98,80,95,74,39,41,30,81,7,19,28,75,35,10,90,84,43,23
91,49,10,97,47,10,14,24,66,12,33,90,61,37,21,77,17,83,78,90,8,37,94,25,91,18,95
69,78,15,2,96,75,38,40,63,9,88,73,79,9,27,67,50,83,75,23,91,18,78,29,49,10,40
92,16,35,18,55,62,23,63,67,35,18,66,68,53,46,26,69,13,29,19,70,98,28,98,89,0,9
67,19,83,35,27,52,16,88,41,85,13,97,60,23,91,51,72,32,97,51,77,44,13,6,85,75,52
67,10,1,21,46,40,40,23,71,35,27,77,16,61,69,98,14,52,35,90,31,3,21,54,87,12,62
55,40,2,59,32,31,67,49,78,66,63,63,88,16,78,57,69,46,56,13,32,10,8,22,74,37,94
31,78,85,64,100,97,56,100,22,95,89,48,80,58,65,50,71,22,64,28,18,65,11,5,30,70,56
99,33,29,24,65,39,84,92,54,15,7,11,15,87,63,28,52,77,88,79,5,52,78,27,100,52,12
36,15,71,31,57,34,89,2,42,56,64,60,44,38,65,76,92,25,59,2,13,18,82,28,57,35,48
7,11,66,27,39,58,85,60,37,5,11,63,87,91,36,91,57,73,73,97,76,75,90,33,19,34,50
6,48,28,25,96,84,62,79,22,73,32,55,25,63,46,12,69,74,49,40,90,29,91,13,89,53,9
5,53,36,79,78,77,100,55,9,22,25,62,57,99,94,51,18,93,41,99,49,8,10,30,17,72,47
23,51,47,97,77,67,37,79,14,62,41,39,65,56,69,20,47,74,74,92,57,15,31,25,67,15,59
24,62,25,47,25,45,28,2,66,72,62,27,50,100,73,25,43,82,28,0,24,33,68,75,76,98,65
94,38,46,79,32,17,45,8,67,0,41,87,9,83,96,81,10,10,67,33,82,26,3,25,18,80,50
57,30,8,21,54,76,85,51,34,45,36,81,69,34,41,67,39,12,28,60,40,64,52,2,97,67,2
36,42,53,33,51,24,24,44,51,49,82,91,33,77,83,97,58,68,88,21,36,25,13,70,3,66,75
38,87,59,13,52,76,94,97,74,16,26,75,86,94,66,15,38,40,65,61,21,43,25,48,19,86,60
17,59,44,77,91,4,49,8,31,45,48,34,15,60,12,15,43,13,11,62,73,100,91,62,18,76,92
46,32,64,48,25,13,81,14,86,45,13,73,15,64,21,80,45,28,11,34,95,94,76,74,92,55,7
10,94,31,5,16,82,77,8,78,4,77,39,92,43,18,4,29,94,72,44,4,0,57,28,77,26,29
88,28,47,25,96,55,10,28,64,64,67,98,39,22,96,63,41,31,66,23,9,56,8,73,14,21,65
92,15,58,63,50,75,6,74,2,55,55,98,35,52,60,78,47,34,17,10,13,96,7,62,38,27,90
4,55,33,92,13,40,95,21,44,94,42,20,90,2,86,39,21,2,49,72,77,67,5,31,21,34,5
22,58,30,88,65,78,56,41,30,46,84,65,71,85,81,70,8,10,23,49,45,6,31,3,97,18,86
0,22,98,15,61,43,24,2,56,75,42,8,1,70,4,50,45,75,69,37,59,22,21,83,3,93,5
13,28,8,27,83,82,55,29,54,94,84,23,58,59,48,94,21,49,97,69,47,20,21,5,2,33,69
51,40,25,2,52,76,68,95,69,89,39,26,32,28,70,28,25,39,48,61,98,26,46,70,41,43,76
42,97,84,87,93,3,88,9,77,87,13,100,24,70,45,9,71,71,66,77,33,52,14,45,42,5,38
1,24,38,70,22,3,41,41,2,73,77,23,19,15,73,53,50,66,67,51,9,65,2,95,46,31,15
7,38,1,91,46,40,22,41,46,50,10,63,1,100,62,87,84,35,9,45,27,1,81,43,78,67,35
38,80,54,92,37,77,50,38,94,64,41,45,3,16,4,20,51,20,85,49,22,28,63,68,83,9,51
80,21,29,29,24,86,68,4,60,42,24,7,0,95,72,76,96,61,90,53,56,43,54,84,46,27,65
98,8,100,41,77,29,62,9,72,72,77,58,51,96,63,15,52,31,46,84,86,16,95,88,83,84,59
43,5,52,84,68,73,12,55,3,74,5,72,3,43,64,47,71,54,16,6,100,55,53,49,65,22,21
84,43,82,51,20,86,24,18,14,7,24,12,7,67,74,98,53,21,50,53,46,59,51,88,83,26,16
28,56,30,7,3,71,11,100,52,81,39,60,52,17,77,70,94,24,8,75,76,55,79,99,44,78,54
74,31,14,28,63,35,4,48,43,21,3,67,12,83,58,39,8,68,90,65,88,50,89,71,44,76,35
83,78,36,69,6,79,95,43,51,40,30,83,88,18,47,35,48,63,25,89,91,6,37,39,48,46,49
42,25,75,91,47,27,25,23,94,38,76,65,95,47,54,68,37,71,82,92,98,88,77,27,93,97,44
84,99,21,90,82,24,36,34,62,37,18,65,92,65,3,59,53,50,86,88,90,68,99,21,53,0,28
6,38,72,45,5,50,39,4,24,64,59,10,68,46,83,99,22,41,64,20,58,92,42,17,18,81,7
66,61,65,94,7,36,20,38,22,29,61,80,66,74,69,15,90,11,63,26,53,31,72,21,91,81,76
82,83,91,23,43,36,31,14,92,80,69,31,70,1,12,45,14,46,46,68,78,28,95,72,40,21,12
91,86,91,8,33,75,90,70,38,30,31,93,32,18,44,56,5,67,10,39,54,69,14,55,34,67,70
73,11,65,43,30,44,5,82,48,98,9,10,38,3,50,3,52,82,55,91,34,0,11,28,1,48,76
20,50,96,33,1,33,80,48,87,78,72,91,92,66,73,31,6,35,55,46,58,75,62,37,43,22,61
35,49,83,47,58,4,80,20,41,59,41,65,45,73,41,38,25,9,76,44,52,19,8,50,73,51,53
69,50,87,86,80,86,55,88,65,43,39,78,10,23,72,39,31,23,96,91,46,91,85,42,54,96,74
56,75,62,10,0,2,78,25,85,74,25,69,27,67,7,65,34,98,40,49,23,92,94,88,87,83,63
85,58,85,1,83,18,25,39,4,95,67,46,90,94,98,52,13,72,50,48,85,7,96,8,53,69,32
29,87,100,0,63,62,57,58,51,2,45,23,22,88,28,70,87,13,34,28,65,85,24,68,26,58,82
11,62,59,33,41,1,21,96,20,72,53,23,39,47,48,38,80,51,67,32,47,46,13,6,54,76,74
13,74,11,75,16,84,38,17,31,56,9,68,80,33,13,9,65,32,82,0,49,75,21,89,96,23,13
19,5,18,27,8,17,51,89,14,76,76,7,30,71,1,88,73,76,19,69,85,33,9,69,65,77,13
35,34,53,35,13,38,6,71,54,64,28,79,81,76,60,35,0,38,38,48,47,11,49,63,50,49,22
31,1,35,38,44,81,50,70,88,93,55,3,93,100,65,28,41,70,23,3,78,19,15,7,35,0,22
34,68,24,60,23,66,19,56,98,7,12,5,4,49,0,28,94,80,38,61,82,28,13,55,22,99,67
71,26,58,99,89,27,27,96,81,54,92,66,2,67,3,48,23,31,47,23,17,75,26,37,63,10,61
99,29,95,2,38,9,84,66,18,74,13,65,51,65,38,71,34,91,14,98,1,18,95,75,79,23,94
82,76,86,30,32,94,76,47,9,37,26,57,64,19,89,70,49,9,5,69,42,65,10,18,90,44,5
75,19,49,5,25,41,35,84,77,49,6,74,55,25,72,39,90,73,25,93,59,3,40,22,72,49,2
88,20,50,60,34,46,2,78,46,92,58,71,46,69,25,80,53,77,40,47,77,8,2,15,36,10,28
69,26,51,52,37,45,93,82,92,89,60,2,1,63,99,28,60,60,91,76,65,48,18,84,46,76,82
91,28,80,69,68,14,31,96,100,44,28,9,24,82,49,89,42,15,74,1,42,34,48,33,10,35,83
10,27,87,4,20,53,71,69,34,22,2,2,88,93,80,63,16,13,26,70,67,23,49,84,54,51,10
99,90,91,80,17,42,83,61,55,52,50,64,1,68,8,78,40,9,32,93,1,17,68,24,16,72,18
99,14,24,86,35,45,21,71,18,34,63,60,98,21,73,26,88,12,15,68,87,78,87,29,36,43,28
66,43,85,40,36,39,78,30,87,56,63,24,17,78,57,66,97,65,64,13,29,62,15,89,23,97,86
92,59,17,65,70,38,78,54,43,91,64,17,55,52,27,50,73,15,65,20,25,56,1,34,2,99,61
41,41,66,18,92,82,86,53,10,42,16,37,74,23,3,68,68,85,79,51,95,23,29,72,68,87,72
7,67,83,87,31,66,88,34,39,74,97,79,28,42,90,24,90,57,22,78,0,52,30,48,56,66,87
67,48,44,93,84,19,32,5,83,2,60,81,84,8,58,0,39,100,39,0,25,99,93,31,66,15,93
55,65,35,75,14,49,33,36,8,54,76,56,89,42,8,99,36,87,92,61,69,29,46,2,52,20,28
55,34,63,3,71,17,82,20,0,81,99,24,17,76,20,73,27,43,84,55,71,50,17,32,14,72,40
44,11,99,52,19,19,9,31,9,6,38,77,96,93,11,22,78,54,91,98,47,98,75,37,46,92,74
2,45,83,74,76,64,68,19,5,70,53,35,54,96,97,24,13,1,86,34,24,79,55,94,41,30,94
41,24,70,72,17,25,12,56,57,96,54,65,5,53,7,16,64,60,0,1,17,17,71,92,43,77,14
48,50,32,55,19,38,74,89,33,58,61,60,44,81,19,29,23,81,7,35,75,65,15,13,48,17,60
44,84,13,37,58,35,31,10,45,90,27,68,65,13,65,11,46,43,45,24,62,11,65,33,33,88,11
35,58,19,43,88,18,75,69,36,86,62,91,1,39,6,30,70,94,15,99,64,59,68,32,17,29,50
63,31,63,26,2,19,74,19,65,28,14,79,4,54,87,16,10,96,47,79,22,59,66,82,69,95,75
7,65,100,2,15,91,91,71,5,5,79,74,12,99,81,23,47,15,6,47,43,65,16,14,5,28,88
75,67,82,65,32,78,46,14,10,39,13,88,87,96,27,31,47,32,33,2,13,73,37,91,58,64,51
93,3,5,38,43,78,25,97,100,27,85,9,39,42,29,55,37,82,72,4,64,60,85,82,98,58,11
22,88,16,7,50,51,75,52,72,31,32,40,7,93,55,68,84,50,73,82,7,21,87,99,76,61,77
7,18,35,1,95,13,28,24,80,80,49,69,55,93,87,17,100,76,26,21,86,100,64,19,79,17,54
15,76,62,90,32,68,11,58,25,8,18,25,37,28,76,79,59,64,24,62,55,24,87,57,27,85,14
91,43,63,27,92,38,14,56,61,71,16,55,80,82,78,79,98,0,33,65,5,85,53,24,69,84,14
78,96,14,49,28,52,4,60,98,96,85,67,21,32,5,28,21,12,25,81,28,5,35,9,97,56,20
41,37,41,60,11,46,58,73,100,53,3,70,70,15,81,65,28,50,84,4,82,1,91,36,56,100,32
20,87,91,13,47,99,73,49,19,53,27,4,2,94,30,61,97,27,57,9,87,53,45,36,80,77,89
51,96,69,92,44,35,28,75,76,29,99,42,72,100,24,9,2,28,4,54,83,9,63,83,38,64,95
79,85,60,16,86,20,99,29,72,100,61,34,37,92,90,35,59,64,15,94,47,65,20,60,13,10,46
75,50,26,95,36,92,56,2,86,2,59,66,48,97,64,30,64,49,73,66,86,79,6,14,58,13,62
92,80,76,57,62,21,90,39,21,80,72,52,17,57,37,22,39,93,36,74,96,8,94,34,37,92,38
41,25,77,59,36,58,33,17,79,60,66,59,35,36,38,46,83,64,91,99,15,85,32,92,63,33,29
46,77,3,58,65,24,88,94,32,76,77,59,84,19,32,4,76,90,12,44,94,90,100,4,69,25,99
21,27,90,3,48,95,64,33,41,83,38,20,87,38,67,42,99,70,92,82,61,22,22,97,68,100,49
90,46,93,55,72,35,62,66,6,24,89,40,88,55,99,93,70,84,68,3,43,63,47,2,40,76,77
73,10,60,21,44,24,97,71,57,85,5,64,45,56,78,57,40,58,45,97,30,67,31,15,32,10,36
15,42,59,82,47,80,73,35,29,97,37,49,90,75,3,40,3,50,46,61,16,30,33,16,93,52,58
7,87,13,7,42,21,61,86,43,1,9,99,63,79,35,100,41,68,0,48,55,56,100,74,68,20,70
3,51,93,53,48,55,62,35,93,23,12,66,26,98,89,66,17,27,55,56,18,91,77,20,88,74,73
18,66,33,12,16,5,34,0,66,56,68,18,65,62,82,36,13,23,33,61,100,95,73,67,34,15,73
3,16,9,42,82,81,67,47,69,35,94,38,55,82,40,16,40,90,72,0,72,78,20,42,8,41,49
74,5,92,23,52,95,96,59,82,29,46,72,55,46,95,70,31,76,86,60,24,74,55,55,24,44,93
85,86,19,89,15,33,34,43,29,37,40,71,43,29,42,41,39,89,95,39,89,79,11,80,77,6,56
51,87,23,7,77,48,97,37,45,29,1,13,85,62,1,39,40,41,92,58,13,12,74,5,88,48,46
5,16,25,42,22,38,48,83,17,17,14,87,1,94,91,91,79,65,89,47,99,53,76,63,99,100,13
50,7,60,82,63,95,59,83,2,33,15,35,11,22,53,22,58,45,9,69,27,33,52,88,100,20,59
2,69,82,75,71,67,15,70,79,40,30,27,38,29,12,56,11,26,100,5,87,49,69,54,84,97,79
29,24,1,40,92,47,35,28,100,87,77,16,72,8,100,21,69,85,91,67,27,57,18,35,16,22,5
59,79,72,42,87,52,68,44,13,87,25,67,18,10,91,14,12,30,26,42,55,59,38,84,96,56,1
13,68,97,93,97,24,22,14,52,0,7,25,76,99,76,76,53,33,35,89,28,20,39,2,1,99,46
69,86,8,26,80,83,89,46,6,33,99,62,97,64,0,86,17,96,19,83,49,0,93,89,76,11,72
78,72,98,88,51,90,59,42,98,41,7,34,78,91,16,45,2,36,11,22,31,55,9,2,81,70,46
0,29,2,92,17,13,73,98,71,84,37,23,91,11,2,33,57,50,11,63,17,83,45,43,69,75,56
4,94,65,58,19,33,37,68,62,55,41,63,37,97,10,52,31,42,1,62,70,56,97,41,26,4,63
15,22,36,45,18,82,36,48,82,65,31,97,84,58,8,58,55,59,55,2,94,21,6,57,47,44,92
28,50,18,20,22,61,80,47,66,85,31,7,85,33,68,67,41,43,21,76,12,47,40,81,9,56,46
57,45,61,49,0,62,83,37,53,95,47,46,31,68,87,53,60,13,89,29,55,1,74,79,19,63,79
4,72,21,34,42,75,36,94,44,60,40,25,92,80,34,10,84,41,63,11,19,56,17,74,70,65,12
62,100,88,82,89,78,17,91,23,71,86,84,34,13,68,79,92,36,16,73,28,92,72,23,49,15,38
2,92,74,18,5,34,99,15,36,77,90,69,81,4,34,58,59,34,72,91,87,69,36,58,55,67,82
18,99,5,57,44,53,53,70,50,96,24,62,60,82,85,100,66,42,82,66,96,99,17,44,54,37,65
74,31,25,97,5,31,15,96,63,25,94,66,53,11,28,75,51,92,36,6,78,61,57,82,18,47,63
84,63,22,11,40,84,74,26,18,88,19,73,39,93,64,32,34,15,95,98,95,31,50,96,75,3,72
17,34,62,83,6,9,29,15,32,29,60,92,73,33,48,89,70,20,8,51,78,36,33,59,11,99,76
56,11,21,43,35,81,77,15,77,8,29,70,59,14,48,22,9,35,46,15,71,36,34,60,97,39,57
100,75,34,47,55,27,30,19,99,100,79,58,71,72,17,12,56,78,96,92,28,42,59,11,96,42,36
56,76,51,4,84,40,9,90,20,84,67,34,40,97,20,3,93,22,94,24,24,17,73,72,36,82,96
24,2,96,9,19,82,62,8,59,52,34,42,90,5,41,83,56,52,32,83,57,50,11,75,88,64,92
79,46,85,59,65,96,43,31,44,36,16,67,62,91,94,95,93,67,0,97,38,64,17,41,1,49,24
89,18,70,8,53,96,51,26,3,58,91,31,47,98,63,85,72,66,57,3,44,97,29,97,91,92,16
12,11,92,8,57,90,17,68,62,36,66,1,46,31,62,81,18,99,57,22,12,61,12,94,100,15,51
69,76,19,85,72,85,68,40,6,47,89,81,40,44,80,42,2,92,14,69,18,85,6,11,50,30,76
13,32,66,34,35,96,92,69,83,47,91,14,59,0,59,22,87,96,56,52,60,19,81,72,98,27,95
16,85,98,50,32,97,33,18,30,18,93,95,71,68,75,12,47,5,85,76,27,31,27,78,26,64,28
0,8,76,74,22,29,4,21,15,68,13,29,35,52,78,15,74,37,67,80,53,36,51,1,86,45,74
25,70,17,12,78,65,65,72,52,70,43,99,63,6,67,94,18,29,21,95,6,29,99,10,75,25,47
24,8,62,61,55,50,88,42,9,22,99,72,36,73,84,35,93,67,91,15,46,31,85,20,95,52,47
66,45,49,99,21,13,26,85,100,80,43,99,40,81,88,48,37,2,22,84,52,32,31,7,69,20,49
71,22,13,45,43,60,58,69,29,74,93,95,96,50,18,10,58,34,43,61,27,87,24,20,72,57,21
88,32,15,95,58,68,39,67,32,51,79,17,98,8,58,28,90,39,84,8,28,16,59,25,36,87,10
61,41,34,97,98,82,18,5,12,58,68,23,70,97,88,64,78,57,93,93,61,81,78,78,24,30,73
88,99,66,31,68,50,40,12,45,89,8,90,22,67,84,90,98,17,32,27,92,92,0,3,10,54,34
60,32,53,95,78,64,93,98,93,36,30,95,86,17,40,38,48,41,85,59,54,51,55,52,30,82,19
9,22,47,18,12,34,72,55,19,68,71,44,68,72,16,37,57,73,42,12,26,77,68,93,24,62,20
37,56,71,28,84,40,84,99,79,52,49,76,65,40,10,51,79,29,91,39,91,41,40,23,29,36,87
35,85,87,27,84,67,31,21,96,56,68,74,91,69,26,79,59,38,25,60,66,93,17,17,16,3,23
42,59,59,31,76,27,27,58,71,87,83,51,54,85,28,47,52,69,10,30,48,55,54,56,50,34,30
40,86,21,37,25,61,20,90,19,51,43,9,44,42,74,58,54,15,86,38,19,77,21,90,30,1,83
68,74,72,77,12,74,9,57,1,31,41,28,49,77,16,1,56,46,4,9,77,56,35,27,91,85,15
9,68,27,100,67,83,91,65,48,67,5,71,22,71,50,79,51,79,50,36,93,81,87,36,93,25,80
65,8,99,11,98,15,72,7,45,97,36,40,63,25,15,90,2,14,95,90,54,58,61,90,64,64,97
41,30,71,31,68,58,60,12,39,74,87,46,88,95,77,21,78,38,48,43,15,7,71,58,84,10,4
0,2,42,88,47,91,87,54,29,2,31,19,19,53,33,45,56,67,5,35,73,10,58,2,13,82,97
53,3,27,46,91,11,64,80,50,69,3,51,20,31,36,4,32,98,16,46,55,82,20,18,55,45,13
75,2,55,22,35,83,40,25,20,10,43,56,8,69,22,5,79,71,68,99,46,10,25,3,20,48,73
33,62,89,82,76,41,96,32,52,5,12,48,47,57,12,72,25,3,42,14,8,16,72,15,6,98,96
67,25,5,2,44,76,78,36,76,56,57,91,47,30,43,66,90,15,78,13,44,17,31,10,49,25,82
67,45,29,4,3,52,47,85,95,8,7,23,57,88,70,22,98,32,38,75,61,9,29,48,9,99,14
87,47,3,0,86,62,52,32,44,29,100,66,96,52,90,5,33,30,6,77,28,89,33,50,90,33,11
11,90,89,56,42,17,77,78,19,23,14,76,58,3,68,86,62,71,90,51,66,66,85,61,26,54,91
56,28,61,29,60,80,37,28,57,90,85,84,48,82,89,87,16,42,97,24,89,36,95,18,26,95,49
93,49,3,2,1,16,77,70,88,3,80,71,46,33,34,15,38,88,50,6,20,71,65,91,78,78,87
96,89,77,99,6,17,10,17,11,10,69,84,3,52,60,67,98,25,94,69,77,94,53,78,51,18,92
42,27,36,34,47,74,93,17,12,64,30,23,67,43,54,37,11,83,15,83,9,79,50,30,53,53,21
0,51,8,19,76,35,80,54,72,48,97,44,48,40,100,98,97,24,71,91,44,64,80,93,56,0,43
56,85,22,69,66,36,49,79,76,86,41,68,74,7,64,6,25,69,17,52,26,15,0,7,66,23,57
81,30,62,58,7,75,33,38,64,54,11,53,74,91,32,25,95,12,51,86,44,43,24,9,5,10,32
3,35,32,74,9,66,7,39,34,79,18,70,7,60,80,17,27,59,14,66,84,31,43,68,77,13,61
11,11,29,23,30,81,19,21,70,16,28,31,94,57,42,78,60,72,67,19,80,19,100,60,72,45,34
36,96,98,74,96,78,35,66,75,99,83,20,92,13,43,40,86,36,99,91,0,5,75,14,77,7,29
86,20,29,50,21,76,23,40,28,41,33,93,38,8,95,91,62,61,6,77,87,14,71,74,8,58,8
68,16,38,6,53,25,24,1,11,70,63,84,61,58,95,89,72,13,45,42,87,49,77,89,95,95,57
5,14,43,9,71,63,4,10,37,72,72,48,28,29,55,67,31,15,57,33,3,94,58,52,78,16,26
78,35,22,97,43,55,51,53,1,16,79,29,66,25,30,38,29,5,29,18,52,51,43,59,10,4,39
72,29,65,64,37,75,23,54,44,54,1,88,43,83,36,76,52,81,23,12,60,43,92,77,43,81,85
72,19,52,76,76,42,76,89,12,8,27,97,4,63,98,10,3,88,16,26,2,44,74,0,34,87,39
81,22,23,30,36,40,45,6,37,70,56,7,43,94,45,84,5,59,31,41,62,57,71,83,100,15,93
97,42,97,5,16,78,15,61,38,57,10,59,80,81,96,56,92,63,44,44,5,37,82,68,16,22,66
34,72,78,3,94,60,55,32,99,28,97,69,96,95,97,38,44,63,96,15,23,78,39,91,69,53,74
24,17,44,24,100,98,38,5,56,40,68,76,33,11,94,9,58,36,54,18,64,32,82,95,74,37,41
61,86,56,35,99,68,87,37,62,48,30,74,91,99,55,79,42,1,87,42,36,36,87,82,53,94,27
42,31,48,16,35,1,8,60,22,66,62,45,44,90,12,15,88,75,95,59,27,45,0,45,95,1,52
100,71,54,44,23,79,8,86,35,19,64,2,44,12,91,74,98,70,71,48,66,83,24,17,88,87,5
72,50,100,78,42,0,73,24,13,21,17,29,18,47,59,38,77,1,53,90,57,69,45,13,11,70,89
68,82,14,61,78,7,86,23,20,84,58,14,88,66,58,65,19,62,0,79,9,46,99,15,26,23,69
64,30,61,81,11,61,100,3,82,30,88,6,48,61,38,75,81,6,86,23,18,81,28,9,66,48,31
6,73,37,36,42,27,46,67,48,55,18,74,18,5,77,54,10,25,41,30,9,44,37,100,92,19,17
81,54,6,72,22,37,1,99,72,40,39,19,91,17,34,36,35,6,40,11,65,96,24,63,51,44,2
23,99,63,55,82,36,23,13,53,63,53,73,10,80,37,94,23,7,55,59,29,86,71,72,92,66,71
89,13,31,58,78,62,5,69,2,66,68,42,93,74,26,2,78,100,99,5,12,67,51,49,21,55,31
59,68,56,54,0,74,34,93,97,2,49,4,92,24,28,22,47,9,65,93,81,8,96,16,16,73,74
53,77,60,14,79,98,55,43,8,12,91,77,40,64,22,82,24,74,79,98,32,72,50,9,62,22,46
75,57,3,79,42,92,8,67,20,7,88,63,90,28,11,88,55,60,32,91,69,17,65,62,88,93,77
48,31,50,59,1,94,47,66,13,73,42,12,61,87,83,9,53,50,83,98,19,36,76,49,61,54,19
8,37,68,11,65,68,63,50,15,50,59,71,16,61,20,55,65,61,1,42,73,37,35,74,85,11,19
1,51,49,85,29,5,34,42,22,55,66,77,95,36,65,94,30,92,64,22,31,51,73,8,100,75,0
7,11,56,30,16,38,75,64,45,26,81,88,48,8,87,84,8,42,97,78,63,66,67,83,4,5,78
0,19,54,43,8,79,62,48,1,16,27,64,33,23,54,62,96,37,83,42,9,35,28,82,18,33,84
74,84,28,39,52,59,9,62,87,17,97,86,70,80,92,74,52,24,76,31,20,31,98,2,14,38,10
21,70,49,0,0,28,63,6,93,22,22,26,51,45,56,30,60,33,58,21,96,52,91,17,47,38,84
98,72,2,65,3,31,4,56,3,93,65,97,51,67,31,92,34,48,11,53,14,14,2,21,79,19,89
88,0,14,29,25,65,41,23,32,100,38,94,12,45,82,19,12,37,46,31,35,69,0,33,75,70,89
85,47,66,69,14,46,84,61,10,43,2,12,78,60,100,50,20,16,19,85,20,33,39,97,32,39,0
25,71,51,67,24,8,49,66,49,83,79,39,76,84,80,6,77,68,64,86,28,22,53,42,43,26,13
62,30,5,53,49,56,54,90,17,8,57,100,3,11,89,31,21,74,54,73,11,89,38,0,56,81,72
84,92,0,5,53,32,51,9,46,93,23,32,11,92,10,53,51,88,64,82,56,11,100,48,18,79,24
9,32,61,80,83,89,52,31,77,32,85,93,50,10,97,56,79,18,84,74,11,26,4,77,73,83,15
73,23,63,36,72,38,42,65,27,97,28,86,68,30,26,62,4,65,35,88,93,6,28,65,0,7,56
42,79,0,80,58,12,12,65,19,32,99,69,30,4,64,83,64,4,31,70,10,5,94,63,18,38,63
98,70,60,99,60,46,66,22,32,21,40,49,58,51,6,27,74,97,17,44,17,26,25,26,24,27,75
13,46,46,81,22,16,45,40,7,99,97,73,37,72,73,16,60,22,83,63,30,6,30,68,70,31,96
13,56,53,81,51,30,87,68,18,90,80,94,17,11,97,99,46,0,52,60,18,3,16,45,99,62,69
32,93,92,13,76,22,0,55,23,54,16,46,58,67,57,10,17,97,14,49,12,15,41,52,40,36,70
100,37,10,78,6,74,14,70,61,27,38,81,95,96,50,60,24,85,64,9,64,84,25,2,35,63,15
70,21,78,88,7,9,57,66,31,70,50,11,12,42,83,57,89,81,22,97,67,87,44,20,98,85,95
55,21,12,4,2,21,83,94,69,72,86,91,80,63,80,54,44,31,95,55,53,58,19,95,84,35,99
50,14,26,2,1,56,30,22,15,60,57,33,66,79,21,6,88,32,68,99,98,40,52,31,3,78,94
56,25,1,25,13,73,53,21,19,26,86,58,83,54,73,58,47,65,36,36,100,68,67,88,8,63,73
34,96,98,0,60,98,4,1,32,80,83,86,70,2,73,30,28,8,81,15,17,80,36,15,70,27,16
46,31,51,40,54,65,94,6,78,99,70,24,98,34,50,4,11,18,19,23,95,52,91,48,34,60,10
88,30,4,70,64,74,95,87,41,29,27,9,64,92,68,46,18,22,24,21,80,42,33,47,1,95,11
3,1,67,84,31,24,28,90,53,20,52,52,82,39,64,29,51,57,71,70,16,99,37,8,68,65,47
100,7,61,16,65,49,28,16,24,83,45,50,49,66,5,13,41,38,33,41,0,76,55,59,100,50,70
25,12,34,34,2,77,79,67,37,38,90,40,84,26,74,14,70,0,23,50,33,70,1,96,14,22,97
29,69,76,97,92,81,48,91,15,49,83,79,54,0,12,48,63,29,36,26,44,21,76,67,36,62,10
45,27,100,20,83,67,89,13,57,74,31,15,50,3,78,7,5,25,35,26,51,59,44,81,67,70,26
51,82,77,55,60,67,76,9,7,81,45,13,83,26,53,29,55,29,27,74,29,38,61,62,44,14,40
77,27,45,51,43,92,38,7,7,16,93,73,6,10,18,90,54,90,46,62,6,90,40,97,58,35,83
97,62,50,5,67,57,7,62,1,59,0,88,73,21,75,87,43,36,13,91,78,19,24,58,44,39,82
44,22,50,24,92,4,65,68,97,49,54,5,44,54,6,68,2,19,7,83,91,24,21,58,3,56,23
6,17,51,24,45,56,84,63,77,54,31,6,79,34,49,49,100,87,43,65,70,98,17,100,99,63,52
43,42,64,35,22,95,71,64,33,95,8,59,55,57,54,3,62,88,3,67,81,43,34,14,38,12,35
57,60,37,44,75,99,69,27,36,69,10,23,81,37,50,28,26,64,42,18,1,43,79,19,74,95,50
69,31,87,1,78,82,29,32,1,0,6,76,74,96,2,85,40,25,87,64,92,61,10,62,51,96,44
31,13,37,83,20,66,58,84,40,17,24,82,95,100,2,43,68,24,54,97,29,35,35,63,95,18,92
29,68,99,14,91,55,5,65,95,52,82,61,93,89,50,81,65,63,64,55,95,42,35,79,42,66,73
0,16,29,44,78,4,66,99,12,67,81,46,9,17,61,57,92,47,40,82,36,100,24,63,24,35,67
22,84,54,84,77,37,13,62,46,59,89,85,43,17,38,91,36,42,95,50,95,98,53,27,52,92,19
83,29,74,70,72,37,72,49,83,34,88,55,84,42,19,86,61,0,3,5,71,30,65,49,10,91,7
80,30,97,26,35,8,49,90,67,20,17,94,58,30,5,93,37,65,45,76,5,28,43,58,91,64,36
92,11,73,29,31,53,95,61,59,87,78,60,98,30,89,24,18,69,4,6,66,61,65,26,35,65,65
36,13,29,44,18,46,33,73,49,94,35,85,96,61,91,23,81,49,20,79,9,68,44,20,18,58,68
36,57,74,49,20,9,17,45,8,16,38,51,78,63,92,29,42,67,0,36,1,31,87,67,88,32,63
71,82,22,52,0,46,71,2,53,32,97,11,36,40,11,72,56,65,13,69,48,90,24,4,67,71,68
84,20,37,60,31,63,53,33,81,51,5,80,12,53,15,11,60,25,75,89,98,19,5,79,94,80,17
39,79,50,38,71,91,6,46,56,68,38,87,19,57,66,33,2,64,57,93,7,10,26,100,78,85,83
86,35,65,71,49,87,85,59,32,41,93,49,11,22,54,48,1,98,67,65,1,45,10,21,66,47,15
54,98,93,3,14,14,29,42,78,30,63,48,27,56,11,25,32,31,11,19,74,64,25,43,24,63,1
82,79,20,19,71,0,70,20,61,96,36,60,8,27,41,85,95,25,26,80,76,57,3,45,44,22,5
14,22,48,17,79,88,80,88,51,71,59,29,21,82,74,28,3,23,48,87,8,69,0,36,40,45,62
67,76,1,55,55,66,46,77,75,0,92,79,85,41,1,33,45,65,78,28,52,89,4,0,79,85,94
19,34,4,37,65,44,80,39,35,42,49,4,0,95,77,50,73,44,16,96,90,16,7,80,47,9,76
90,0,11,65,19,5,84,10,32,22,50,5,81,62,24,49,42,29,27,71,38,12,39,44,70,20,93
1,95,70,73,44,35,17,39,89,34,75,59,18,66,32,76,61,37,99,99,97,44,89,6,55,50,54
79,21,88,20,47,9,40,32,73,12,57,79,22,27,42,60,98,59,30,46,5,89,19,47,40,96,86
96,90,4,13,48,99,98,66,74,80,33,21,1,31,45,6,11,98,30,98,18,9,19,23,76,35,88
100,44,37,48,28,17,11,50,52,56,16,7,39,84,79,75,3,29,79,45,33,20,99,68,76,71,43
73,63,67,11,97,12,22,31,37,55,43,100,93,7,13,23,65,50,97,100,69,13,58,67,32,25,51
98,65,72,76,20,76,15,9,90,65,83,41,17,59,9,96,16,33,85,51,18,95,28,78,30,54,90
11,95,25,43,53,59,42,88,41,78,65,65,32,27,1,38,70,9,33,34,12,59,75,15,52,57,44
96,94,62,60,39,78,13,70,73,53,78,79,18,56,16,84,88,8,49,5,87,37,54,54,90,2,52
35,73,18,60,50,98,94,78,27,16,40,75,56,82,48,73,5,80,68,87,41,33,24,6,94,19,45
53,97,87,7,19,31,86,100,52,15,30,12,45,89,100,35,68,42,58,56,27,70,19,22,63,90,69
62,48,5,61,75,6,93,31,84,22,49,91,11,5,40,4,6,14,40,58,71,84,4,53,61,9,16
42,82,47,85,35,100,54,22,76,25,4,12,67,70,98,47,66,40,78,14,36,92,62,78,35,2,29
99,26,43,34,96,20,34,42,82,84,17,75,71,41,33,68,57,55,16,71,74,38,63,77,24,49,29
56,56,32,97,35,48,89,6,58,96,94,48,67,47,100,46,48,36,91,33,46,31,57,77,37,42,24
78,46,14,67,97,99,60,14,95,31,0,47,77,81,8,36,98,5,48,32,63,2,1,38,82,20,71
38,86,77,65,55,53,65,48,39,9,62,40,29,48,83,29,54,83,0,47,62,32,29,69,4,70,70
87,36,33,69,71,58,80,3,72,4,27,41,24,16,86,62,99,33,44,10,76,76,52,65,5,78,66
72,100,2,55,80,33,55,20,98,46,55,36,90,54,100,13,51,47,37,58,45,68,48,55,82,53,32
32,45,49,20,62,60,98,12,54,15,60,59,74,4,55,49,50,25,12,84,94,100,10,61,42,54,50
29,72,31,8,51,4,29,63,78,3,96,60,86,59,49,85,21,54,35,60,55,3,23,65,85,45,57
57,62,33,65,60,25,60,88,11,33,67,48,60,5,21,78,3,7,55,63,2,13,46,41,98,1,2
13,23,62,34,55,54,8,11,67,84,40,10,61,59,67,66,97,30,91,67,28,27,22,76,55,100,84
80,92,69,8,94,29,42,88,25,8,15,43,75,100,58,79,78,71,63,22,87,13,17,27,46,47,27
46,52,53,97,90,36,8,84,98,53,28,41,58,61,40,9,92,28,36,78,76,31,52,10,43,3,53
16,9,36,34,75,79,45,58,32,80,80,75,74,60,33,74,11,85,69,48,63,6,83,87,93,27,35
77,29,9,51,47,27,28,95,16,53,11,57,44,43,84,77,40,15,3,65,52,50,46,12,8,100,59
0,16,77,9,26,66,86,7,66,30,53,92,70,90,28,14,2,92,1,40,61,16,72,24,47,48,87
79,79,89,10,2,25,74,80,31,13,88,13,23,82,72,62,37,62,66,50,6,47,69,76,30,44,61
53,79,17,98,19,23,34,95,50,76,72,58,18,82,98,18,7,51,98,12,37,92,18,54,84,49,10
39,1,40,82,89,6,96,31,22,86,23,13,8,77,39,24,39,49,10,20,51,49,57,37,30,19,39
7,34,27,79,70,17,70,3,89,78,15,49,80,17,23,22,70,47,28,94,17,28,23,83,47,19,17
19,75,53,68,78,19,91,32,100,12,1,6,41,22,73,50,69,66,26,66,46,14,0,5,93,26,47
81,50,56,58,38,75,29,13,43,72,68,68,73,29,24,35,5,44,78,97,77,85,73,73,62,94,36
42,46,81,86,15,97,44,39,81,43,55,52,0,48,27,80,54,77,81,99,44,93,88,95,25,48,26
76,77,63,82,17,14,87,96,70,62,42,36,8,44,47,77,57,53,3,55,50,74,39,21,79,25,78
81,91,2,35,85,58,45,49,85,94,9,44,50,66,81,99,83,69,72,80,24,55,34,12,32,65,61
21,11,18,9,28,85,74,21,65,9,56,25,54,43,46,69,91,22,59,93,76,48,60,84,96,7,69
92,8,18,46,18,45,81,72,9,29,52,4,99,29,16,20,29,48,70,82,24,1,22,52,73,68,33
21,38,79,57,53,82,20,68,8,52,52,5,2,46,29,92,31,21,8,12,24,80,50,83,37,39,78
21,80,19,89,31,4,41,26,51,96,86,98,8,34,73,17,58,19,9,95,99,7,22,75,6,51,57
17,30,20,40,84,18,16,38,10,56,45,79,5,88,27,70,42,6,9,90,21,43,3,29,14,79,88
60,79,25,36,21,43,10,89,39,88,59,59,78,30,45,29,90,24,63,81,57,77,75,36,65,45,39
81,96,31,24,67,1,20,73,21,21,37,39,91,85,93,18,54,87,96,77,33,93,6,97,69,97,59
39,92,92,8,71,38,24,97,7,32,40,69,61,20,18,11,95,60,91,25,5,81,66,88,76,13,82
36,39,13,52,40,2,44,29,94,69,56,86,62,19,71,24,81,43,35,31,55,24,79,36,100,91,64
53,55,67,48,29,30,54,53,32,35,5,12,86,22,55,8,65,49,43,49,4,35,32,8,69,88,18
74,90,72,19,55,65,7,100,21,4,1,17,59,82,64,9,59,77,7,97,51,28,51,68,53,94,66
47,57,59,71,70,42,30,37,3,11,85,79,77,61,2,47,85,62,69,69,50,27,21,19,96,22,94
57,14,3,32,48,7,80,92,59,71,43,39,41,63,38,21,22,40,36,65,48,40,35,84,53,26,92
62,44,85,71,83,55,76,89,60,51,72,70,27,34,42,99,87,6,46,95,24,63,20,27,71,28,86
60,53,86,100,20,65,17,100,61,63,58,40,48,57,92,55,36,71,72,22,31,1,10,45,80,34,35
89,66,56,65,38,45,93,91,8,8,50,40,70,81,67,54,74,33,48,14,35,65,40,25,11,19,56
61,87,2,78,86,80,20,36,55,91,22,72,60,92,55,81,5,33,4,84,55,84,62,47,99,81,55
32,65,75,8,48,20,8,86,39,83,90,5,14,69,79,18,54,35,95,65,68,89,81,42,99,23,27
99,5,38,83,78,89,68,96,21,48,97,8,64,79,1,12,4,5,13,54,49,77,88,40,95,76,47
25,33,28,99,24,17,33,75,46,9,19,78,26,52,50,36,98,41,2,24,78,25,61,39,39,33,90
2,79,86,66,30,44,23,27,33,48,96,56,79,55,45,72,2,80,38,59,79,93,33,4,2,94,0
62,100,16,17,57,63,42,87,4,4,98,36,40,71,33,95,41,75,34,70,68,49,59,62,39,78,41
17,22,16,63,61,97,26,98,75,2,84,62,81,21,59,11,9,72,81,29,35,9,43,8,80,75,50
0,87,83,32,99,21,26,92,27,14,75,92,44,32,94,1,45,47,95,44,4,41,10,53,21,3,44
63,58,40,34,98,87,75,56,68,27,7,63,100,87,81,83,66,93,18,36,29,25,56,98,57,87,35
72,82,65,42,7,29,34,4,44,57,45,74,89,21,81,50,50,16,81,23,11,68,75,24,6,70,15
84,71,63,10,98,52,61,81,40,85,77,35,58,92,53,72,38,43,44,63,3,27,100,83,70,83,30
92,90,89,72,28,16,20,39,2,24,4,62,55,7,80,39,83,29,32,75,69,16,33,41,80,97,37
13,37,89,11,51,63,57,74,71,40,11,45,67,95,94,30,100,53,70,11,33,57,28,46,70,12,32
60,76,1,54,85,60,64,57,2,23,59,99,97,63,96,18,12,31,53,41,6,74,84,83,40,15,57
90,97,45,42,2,19,48,72,49,67,65,71,12,39,0,21,57,15,32,29,33,8,39,52,69,74,4
15,67,46,64,88,29,22,25,45,61,96,53,27,25,45,17,77,64,31,11,51,22,12,14,44,70,51
78,63,6,80,98,73,59,76,73,18,47,62,25,10,56,35,22,23,37,84,76,12,72,83,60,9,70
89,8,67,50,56,86,87,40,57,94,68,46,95,8,76,49,77,83,9,75,32,45,90,84,88,58,1
64,81,85,74,22,80,2,31,44,69,88,4,99,20,71,68,6,35,83,99,56,42,63,87,31,53,13
100,66,40,61,74,5,88,11,24,78,49,19,93,94,35,18,25,76,98,71,97,40,59,46,91,93,90
58,16,72,29,39,87,92,93,60,42,66,70,78,82,99,0,4,83,9,69,1,22,64,77,84,68,65
4,87,49,11,8,44,23,19,17,46,60,58,8,92,32,73,25,20,59,1,33,49,43,86,51,40,50
43,50,49,16,23,55,95,13,42,65,85,45,7,4,45,2,10,95,97,91,50,40,82,26,65,58,24
91,22,77,35,58,21,79,59,73,98,64,16,67,88,68,93,21,4,89,99,85,66,64,85,83,33,63
48,35,62,27,56,39,73,55,29,48,19,8,91,84,84,15,67,3,50,6,41,10,4,56,85,18,27
19,87,87,13,40,14,18,20,18,28,17,15,81,31,52,52,24,75,82,85,18,76,100,60,68,87,92
24,24,64,34,80,39,44,49,31,34,5,79,75,20,1,20,52,12,27,64,61,43,52,48,9,89,93
55,30,19,85,86,39,51,39,17,83,75,41,57,84,10,82,92,34,51,41,7,12,45,34,93,92,7
97,67,18,88,34,73,61,33,56,34,31,8,73,80,16,35,77,43,93,16,71,71,87,78,17,36,65
62,45,100,76,71,2,62,75,99,70,27,3,25,29,59,73,7,85,42,52,23,45,34,69,91,20,1
100,37,75,19,68,40,71,33,31,52,17,17,74,13,9,2,76,58,13,32,0,61,80,68,36,13,95
62,54,19,62,16,18,5,36,49,38,20,66,25,27,17,97,31,47,61,84,58,3,48,4,49,67,59
8,0,83,78,6,29,85,48,96,97,39,69,63,29,21,96,51,82,88,46,28,43,32,48,45,22,0
61,19,82,82,61,73,70,27,29,54,19,59,61,100,69,40,43,48,56,45,39,43,67,27,71,79,43
76,1,11,54,42,51,91,66,80,12,92,62,53,8,91,57,4,62,30,91,73,34,30,81,85,96,92
23,51,11,10,79,72,89,57,24,17,20,29,62,47,4,40,78,0,79,59,70,34,97,98,65,48,75
66,3,80,58,33,92,32,6,38,24,21,23,4,10,23,71,92,69,53,39,87,65,40,61,76,74,47
76,57,22,88,9,94,21,3,100,75,7,48,1,86,75,8,87,60,7,17,15,67,29,85,27,37,63
23,48,45,2,100,74,33,96,31,47,98,67,64,45,70,27,42,42,8,1,12,46,69,23,41,60,42
3,92,40,42,47,41,19,80,24,69,61,20,32,6,2,18,93,25,7,24,86,63,96,37,65,70,7
11,1,40,8,43,2,96,34,22,89,89,58,17,82,92,67,1,22,52,78,45,22,10,72,62,46,66
96,100,32,14,83,59,65,15,73,19,30,35,21,23,57,3,46,99,83,33,78,68,60,68,26,16,22
36,56,26,23,15,73,42,18,99,12,47,62,40,61,51,39,3,43,71,94,37,95,98,51,65,79,81
38,30,42,11,39,87,55,39,43,64,76,61,27,4,25,20,1,92,54,93,73,39,4,5,10,55,5
26,62,49,34,36,18,13,44,22,3,88,22,50,19,90,40,19,77,30,61,71,99,51,40,94,11,90
28,30,5,77,46,34,96,42,91,50,11,3,69,85,23,36,73,26,32,77,64,59,87,20,34,59,14
57,25,59,79,19,77,76,31,97,62,60,91,82,82,96,19,10,89,47,46,22,80,81,15,52,93,60
59,8,12,90,60,33,97,50,66,49,67,61,70,62,64,66,82,18,20,24,31,26,35,43,83,14,86
33,80,19,39,74,61,60,31,60,91,72,86,5,98,98,70,26,9,35,74,36,39,37,43,4,85,27
70,26,36,34,14,21,19,92,96,67,35,47,86,3,33,45,12,52,43,31,95,46,33,46,20,21,1
20,82,66,53,45,76,39,48,75,8,13,59,30,70,2,63,53,3,30,72,24,38,47,44,74,73,73
65,9,33,47,80,1,1,90,94,15,94,46,32,63,25,86,1,97,26,96,10,13,48,43,10,84,33
82,18,58,68,1,19,62,38,47,12,39,12,63,96,46,21,0,61,49,23,59,90,29,81,48,21,18
80,38,78,86,83,41,12,23,83,4,76,92,6,63,90,50,90,10,19,19,3,13,42,99,10,47,37
47,88,60,69,62,48,42,55,16,48,25,16,83,0,97,13,72,49,55,84,100,80,26,30,75,72,63
5,51,67,33,99,90,9,23,12,35,69,84,98,70,24,64,16,48,81,21,17,13,71,68,96,58,97
31,29,60,22,91,79,50,36,67,9,95,88,58,11,67,64,77,26,64,35,85,67,93,34,21,90,64
18,98,81,37,77,96,96,14,63,16,83,27,82,40,55,98,60,36,2,22,80,51,63,18,65,99,28
69,75,65,30,65,94,84,73,1,29,50,71,89,51,32,75,59,52,21,78,77,15,81,51,91,45,11
44,3,59,21,27,93,74,15,13,99,50,91,98,98,93,14,4,93,27,51,58,50,90,85,16,87,57
40,100,34,12,40,73,35,70,61,48,68,19,96,90,44,38,3,45,63,1,59,67,11,18,47,66,30
30,75,31,90,12,6,11,1,46,84,4,43,10,16,87,30,67,34,89,26,28,74,90,98,91,88,16
80,23,27,96,55,73,22,18,58,100,71,9,95,90,97,33,17,96,19,72,98,51,76,23,56,42,16
19,40,60,28,95,50,78,12,64,91,47,20,21,34,54,55,46,84,54,83,95,65,46,43,63,1,14
23,90,69,80,17,17,79,81,64,2,62,1,63,86,96,17,28,6,49,25,8,43,17,65,89,77,56
90,45,22,1,56,54,89,35,4,18,5,77,19,15,80,58,26,0,22,34,51,19,11,13,90,97,0
49,25,10,25,66,35,14,51,81,6,22,48,71,6,13,47,5,42,62,70,23,46,18,14,66,77,13
82,48,83,3,74,68,44,88,69,69,3,40,93,81,100,50,62,72,88,75,80,62,93,70,64,93,66
56,11,72,73,61,85,79,47,79,18,33,74,9,67,11,40,45,50,76,26,95,94,16,44,17,83,81
93,45,95,43,55,59,52,52,30,50,34,70,42,45,13,45,2,28,41,4,56,63,35,37,58,32,50
53,23,49,38,34,1,38,47,62,100,38,52,73,89,52,15,6,79,40,32,23,92,43,69,6,75,56
58,39,30,49,0,3,17,32,34,64,72,83,77,77,20,10,31,48,35,55,49,20,77,4,49,99,7
61,11,30,10,15,38,41,90,20,53,96,32,89,30,8,100,96,5,71,98,70,27,61,53,43,87,55
45,42,67,65,74,85,100,62,14,45,58,73,2,98,42,7,87,30,15,33,22,21,87,34,37,10,85
44,40,11,99,61,8,9,92,6,69,79,17,17,38,42,3,74,71,43,56,57,38,40,76,11,19,75
88,98,49,35,26,38,3,71,43,88,80,79,53,42,74,38,49,92,85,92,81,23,39,22,32,26,75
26,68,70,13,95,67,79,82,16,62,12,50,14,6,10,36,90,45,82,20,95,72,97,8,3,15,71
18,3,89,48,77,11,52,38,52,46,83,14,62,9,79,72,78,56,26,81,17,8,67,64,52,22,17
22,76,20,96,10,4,63,98,19,83,28,87,71,23,39,22,99,10,98,26,43,4,42,69,90,63,90
53,95,62,38,59,20,67,56,26,31,58,1,62,42,61,18,94,64,35,37,39,75,50,75,35,74,36
42,2,55,10,82,71,79,12,96,33,29,87,80,64,1,57,28,99,44,1,3,18,7,45,73,57,82
59,87,24,9,67,21,36,2,46,72,69,22,19,90,96,48,92,56,22,84,67,45,29,91,24,34,28
96,61,61,5,51,93,98,86,1,3,8,65,23,56,29,45,42,76,97,49,49,16,38,15,11,76,68
19,9,3,96,87,97,48,22,44,83,69,79,9,30,15,59,15,74,87,33,32,79,13,84,4,2,69
38,19,18,83,8,31,60,2,44,28,15,91,76,82,34,29,10,57,51,83,4,43,19,86,42,29,17
59,74,71,13,75,68,34,85,65,68,4,26,62,1,58,100,65,69,62,61,5,26,29,89,76,77,100
58,68,26,8,20,33,71,38,12,70,54,36,70,78,50,90,3,20,40,59,74,41,35,80,4,26,87
87,96,13,60,8,39,66,26,24,59,13,58,23,59,96,92,28,35,29,29,1,44,70,79,87,49,79
19,30,17,27,96,51,54,57,71,69,70,97,43,7,95,35,39,98,20,31,59,31,48,89,59,67,15
19,29,11,17,24,78,84,25,63,77,58,75,23,56,35,3,79,36,33,11,67,88,80,87,87,40,3
79,56,18,9,27,76,72,66,89,74,33,87,51,93,91,9,15,78,29,87,13,88,15,38,55,100,35
5,24,34,17,81,28,61,9,18,73,27,72,48,18,90,88,53,15,46,64,11,43,72,69,99,74,25
98,65,62,26,87,89,10,68,74,96,2,85,74,21,34,53,70,89,30,93,94,66,82,88,69,85,19
75,65,44,57,18,70,33,69,56,79,87,91,28,17,6,72,68,47,38,90,93,57,33,16,16,97,18
76,11,25,91,5,13,96,97,93,65,48,16,70,79,75,3,45,14,68,50,27,44,84,62,49,81,14
51,100,4,54,80,63,1,66,69,57,29,56,78,6,76,6,54,22,31,42,94,41,2,52,97,4,88
28,97,33,80,75,89,78,31,84,24,47,4,68,44,61,59,86,19,12,60,15,88,58,68,92,15,4
34,75,72,61,66,16,2,93,63,24,33,39,57,39,42,94,23,89,6,98,5,36,73,85,66,13,93
47,58,52,6,62,63,87,29,42,83,25,52,65,89,43,56,45,99,42,86,30,71,5,72,94,21,65
27,35,37,96,37,75,22,0,58,55,14,24,44,21,87,47,34,93,4,55,4,79,63,28,69,35,4
82,61,41,69,99,88,63,99,83,52,38,60,53,77,45,32,14,66,51,2,28,58,37,14,45,38,21
30,63,51,19,97,55,51,34,66,100,23,38,79,50,68,53,53,81,35,53,24,75,41,15,66,9,60
75,74,61,96,0,20,55,17,85,42,60,83,58,22,54,57,86,21,26,80,38,61,21,98,26,46,81
46,32,56,52,12,61,54,46,92,49,47,73,1,99,50,68,79,34,50,14,69,21,3,98,61,24,7
29,75,1,25,55,22,11,62,49,14,92,50,52,28,87,23,80,88,50,26,37,49,56,37,84,85,92
10,67,37,16,96,78,1,38,25,76,24,8,75,9,76,99,12,80,56,84,39,35,57,62,36,19,70
19,45,100,39,50,34,65,31,51,58,83,47,3,70,78,12,95,93,85,56,43,7,55,68,70,33,32
65,31,95,44,57,55,20,97,75,54,41,14,35,37,87,58,54,65,73,54,69,46,44,90,24,13,94
48,26,39,76,22,22,16,88,55,95,29,91,15,12,1,50,46,4,30,75,46,44,37,36,53,16,14
83,98,31,54,16,59,40,60,61,25,4,74,45,95,66,62,48,53,36,64,80,28,82,40,50,85,7
33,38,16,72,4,84,58,89,45,52,31,14,62,53,79,29,18,96,49,100,33,52,2,20,25,59,47
10,11,26,14,27,56,38,14,64,71,28,76,70,66,30,45,47,7,67,50,56,5,27,10,44,12,44
73,93,96,10,16,72,68,52,56,94,94,88,57,59,35,70,80,84,86,49,80,75,26,96,42,68,62
76,21,26,7,1,42,31,96,24,45,22,73,23,37,12,60,67,74,27,4,7,30,94,5,79,97,76
84,98,39,99,83,14,17,62,91,17,61,73,36,38,79,35,73,61,66,8,80,78,74,91,4,15,89
49,5,28,9,24,49,94,71,45,32,56,98,76,7,19,0,98,82,56,41,1,45,57,61,74,7,12
34,6,17,80,45,67,95,52,55,3,0,80,85,64,91,20,56,67,21,36,49,92,90,33,60,29,58
59,87,80,6,35,78,91,18,81,40,62,41,57,46,15,85,82,83,83,60,26,99,29,91,69,69,32
1,0,66,67,79,80,61,65,64,19,47,53,65,15,98,19,19,40,98,93,87,71,6,95,55,86,51
37,73,78,69,6,12,56,91,87,60,9,70,31,82,45,30,91,31,81,86,65,32,66,73,3,29,74
61,100,68,64,82,60,78,65,99,23,98,100,30,17,88,51,72,9,9,24,68,15,82,88,76,92,77
98,27,17,45,91,88,59,23,61,83,73,17,16,35,56,8,3,7,8,25,24,60,43,43,24,93,72
52,9,0,25,0,53,50,73,83,88,68,19,30,31,50,93,82,98,93,21,87,48,83,73,34,20,81
56,8,5,49,65,68,43,51,50,11,77,52,37,15,88,29,21,72,23,90,74,26,69,19,51,99,83
14,61,62,28,47,55,3,33,88,77,33,56,83,11,31,35,62,29,3,25,42,67,25,54,61,23,20
7,39,50,38,85,3,2,96,71,81,92,95,55,100,15,45,16,29,35,45,12,55,100,45,39,90,35
76,14,41,43,41,5,30,82,59,70,83,91,54,2,14,68,5,47,48,89,50,34,76,88,37,17,38
8,69,98,97,80,25,53,69,48,45,81,47,33,69,100,12,75,96,24,57,7,96,63,52,5,75,86
54,21,37,63,16,57,54,85,6,98,22,7,29,54,76,7,56,91,9,20,54,58,86,96,47,55,50
95,67,50,36,19,84,99,36,88,18,99,51,21,3,43,54,20,31,42,76,52,37,91,28,32,57,39
92,98,70,24,86,34,61,98,70,18,78,38,7,50,53,30,96,28,39,36,80,19,45,20,80,22,70
32,82,42,6,59,38,30,30,90,79,24,15,92,46,92,52,69,97,0,61,56,3,49,38,72,85,71
70,59,33,22,85,35,81,16,56,59,79,8,21,100,6,1,29,7,8,18,83,78,41,5,10,43,85
48,49,73,81,89,1,4,4,13,67,53,52,61,46,46,90,72,15,37,52,54,85,17,13,71,14,15
94,87,63,27,63,1,44,97,5,24,45,7,68,34,96,22,68,96,77,88,81,58,78,6,74,59,88
28,82,24,25,22,21,29,7,57,20,33,65,1,47,90,60,37,18,26,66,1,49,55,58,74,3,15
54,37,5,76,94,10,76,46,64,62,97,27,55,43,62,36,78,16,54,45,24,63,11,23,74,69,13
92,0,80,41,0,42,84,32,12,26,90,35,65,7,48,36,16,8,25,94,48,59,3,17,84,54,75
23,61,94,22,72,7,52,99,93,14,32,82,99,95,78,37,89,34,66,36,40,47,93,87,43,100,25
8,33,87,24,4,72,65,47,37,43,13,54,59,53,25,63,76,63,70,71,88,42,54,8,17,49,47
41,24,96,46,17,31,34,53,89,49,28,25,52,30,87,85,21,100,63,32,31,20,67,88,3,16,8
45,7,6,81,32,99,41,1,98,65,69,89,62,50,84,93,46,76,83,9,11,42,59,43,88,13,44
30,80,84,10,46,51,26,97,28,89,25,47,82,56,39,93,3,94,100,1,98,18,74,32,23,73,17
69,67,17,4,66,96,89,19,67,21,89,61,61,66,98,47,65,69,82,73,6,55,77,84,93,18,50
19,37,88,9,45,12,35,27,71,18,77,82,81,74,86,50,59,96,99,87,70,35,86,10,13,83,51
97,45,38,27,49,98,75,66,55,27,19,62,75,39,76,80,18,16,75,69,37,2,27,66,38,55,41
96,34,52,59,36,69,20,90,26,52,55,9,63,89,95,3,5,98,10,20,49,25,52,3,1,64,27
83,98,91,28,11,25,64,73,28,42,8,47,1,15,13,62,68,94,23,99,87,9,47,97,82,29,100
3,19,57,80,42,96,63,54,96,24,71,18,42,77,19,75,98,20,55,54,94,32,64,71,24,41,16
58,1,99,81,88,67,99,26,43,33,20,60,4,78,97,93,84,75,13,61,65,81,28,17,63,8,46
78,70,17,10,32,63,19,63,74,17,21,86,76,58,91,82,36,47,62,11,17,36,69,40,37,45,75
35,4,42,81,12,13,82,91,76,37,90,60,44,68,90,72,73,76,36,77,76,63,67,80,37,1,57
58,20,43,26,81,23,64,68,45,23,2,28,58,26,48,68,3,73,29,30,13,51,68,8,80,11,36
100,5,93,33,22,69,59,41,7,3,3,4,8,31,41,51,52,40,58,44,67,75,42,76,81,70,40
29,12,61,90,43,22,68,34,82,22,18,11,31,36,77,71,53,54,61,86,79,79,33,35,71,33,80
83,50,24,16,44,59,22,12,66,2,49,28,26,65,71,36,82,55,94,72,62,73,6,64,49,9,22
63,70,17,27,36,8,41,34,90,10,74,12,77,5,36,92,10,88,64,80,13,0,3,62,22,29,37
18,33,21,79,66,82,56,53,29,9,16,19,62,65,23,91,64,11,14,1,79,18,62,47,28,81,46
40,10,57,60,59,41,98,10,43,57,28,67,86,58,81,33,95,91,14,21,46,74,2,70,56,56,62
22,14,10,61,79,79,52,46,100,85,95,40,58,69,11,72,99,74,100,61,45,20,37,95,35,64,76
35,82,37,100,76,87,8,94,5,44,42,79,32,98,54,39,14,78,12,32,40,51,79,38,21,7,89
40,3,60,59,79,84,55,16,23,72,79,11,48,71,25,21,70,6,64,50,92,60,31,10,11,77,40
3,98,2,67,87,6,43,51,18,24,15,13,18,17,29,0,47,97,73,19,23,62,75,82,49,28,81
84,31,38,69,35,8,46,25,97,2,56,84,73,59,90,82,98,60,71,55,72,48,10,73,32,64,27
14,31,31,0,70,86,89,33,66,54,10,99,46,79,23,92,40,8,25,98,96,4,69,98,26,24,14
79,65,0,30,76,58,96,21,77,60,33,93,4,50,73,86,89,86,11,32,62,26,0,79,97,9,19
86,0,80,69,56,90,55,91,60,92,42,63,9,72,98,71,85,89,40,36,34,25,54,64,69,48,51
46,2,25,26,41,4,69,17,86,72,58,91,51,26,24,27,76,62,40,60,26,6,78,27,42,44,62
54,68,42,39,39,36,62,64,43,54,75,8,55,14,68,19,74,78,52,73,55,39,36,7,79,57,97
79,94,85,22,56,26,21,65,0,14,77,37,61,42,42,50,49,37,38,60,33,46,88,70,40,71,23
32,91,8,27,88,72,87,13,31,79,94,26,2,13,74,15,14,11,76,32,53,78,21,37,10,24,35
93,38,33,72,48,80,67,75,53,6,65,79,26,75,87,50,1,82,68,4,76,45,85,89,75,29,97
63,88,2,35,66,78,12,85,37,25,22,65,5,75,91,15,67,30,62,70,51,92,34,33,75,65,31
33,76,70,81,41,70,24,60,47,87,37,64,62,21,94,37,93,34,82,64,84,98,39,56,8,51,55
87,0,65,10,92,38,86,37,27,12,70,64,42,37,35,25,93,17,8,40,16,45,53,64,62,79,70
32,59,67,96,51,80,96,79,90,72,50,97,58,80,55,36,19,68,52,51,50,34,61,68,29,25,91
23,26,80,18,93,57,34,6,40,66,4,13,65,63,16,62,73,38,28,30,76,55,35,26,82,96,95
90,90,87,35,49,33,87,11,12,42,16,32,38,0,19,20,67,8,50,92,76,55,88,10,66,73,80
63,99,14,46,6,62,38,44,93,95,4,95,47,95,21,18,10,5,30,89,17,16,66,77,90,1,87
55,8,9,23,11,68,75,95,45,64,31,19,68,53,100,99,27,34,34,89,49,15,54,31,63,69,21
79,74,92,92,1,44,67,26,51,65,95,68,12,21,9,23,24,68,85,9,65,41,59,23,72,66,18
59,41,25,58,54,8,52,15,95,57,13,25,82,97,15,15,45,10,30,44,63,28,29,69,91,25,93
47,58,19,84,20,49,51,32,83,69,7,83,96,98,26,85,44,0,42,95,76,67,45,100,89,2,61
82,70,52,5,77,24,100,50,75,42,70,3,13,2,25,94,36,14,29,63,1,80,45,22,83,83,55
34,18,42,13,54,50,60,67,53,27,46,18,23,16,95,16,30,39,7,0,45,87,95,8,83,20,58
51,73,21,41,16,5,67,100,76,34,58,20,16,20,53,36,53,15,2,18,37,47,25,45,19,80,18
63,39,72,39,32,7,31,15,72,31,99,64,35,57,28,87,0,16,9,46,71,49,100,7,89,42,32
14,30,77,92,39,99,70,55,21,58,76,96,83,41,83,90,99,25,59,96,94,22,13,57,5,29,6
68,53,19,21,40,65,59,85,23,97,44,57,21,45,46,44,76,64,94,57,77,8,24,46,80,97,76
44,29,78,13,73,12,43,54,66,20,76,60,72,3,85,56,20,52,54,33,83,100,89,57,56,76,2
11,33,74,39,3,90,3,48,58,53,0,17,9,79,91,22,60,77,62,82,46,15,47,6,80,80,6
43,14,17,70,100,42,64,73,59,89,70,100,69,95,56,30,54,10,28,39,20,10,0,88,43,4,13
46,16,60,46,38,20,78,97,60,45,9,28,26,59,83,15,64,88,90,50,63,35,24,57,71,8,71
90,77,26,88,18,28,46,69,72,32,58,18,48,92,90,40,11,18,40,73,40,79,67,31,52,58,55
59,44,95,47,78,60,2,65,14,54,37,100,3,64,98,19,90,50,9,43,71,65,20,80,29,20,37
57,97,94,21,28,84,52,18,30,43,78,92,93,5,91,41,46,61,48,61,77,34,87,13,56,56,56
99,79,52,46,59,3,78,95,1,88,53,47,42,11,38,88,67,4,77,24,81,51,40,18,83,92,52
4,13,4,79,37,30,24,62,43,37,81,96,23,3,64,98,40,39,33,68,71,33,96,65,56,82,23
25,0,19,31,22,81,62,69,0,45,30,25,83,21,30,72,55,92,67,88,6,23,2,75,41,93,83
81,98,8,51,86,22,89,95,100,23,15,69,48,12,14,83,57,35,48,56,90,13,9,99,3,18,13
70,26,72,72,76,6,59,92,29,45,93,11,32,24,8,8,97,56,84,81,63,66,96,57,2,43,78
90,23,75,88,100,63,84,1,77,59,32,100,70,25,64,85,52,82,15,28,7,4,96,13,63,88,83
14,37,5,29,50,69,86,74,0,67,25,96,93,7,41,53,15,52,67,46,36,26,14,32,18,56,41
2,32,12,13,57,2,20,76,67,50,19,24,80,30,63,66,10,54,81,25,40,21,17,50,84,15,32
39,64,37,56,25,75,81,26,1,24,32,46,98,25,68,89,56,44,3,12,53,77,83,76,41,34,4
8,67,39,38,9,76,90,20,98,29,42,25,88,77,64,27,9,65,94,1,66,83,75,22,43,33,6
69,78,38,1,12,38,37,45,17,68,30,65,47,83,89,56,82,22,62,63,62,94,53,6,11,98,16
9,60,91,62,51,86,62,64,22,100,87,69,25,33,55,15,23,34,83,2,14,81,32,48,80,10,19
12,29,54,64,20,78,81,8,4,56,80,88,49,56,91,96,44,4,6,9,43,44,25,5,52,12,35
86,47,38,64,78,23,43,99,36,14,19,45,84,51,38,23,46,87,45,32,77,25,48,63,85,78,50
64,78,59,97,2,54,50,60,43,54,97,50,90,8,25,15,98,52,22,18,74,52,98,87,11,48,40
70,48,2,95,91,28,84,17,51,88,73,60,52,95,18,34,70,79,62,93,48,99,100,21,55,84,45
29,85,11,35,71,11,27,85,82,63,40,3,52,19,12,62,57,82,85,60,21,61,93,90,54,45,76
21,11,58,28,20,25,100,91,94,19,75,8,81,25,41,8,27,12,45,49,45,13,42,81,10,22,65
56,79,70,21,62,26,85,78,68,80,29,72,63,22,75,72,100,43,8,6,48,3,21,58,23,46,51
39,31,55,31,19,82,73,72,90,19,64,63,16,52,27,22,70,22,24,52,64,32,18,15,87,8,86
74,13,92,92,97,87,95,14,61,19,59,34,91,26,11,58,9,45,3,85,63,12,8,90,81,71,23
58,90,27,21,49,47,14,48,7,78,81,27,8,40,93,11,55,83,12,93,16,7,45,27,26,84,11
32,52,15,97,85,94,99,50,64,82,82,100,34,56,47,47,86,8,72,47,77,56,75,33,63,11,66
52,59,41,86,68,44,83,0,54,21,39,39,35,74,79,8,39,70,59,99,34,26,61,0,29,65,69
88,85,82,67,1,48,24,11,18,90,96,21,93,74,38,64,94,12,63,67,69,82,3,33,80,91,97
33,33,98,49,27,73,23,45,10,50,1,15,81,2,50,90,91,68,94,17,82,62,52,88,92,26,17
96,49,88,32,82,74,9,35,98,22,80,63,12,55,6,89,62,2,19,77,44,64,16,26,79,66,97
60,88,15,42,27,7,82,11,95,4,96,87,11,33,60,84,30,60,80,59,69,75,61,65,40,50,14
87,85,2,48,70,67,73,82,57,82,2,34,73,0,29,57,29,25,82,35,24,63,63,5,80,43,17
67,29,70,68,66,18,53,89,31,15,68,81,96,58,23,53,37,89,74,56,94,36,62,51,64,12,38
29,84,4,5,12,3,10,82,24,63,78,28,99,33,20,8,14,39,11,37,2,23,54,16,68,98,26
5,30,95,55,73,61,21,47,81,64,77,95,66,22,61,72,92,84,96,53,99,91,84,7,85,63,25
81,42,65,41,90,54,77,65,71,54,81,54,26,90,75,69,29,47,58,70,27,29,11,62,12,8,28
49,2,5,28,79,9,77,47,79,83,12,94,48,48,80,12,55,73,9,59,68,91,61,70,69,39,12
72,19,9,4,34,44,51,20,27,66,70,55,49,71,8,14,4,96,77,45,17,54,28,48,33,77,4
31,70,1,56,98,88,92,4,68,69,47,94,12,30,82,8,10,84,41,6,17,7,100,70,100,37,18
99,19,79,100,28,19,2,6,14,55,82,56,7,96,30,41,95,86,3,84,65,70,63,27,11,25,22
42,1,92,55,11,45,22,97,48,62,69,80,33,53,27,59,44,23,56,56,8,73,89,49,5,8,68
13,40,65,9,34,34,56,48,82,43,15,95,72,91,97,22,47,37,90,3,38,63,57,70,37,57,38
68,1,35,64,97,13,39,12,11,91,76,9,65,12,58,21,54,33,14,5,92,80,2,79,99,72,5
60,11,71,99,45,22,4,45,72,18,92,65,60,65,65,48,50,32,2,13,52,28,2,24,40,69,58
8,3,79,83,36,95,23,83,4,0,45,42,56,45,3,68,97,20,3,80,0,33,52,19,70,85,95
89,74,63,21,57,84,82,4,49,17,17,61,39,6,3,11,60,64,76,72,18,76,32,62,23,15,72
88,63,77,62,53,78,96,74,53,39,34,11,36,74,18,29,44,16,26,89,1,8,85,52,42,68,52
44,5,37,49,82,99,63,40,10,6,66,2,21,40,2,0,9,69,32,75,71,24,67,23,8,25,20
77,84,5,97,27,9,14,29,56,23,68,56,78,2,86,74,33,30,23,47,21,79,19,84,72,68,27
31,4,34,79,58,20,74,9,17,50,17,63,25,98,18,79,68,17,35,90,20,37,19,90,11,53,80
64,25,23,13,20,16,62,71,41,19,49,32,48,13,97,17,53,36,10,48,10,96,43,73,59,80,58
56,17,24,65,59,90,77,14,66,91,17,34,17,24,59,71,17,35,38,43,2,22,95,19,96,86,56
27,21,43,76,76,11,84,72,19,87,28,59,75,7,48,52,19,77,51,25,83,85,1,0,54,52,65
59,24,11,30,63,3,22,78,67,20,52,58,85,95,58,41,79,67,34,41,41,25,75,20,37,50,30
63,68,85,97,70,40,81,94,49,15,81,9,28,87,20,26,22,44,40,88,100,50,46,32,15,99,58
40,22,89,12,1,10,93,86,47,75,35,90,56,0,56,76,14,5,70,57,47,21,35,22,52,87,17
71,20,61,60,27,35,77,51,4,81,63,99,51,89,64,39,53,71,18,83,21,57,48,83,86,0,2
94,98,14,58,9,44,96,33,17,89,56,31,86,76,91,90,62,54,81,63,77,18,41,54,51,10,43
29,88,16,14,89,38,52,90,32,49,52,61,54,16,76,78,72,4,48,59,77,16,65,64,85,93,59
69,66,51,61,14,67,34,9,19,76,36,66,1,51,35,49,99,50,8,83,85,4,74,29,35,53,41
26,96,89,74,11,91,87,30,84,47,79,10,38,39,12,4,61,20,13,30,54,33,61,25,63,86,57
21,71,92,10,30,68,91,70,6,23,71,65,26,52,88,27,69,88,5,94,64,69,7,26,39,38,86
50,14,18,38,25,4,73,6,46,90,63,26,75,94,20,24,19,3,94,94,28,73,75,57,29,74,5
45,52,68,64,13,48,64,55,27,4,61,71,10,0,75,7,96,71,50,95,58,46,34,57,51,6,19
93,28,24,96,30,91,45,44,28,100,29,69,28,8,54,98,49,97,80,75,9,19,66,57,57,93,58
48,58,74,43,28,43,34,35,52,20,19,69,4,72,77,97,8,11,61,21,61,61,14,76,90,5,39
34,89,22,77,15,52,1,42,63,23,39,77,63,87,51,93,90,24,68,64,22,26,91,18,14,83,60
14,47,56,90,29,9,59,41,65,77,73,78,77,11,29,99,28,36,96,98,56,21,42,93,29,95,78
45,49,61,52,61,83,69,77,28,65,90,81,1,87,95,13,0,51,72,40,25,57,89,21,24,16,42
8,73,77,81,97,3,61,74,73,47,37,20,32,29,51,63,19,58,16,10,70,25,33,93,44,78,14
54,4,46,63,34,46,93,99,50,7,82,8,22,37,3,48,39,62,25,34,96,40,42,50,16,93,50
96,7,53,27,45,15,58,78,14,47,79,92,23,98,71,20,73,97,66,16,66,66,64,61,19,49,59
42,25,10,37,28,33,84,22,86,0,83,86,83,31,79,24,59,97,25,61,26,59,16,18,17,77,51
84,29,29,42,49,28,7,55,33,65,27,10,45,58,15,55,76,27,83,20,14,55,63,37,56,23,13
95,35,78,59,80,75,51,22,52,43,8,59,29,64,36,21,97,22,41,82,46,33,85,6,71,57,95
85,90,87,22,95,14,26,1,14,54,57,5,85,53,93,7,36,79,45,36,73,98,63,91,45,21,21
60,70,63,6,36,40,30,3,14,49,17,35,25,51,38,13,11,74,65,41,48,8,1,27,15,94,90
16,56,87,1,17,48,60,75,64,42,84,3,54,78,44,95,53,56,99,6,57,14,52,51,25,53,44
40,48,41,82,92,96,67,64,10,71,46,51,47,78,32,38,35,69,57,4,98,37,42,66,70,32,4
97,24,43,8,25,14,23,84,37,28,49,63,70,82,5,43,3,7,19,57,14,29,86,71,42,65,94
56,13,8,10,8,100,90,15,36,81,91,84,5,18,51,22,65,29,54,81,49,7,11,77,52,93,43
18,24,98,43,9,11,71,77,42,48,3,16,44,61,71,5,74,31,80,5,43,85,57,33,84,6,39
85,34,60,88,26,92,88,84,35,25,16,56,14,36,82,74,50,66,31,94,2,87,6,91,41,79,48
98,21,51,98,4,40,10,23,74,72,93,28,100,46,92,55,60,55,55,7,76,16,34,94,92,92,34
78,26,5,39,74,90,29,42,68,64,67,89,88,44,79,28,53,80,4,20,73,91,89,100,17,74,26
39,5,14,68,70,87,88,38,48,78,77,9,35,22,30,66,35,34,11,97,62,22,24,80,88,21,14
68,48,73,40,100,54,76,12,13,85,94,31,56,82,9,17,82,43,86,91,66,41,77,70,93,54,93
62,22,54,81,93,14,50,17,22,50,34,85,22,100,24,65,39,6,20,93,77,1,37,71,0,99,34
0,66,44,87,41,65,69,54,72,17,3,86,26,63,54,90,18,16,71,79,83,70,43,45,100,49,86
68,66,28,11,24,8,87,4,88,33,15,3,48,39,78,88,38,64,33,12,35,22,17,14,55,1,40
54,55,55,4,1,50,85,92,96,84,94,82,89,80,59,27,58,99,11,97,56,99,58,87,79,31,19
12,62,95,72,98,28,2,59,79,92,78,37,24,31,27,92,27,3,3,39,42,51,67,7,30,91,94
28,24,28,47,39,96,55,87,61,95,89,34,32,93,86,89,82,42,47,7,38,45,72,7,78,19,5
26,17,82,61,89,39,32,85,71,91,15,34,41,65,75,52,5,100,52,1,59,52,16,50,0,81,34
37,52,28,27,3,76,55,88,83,17,73,68,80,25,89,19,70,88,75,97,74,92,62,57,16,61,82
64,29,18,27,73,18,47,36,63,12,75,83,66,91,61,16,68,36,48,8,66,9,28,17,53,4,1
87,26,72,22,24,54,90,40,13,2,44,64,35,12,91,71,12,70,99,28,3,35,44,84,98,66,62
33,78,87,87,73,96,22,85,96,10,61,76,28,60,74,52,86,70,31,45,83,87,12,93,37,49,99
99,14,25,49,44,39,74,88,43,87,6,16,18,36,36,82,44,84,70,0,26,36,1,97,92,19,3
25,22,0,65,28,11,1,15,39,66,49,96,42,9,81,82,70,12,76,5,83,61,16,1,77,0,24
99,4,99,96,87,8,23,76,80,35,37,57,73,93,90,55,68,67,93,44,46,26,1,39,9,7,37
90,18,29,16,29,28,23,68,23,100,46,27,71,35,73,87,89,9,30,14,33,54,42,74,11,54,56
50,61,54,30,41,40,10,89,96,85,20,47,69,60,48,62,91,78,57,76,9,96,65,19,83,98,26
15,55,33,22,67,10,58,55,45,52,79,54,82,12,72,83,78,19,94,70,8,25,20,66,12,61,0
92,59,9,24,37,63,68,99,50,56,98,58,0,62,13,7,21,93,36,0,79,79,18,6,1,41,26
93,97,90,2,42,6,67,62,15,12,12,11,51,50,69,44,51,94,51,13,66,77,41,10,21,83,47
86,97,0,40,41,43,52,54,31,87,76,83,11,87,79,92,27,84,0,53,25,47,6,61,49,95,49
100,34,35,36,28,34,94,73,83,32,84,71,16,10,87,45,90,89,88,21,65,68,69,69,3,69,9
87,75,26,21,28,92,63,79,91,83,60,38,54,20,92,51,95,22,65,77,22,64,10,69,5,13,35
34,24,23,31,92,9,100,13,14,70,50,100,79,66,76,41,11,4,36,59,63,89,5,44,85,92,11
4,20,67,99,57,9,15,76,7,52,1,25,66,21,43,65,17,35,77,13,13,98,16,24,21,20,69
85,63,26,91,2,3,11,14,12,82,75,99,89,22,32,80,65,89,1,81,55,58,47,68,33,62,67
98,61,9,53,19,84,48,64,14,1,69,59,11,67,42,26,64,80,88,21,94,57,17,67,49,58,25
8,97,34,41,5,70,46,90,66,36,68,45,97,11,28,61,7,56,3,26,58,49,51,80,90,13,29
42,100,33,46,70,65,18,92,74,57,51,17,72,95,12,74,45,55,13,3,1,72,19,38,10,63,89
70,95,41,99,4,52,30,91,29,15,24,99,46,79,31,4,92,30,63,69,7,45,17,26,75,50,78
16,34,46,43,57,87,70,98,94,54,39,20,3,74,98,10,8,21,81,96,33,5,33,6,47,85,36
23,69,79,82,76,63,14,85,44,64,74,72,9,26,68,33,46,76,85,98,97,45,84,23,71,4,65
61,22,22,83,41,80,43,14,88,21,25,38,27,23,71,78,5,25,60,66,87,4,78,23,92,95,44
78,2,78,79,24,30,62,1,38,78,49,48,38,57,35,80,57,59,55,58,27,6,36,4,4,76,15
57,3,14,54,63,96,15,79,81,100,1,95,59,82,54,99,96,12,45,41,57,48,32,96,41,63,62
84,68,1,4,50,3,84,96,1,32,7,57,49,40,81,25,38,23,16,22,63,63,81,71,63,14,87
72,3,41,76,16,73,97,98,52,95,4,36,84,52,93,14,100,88,58,57,32,49,77,75,9,80,80
81,84,23,77,31,24,83,67,95,74,69,5,64,29,74,51,94,88,66,14,64,83,53,60,70,87,90
17,20,95,51,25,1,36,64,53,6,94,86,22,86,35,31,6,16,40,75,4,87,96,58,8,87,57
37,50,49,74,24,5,62,98,62,94,90,43,59,57,83,0,11,20,92,65,0,95,21,75,57,33,24
29,53,57,39,42,25,40,88,32,3,65,65,20,56,67,53,82,85,30,21,41,26,49,3,4,73,62
44,2,12,82,32,49,10,51,16,78,62,22,85,23,100,88,31,9,47,32,57,17,39,83,95,30,5
33,18,57,28,86,49,72,6,17,12,19,95,37,67,66,8,10,85,48,14,65,92,42,88,40,19,84
32,19,37,75,45,98,98,48,86,46,73,64,38,82,79,51,47,74,56,55,89,96,40,35,24,97,54
43,62,11,86,28,20,12,56,10,26,15,26,69,98,11,42,54,41,30,7,27,7,22,42,17,23,51
95,70,7,16,29,1,12,9,51,75,93,86,8,7,62,75,47,42,39,90,50,10,35,14,15,78,27
42,70,78,27,89,92,61,12,13,76,70,32,0,6,30,35,56,48,64,70,14,7,39,59,15,8,53
94,8,60,37,90,44,47,96,20,54,34,46,60,61,64,32,67,23,9,25,0,75,74,96,25,96,82
33,14,73,51,87,72,25,5,87,33,74,29,93,40,55,78,64,1,88,78,88,91,42,6,78,50,42
100,59,24,85,78,46,7,79,69,81,23,20,5,35,99,99,51,26,53,6,70,61,32,31,32,29,58
73,61,70,97,55,99,38,94,45,72,51,90,7,69,60,25,90,55,90,46,23,71,38,36,12,12,96
41,10,50,84,84,58,65,10,1,74,43,59,24,4,59,73,21,82,56,95,39,4,15,37,39,84,40
80,63,63,98,17,84,66,22,48,99,43,27,39,34,47,10,95,18,46,12,13,64,94,87,98,31,17
56,81,40,96,76,90,54,56,88,7,24,16,43,30,45,65,74,79,80,42,34,69,18,0,68,40,50
75,94,81,24,26,91,56,61,62,60,97,87,5,89,50,17,46,100,5,8,66,86,71,29,3,83,11
24,1,10,20,89,50,40,41,1,88,25,19,10,36,30,12,61,83,63,4,28,59,27,37,90,40,4
46,46,27,62,89,14,72,67,39,36,21,97,46,50,8,50,63,13,46,72,38,35,39,57,19,85,83
0,57,100,26,45,22,99,95,21,30,27,99,3,50,18,1,95,68,89,17,69,34,55,52,37,70,78
48,68,82,59,15,38,3,23,8,1,60,97,53,96,33,68,28,92,62,65,44,46,73,30,25,40,24
54,96,14,19,58,53,75,64,72,86,84,19,27,67,20,37,36,85,82,95,46,6,8,12,16,60,40
24,74,14,99,37,55,32,81,30,14,30,0,92,93,38,94,56,57,3,22,32,76,77,48,50,78,77
20,75,53,19,51,71,56,44,2,63,9,94,83,69,55,54,66,6,35,34,75,12,2,77,67,53,88
48,73,23,4,85,52,81,60,9,61,11,30,31,9,58,94,24,44,29,94,26,18,66,92,97,51,4
63,62,35,68,86,31,59,89,44,77,13,65,34,33,28,8,19,16,15,23,40,63,91,37,87,20,33
82,55,58,91,85,68,36,13,19,67,34,93,1,80,63,31,91,21,84,91,25,77,73,43,62,13,45
63,65,63,38,80,23,49,30,70,58,78,86,62,4,15,99,38,11,24,83,58,19,6,80,49,89,55
9,71,56,65,97,83,42,52,39,90,2,33,2,56,64,12,16,38,41,8,72,40,8,11,51,69,81
58,59,26,65,70,80,76,99,11,61,7,54,28,16,68,22,90,62,17,42,47,55,1,8,53,3,70
10,2,57,80,51,91,96,64,94,88,57,80,38,62,77,83,47,22,9,34,73,43,30,20,47,21,38
12,12,70,53,88,50,85,76,96,37,31,69,23,44,84,58,28,93,69,86,96,51,27,33,72,29,57
62,33,70,68,21,72,34,16,84,65,41,44,49,79,56,67,39,35,60,39,30,42,10,1,10,51,51
23,100,60,17,80,76,95,3,4,69,32,21,16,61,30,83,96,67,90,8,9,10,16,27,54,54,20
64,89,59,59,36,61,81,52,31,30,9,59,48,59,65,50,19,54,14,1,89,53,89,61,85,51,36
20,69,96,89,30,68,34,21,33,91,93,49,60,17,89,54,1,38,72,100,15,70,54,37,3,17,54
21,17,76,22,33,32,92,75,67,36,79,38,78,95,97,92,5,41,90,27,97,77,3,18,64,50,25
64,5,84,38,50,33,69,84,13,1,96,48,14,26,11,50,51,64,66,63,7,47,73,64,82,77,69
1,96,49,75,1,90,76,45,78,97,86,74,33,32,83,71,70,92,6,63,52,14,35,9,29,14,32
63,13,51,75,74,21,22,85,27,1,43,6,41,50,56,71,59,91,32,86,2,94,3,55,61,22,29
17,8,54,30,94,50,57,83,91,66,36,40,49,31,78,63,100,57,25,38,88,98,47,81,18,39,86
27,6,69,54,78,72,80,20,80,22,52,29,47,80,57,2,100,57,27,32,63,31,59,0,65,25,79
91,5,58,4,65,95,57,96,44,25,24,36,82,47,88,33,23,1,23,13,69,91,21,94,2,70,92
24,93,37,0,39,6,91,35,93,44,46,20,2,90,42,49,80,74,20,14,69,16,92,62,80,86,26
74,15,58,22,98,32,76,40,84,37,70,91,96,71,82,71,63,5,75,36,47,35,68,27,39,74,94
71,95,53,38,74,71,46,9,19,27,91,10,92,22,44,35,48,28,99,87,67,22,86,16,56,96,88
10,64,20,81,64,3,75,56,81,47,11,15,17,46,67,90,81,47,33,52,54,17,57,2,21,85,48
19,93,57,58,55,43,11,41,68,26,49,16,93,37,23,33,88,86,43,58,17,5,95,85,29,54,14
11,68,8,4,45,10,81,82,83,60,72,75,10,24,20,25,94,33,90,68,55,98,49,8,72,67,85
76,31,5,75,59,79,93,67,87,78,24,61,77,36,100,75,1,79,83,90,31,52,68,33,87,84,82
14,97,47,90,68,100,31,70,56,2,13,26,83,24,50,51,79,62,52,3,55,16,6,77,48,21,55
29,68,44,68,32,99,85,85,66,88,68,90,76,86,54,60,18,59,9,51,36,71,46,67,44,2,75
52,2,26,12,100,51,48,19,85,84,28,71,31,30,14,1,7,98,96,81,45,86,57,76,9,91,85
58,32,21,24,46,32,17,34,59,40,31,64,12,45,62,25,76,78,11,37,16,60,73,74,81,38,45
67,74,16,87,45,73,8,80,59,78,8,74,19,26,99,87,65,31,86,85,29,65,57,41,11,19,82
54,35,74,1,98,50,80,69,65,7,74,72,8,57,62,85,24,54,40,56,37,74,8,13,70,78,34
9,99,0,90,22,26,54,42,7,95,43,2,31,89,15,51,71,75,87,47,47,0,36,90,29,92,39
53,54,22,76,49,69,85,24,81,98,27,73,59,50,72,13,96,45,24,50,84,58,4,57,78,54,74
89,91,33,25,73,9,28,58,65,2,96,22,88,34,86,83,88,85,51,68,48,47,80,13,34,73,79
83,36,49,12,95,59,62,40,42,66,18,73,95,22,61,5,42,95,88,7,93,50,6,10,1,55,44
53,95,40,7,93,23,34,4,95,22,82,93,7,90,76,48,42,92,39,60,5,0,88,59,43,18,54
29,68,92,51,31,31,52,99,96,54,91,57,16,66,8,44,88,26,70,7,44,12,4,47,53,39,52
43,49,25,82,74,18,82,35,19,4,85,65,66,66,90,70,5,73,7,6,78,39,2,19,30,90,35
29,67,69,58,16,54,33,97,90,87,24,35,83,8,48,18,75,6,9,31,71,72,56,8,40,82,28
52,4,47,5,3,67,10,15,74,21,51,23,57,96,7,38,71,14,1,65,29,91,83,80,98,22,15
5,55,79,4,20,28,81,91,14,100,46,65,27,83,76,88,62,10,50,59,92,62,85,57,55,56,37
76,15,10,69,76,2,61,68,26,3,77,82,83,83,18,72,20,64,30,96,11,9,78,67,35,2,37
41,3,69,70,95,16,12,60,85,71,85,5,93,45,89,73,97,93,3,47,81,40,9,4,68,24,40
95,71,0,62,26,37,78,83,13,41,46,67,87,96,34,6,64,19,74,61,67,97,12,91,35,68,7
41,87,98,21,64,2,8,74,6,26,73,30,28,65,53,69,71,59,88,69,8,70,76,34,62,100,49
22,97,41,5,51,35,2,31,82,70,82,48,9,26,4,74,63,63,48,83,79,10,70,3,83,33,2
49,42,90,88,88,57,40,95,85,93,40,5,41,74,88,2,36,0,8,95,15,18,4,66,84,0,60
10,74,0,64,99,51,30,17,55,45,64,20,99,51,68,19,50,83,36,25,78,14,86,67,0,9,99
64,84,75,60,90,1,33,74,26,87,2,57,87,86,23,85,28,34,1,27,32,78,57,62,65,40,74
50,24,6,51,58,80,18,62,88,68,39,53,86,8,7,1,71,86,24,50,85,75,51,92,25,100,8
13,19,83,89,77,48,87,50,41,42,100,57,22,66,54,41,36,46,87,35,95,67,21,36,18,97,72
72,83,14,0,100,91,17,72,17,21,76,77,38,46,89,31,72,18,3,40,6,44,64,90,15,65,82
17,40,90,55,8,41,30,9,38,35,0,82,10,35,57,1,36,35,75,69,84,12,48,99,24,77,48
89,98,64,39,35,11,56,51,73,78,90,4,25,76,3,75,66,94,54,44,91,78,32,1,58,56,40
86,9,21,11,24,94,28,12,2,18,34,95,36,100,14,35,84,28,54,71,52,44,3,86,12,23,19
14,11,65,13,17,100,43,94,62,63,12,39,66,30,51,8,28,17,70,66,56,33,33,30,7,37,59
79,26,37,2,41,100,96,97,53,14,47,40,83,84,19,28,2,85,2,92,79,7,39,98,80,36,28
4,97,59,24,6,74,7,70,97,35,49,36,50,41,69,77,74,0,23,30,52,91,61,52,19,100,84
93,8,66,43,3,12,32,51,73,4,8,56,2,97,24,74,10,10,63,44,38,26,52,32,46,80,39
38,55,58,51,92,96,1,8,44,88,44,22,41,54,41,94,48,80,8,15,23,15,23,40,69,70,87
48,41,99,51,10,23,19,30,65,69,31,98,100,91,69,84,3,6,53,62,98,10,29,66,19,30,22
90,53,47,95,83,68,17,8,34,7,75,1,89,41,89,3,71,74,60,66,37,4,3,79,60,15,37
37,99,60,30,9,35,51,14,95,7,99,42,47,64,35,91,93,46,31,54,26,68,37,98,32,40,91
0,97,31,22,8,45,65,13,93,27,31,4,5,56,83,62,33,23,71,32,74,83,40,20,11,75,38
24,60,19,90,7,91,27,51,6,51,17,28,48,13,25,64,39,43,4,8,24,53,40,59,97,46,44
29,34,16,70,39,20,70,80,12,42,36,19,2,33,5,76,35,86,12,1,3,0,72,35,73,76,45
22,8,63,86,84,9,63,36,49,48,23,46,26,41,1,81,35,59,65,54,54,61,38,100,38,36,63
41,60,28,8,56,59,86,50,17,0,82,76,55,63,54,35,94,27,24,6,82,26,87,21,89,66,53
53,39,94,73,79,51,90,17,80,98,56,59,9,42,50,31,34,11,50,77,24,91,4,70,80,41,79
15,8,79,8,44,57,6,92,53,47,96,5,5,38,14,56,71,28,35,61,7,61,63,48,45,22,41
10,58,100,90,86,14,88,91,54,54,28,14,46,13,24,44,59,2,50,23,69,9,100,41,13,21,97
57,67,3,84,79,85,50,92,76,56,34,47,3,53,99,44,12,5,91,1,47,45,48,39,46,28,53
27,85,70,94,65,47,97,95,15,86,32,94,18,45,82,92,75,98,89,22,21,93,71,50,32,52,83
23,68,62,36,76,89,71,64,35,87,45,97,55,44,51,26,46,64,17,22,57,35,9,9,21,59,49
0,90,81,49,16,39,5,11,90,38,7,53,31,2,5,20,65,50,44,61,30,40,76,82,63,19,80
4,52,94,0,95,66,87,55,70,34,14,91,7,77,51,26,44,29,22,63,78,26,2,49,30,78,22
66,50,100,77,6,58,27,30,7,34,22,3,76,36,43,7,24,35,90,51,41,75,61,24,92,80,33
58,17,45,6,65,89,19,72,72,43,84,98,31,97,84,26,18,62,61,44,91,65,33,25,21,78,23
33,54,25,21,30,58,63,91,10,3,73,92,19,69,56,21,55,94,78,17,7,73,43,61,1,9,25
26,61,45,4,27,74,74,11,9,76,68,66,37,89,34,21,42,30,9,12,90,79,63,46,19,4,22
72,11,87,58,90,44,93,48,33,47,13,8,37,23,97,77,93,56,36,57,63,23,0,63,76,35,42
90,94,32,98,14,17,75,80,56,90,94,91,65,31,65,52,62,38,71,68,61,1,34,33,48,32,79
48,96,60,7,22,64,29,14,40,65,45,44,35,21,97,91,74,53,86,6,80,54,72,82,38,77,10
33,9,21,22,43,81,94,86,66,2,64,19,21,24,70,67,11,47,22,16,100,5,12,37,55,48,98
69,33,27,16,36,52,73,21,5,88,6,17,23,60,77,39,72,92,69,55,56,52,86,32,79,46,15
96,47,1,44,67,38,45,11,26,34,42,28,74,20,54,61,62,48,84,9,100,27,95,46,18,94,93
18,25,78,41,94,5,17,43,80,0,62,22,83,68,99,63,75,92,90,5,32,41,84,70,32,66,82
6,12,47,18,26,38,27,74,15,88,74,69,32,28,80,34,84,25,33,74,70,63,7,30,31,4,68
71,14,57,86,88,25,10,48,4,86,72,80,96,94,20,41,5,21,70,10,70,31,90,48,81,33,94
71,18,91,17,29,75,73,61,78,5,37,69,36,33,96,31,75,11,35,90,91,2,75,37,62,36,45
26,85,49,46,36,54,94,63,15,87,40,71,78,75,32,37,66,44,82,76,15,64,13,80,62,74,28
16,68,35,10,27,5,77,98,39,38,1,7,84,88,74,93,63,38,51,9,64,52,9,88,50,99,34
59,56,38,76,42,81,38,64,95,60,67,41,76,21,57,45,10,74,0,67,72,17,77,77,2,7,71
43,33,1,37,68,49,54,87,74,40,24,37,85,42,44,25,65,17,100,70,15,32,46,87,66,57,83
15,33,96,14,54,79,84,36,94,89,22,13,81,49,53,78,35,98,21,37,24,4,37,37,23,26,61
84,6,66,21,72,40,70,32,79,40,23,10,56,22,64,90,74,74,6,38,20,79,29,59,73,77,3
65,62,3,46,2,54,5,76,43,35,99,14,48,32,53,48,93,18,23,23,77,47,70,72,42,63,35
55,4,40,94,42,52,68,80,11,61,27,65,22,77,55,30,92,75,11,59,34,84,17,65,54,82,97
4,6,95,81,98,0,64,35,32,68,35,34,66,63,54,66,94,79,71,97,72,62,55,9,79,88,66
3,30,67,92,64,37,11,95,27,10,81,28,0,0,39,37,25,100,31,74,54,94,52,90,56,89,14
73,81,89,42,87,32,53,92,51,95,38,28,62,12,36,42,91,15,8,45,28,10,67,77,31,99,60
6,25,3,3,13,58,54,68,50,8,43,99,26,37,14,39,24,2,64,89,97,53,97,24,12,21,57
1,14,98,33,3,43,79,4,75,98,77,6,87,56,72,36,12,67,4,6,19,31,58,88,20,47,87
86,79,29,68,92,72,46,36,48,36,71,41,95,62,59,13,77,72,99,19,46,68,28,70,65,11,32
6,48,97,100,98,79,95,49,73,18,97,27,52,98,17,35,82,46,63,0,53,53,91,64,10,2,3
71,27,15,43,55,48,74,32,4,34,19,100,32,75,7,91,9,9,29,57,61,88,42,80,81,89,66
46,57,10,97,65,26,94,86,22,84,30,33,86,14,83,83,85,16,34,32,67,57,28,16,66,82,19
1,19,23,98,85,86,47,18,42,32,14,86,68,27,36,52,86,15,88,68,75,11,67,51,13,66,37
19,28,15,53,25,49,14,18,85,45,42,8,51,1,57,35,22,66,60,35,45,18,17,89,73,16,95
3,55,80,80,3,94,26,16,84,67,84,37,13,83,3,96,76,57,13,53,99,96,16,43,82,91,12
58,38,60,25,77,31,20,34,73,90,88,49,11,97,36,96,89,46,24,24,66,93,39,14,98,53,3
88,2,43,53,15,24,31,41,37,37,36,10,79,43,46,9,14,86,16,5,74,95,80,49,0,49,98
60,89,29,33,3,69,71,42,7,18,37,98,45,77,26,100,68,72,61,1,92,81,2,40,53,89,23
83,53,30,25,91,23,65,73,88,53,31,50,94,56,61,97,54,88,3,90,90,44,10,77,34,44,14
86,72,76,52,70,39,62,33,59,53,20,65,68,47,19,69,23,72,2,65,76,13,88,95,25,5,76
84,51,46,88,59,0,30,30,65,44,50,55,53,37,36,90,14,95,91,50,67,81,81,53,4,19,33
97,17,48,11,45,5,13,1,42,67,58,41,36,27,96,46,37,88,49,90,66,65,70,89,31,85,53
35,46,4,80,77,34,57,56,23,86,98,42,20,63,93,2,99,18,95,56,65,8,41,99,41,33,33
6,2,65,81,12,33,23,96,20,28,33,11,9,65,19,94,40,86,92,95,8,49,73,75,0,65,3
65,54,37,43,93,20,85,4,92,22,30,6,45,41,73,82,94,31,42,32,48,77,84,43,13,39,34
35,41,54,19,96,5,60,40,18,20,96,1,4,9,9,75,69,42,32,57,95,49,16,94,64,65,92
44,61,82,94,9,5,81,37,28,17,80,10,84,31,4,28,23,31,6,79,33,11,39,27,65,21,25
11,49,76,99,67,85,2,54,30,42,80,47,36,33,67,85,14,0,35,20,7,12,61,6,23,10,7
19,66,51,8,37,78,72,49,7,16,38,68,22,20,61,20,89,4,75,59,77,36,36,94,80,34,30
88,52,74,22,18,27,45,6,11,41,46,38,26,67,25,12,49,7,27,55,68,4,4,9,23,23,4
99,80,14,58,66,58,11,31,71,84,20,80,33,98,52,79,22,3,23,31,88,8,47,96,69,17,9
8,1,86,18,49,93,63,54,15,9,3,37,63,45,17,41,0,29,92,65,26,35,75,2,6,58,8
3,91,30,72,35,62,12,65,62,37,47,23,72,84,29,27,40,15,15,58,9,75,82,69,22,64,59
7,95,7,18,62,64,63,61,94,70,8,40,50,1,7,72,30,74,42,78,16,68,57,55,3,88,46
83,97,73,45,27,29,42,85,18,78,51,95,79,65,57,83,50,44,60,88,4,18,80,94,48,24,97
33,26,45,11,51,95,26,80,99,90,52,91,69,25,22,11,88,43,92,18,7,34,10,69,54,20,89
21,73,47,45,95,98,34,48,70,26,83,86,38,53,62,55,8,3,41,11,81,10,21,63,48,74,68
90,37,30,98,17,100,58,35,96,84,43,41,53,48,48,3,94,43,35,33,15,0,6,8,78,28,93
53,90,87,83,77,4,49,40,46,58,81,64,78,99,100,9,49,40,11,96,39,32,96,63,91,23,62
68,13,8,61,19,76,74,8,52,65,100,66,22,44,100,96,91,73,63,97,61,99,33,63,21,9,61
15,74,60,64,99,98,70,30,38,72,53,4,2,85,32,59,70,6,57,0,91,41,68,72,90,52,81
5,99,48,20,58,98,73,41,50,86,10,47,0,59,96,46,95,96,93,13,53,4,72,85,24,76,96
2,32,91,75,87,25,18,52,68,19,14,85,39,64,79,4,1,94,29,37,78,91,20,12,69,36,28
43,72,12,1,34,16,27,64,34,77,72,12,16,76,35,68,64,48,90,63,69,56,28,48,46,8,66
10,89,70,55,40,65,50,45,5,97,51,92,88,86,91,13,15,42,75,29,21,97,77,48,61,70,83
49,63,40,7,18,25,9,27,18,76,82,13,96,100,24,24,80,29,10,51,16,64,100,53,19,79,31
2,30,88,14,8,81,0,52,55,44,88,80,69,93,20,40,39,40,93,93,63,88,42,78,39,50,17
79,52,37,84,41,83,91,75,43,91,8,81,67,10,70,47,15,60,1,39,40,76,8,92,75,69,54
42,64,32,89,75,70,25,82,44,68,42,53,73,13,87,53,82,11,57,58,8,4,32,62,82,19,79
20,74,1,36,47,82,91,69,50,1,95,70,45,59,32,92,76,73,18,24,6,5,99,14,85,54,88
36,48,3,24,17,66,39,50,11,20,30,49,97,70,62,48,38,52,60,52,7,44,2,96,65,19,47
52,3,82,22,42,97,86,26,14,19,87,79,94,93,10,19,62,43,53,85,37,24,32,78,70,47,70
99,66,70,87,6,22,55,75,30,96,32,52,16,43,26,82,51,5,32,49,63,79,35,86,15,29,86
98,35,14,21,72,16,16,50,8,52,44,58,61,88,53,73,58,93,10,93,91,76,19,30,51,10,42
46,62,87,52,49,95,80,39,21,34,79,92,61,57,16,67,48,57,58,13,51,62,7,81,3,77,13
35,18,47,68,6,17,28,60,9,3,39,97,23,59,79,89,39,12,94,30,58,24,28,27,4,7,58
28,8,5,96,86,32,30,16,36,3,20,7,78,31,33,67,84,38,20,66,81,7,85,12,94,89,63
22,87,47,4,77,79,7,46,83,66,98,12,92,63,89,98,55,88,6,99,19,17,26,87,86,51,13
8,39,23,73,92,92,77,89,39,71,31,69,74,58,88,36,36,85,3,58,33,59,73,77,64,23,5
64,44,10,11,57,46,79,37,91,65,60,96,16,69,44,97,73,97,22,35,79,34,68,77,60,16,75
74,25,86,93,43,89,52,82,30,89,36,45,28,59,46,87,37,20,22,62,17,67,27,49,37,54,59
3,82,100,89,65,81,40,28,51,82,23,60,100,48,62,86,3,15,37,84,28,32,14,34,51,72,61
75,94,31,32,25,18,99,49,24,93,86,5,54,74,24,76,100,33,87,8,71,43,58,44,58,94,50
70,77,65,24,34,44,97,42,41,21,92,8,5,70,15,66,96,43,11,67,53,75,31,44,97,15,4
13,3,95,6,84,6,32,67,46,96,100,70,6,23,55,88,91,7,77,35,30,32,76,5,4,39,91
48,48,28,44,75,71,90,45,96,34,10,70,100,31,21,47,78,78,11,79,45,25,14,4,26,97,21
95,92,39,85,36,83,76,70,35,33,21,34,4,26,85,93,54,68,39,74,8,79,20,73,3,92,99
63,28,76,71,31,26,10,89,90,94,18,84,8,45,92,71,93,93,53,49,98,46,89,20,95,74,64
20,3,20,66,50,89,97,31,4,4,41,48,48,39,71,98,100,50,18,60,6,24,12,73,58,33,33
77,67,11,30,93,58,62,9,90,23,5,46,29,52,3,42,8,88,33,29,71,49,36,8,41,66,13
38,20,94,25,95,23,22,38,1,1,35,38,25,87,33,69,64,58,68,4,4,11,73,42,51,69,65
83,36,54,33,100,53,86,40,67,66,80,7,67,37,46,49,35,79,82,37,76,1,19,11,19,31,55
49,36,35,85,100,56,19,1,10,79,42,95,64,19,71,62,39,70,32,46,25,88,13,69,0,65,38
76,1,59,16,54,46,24,3,14,43,69,4,96,92,85,50,9,84,77,54,60,62,57,1,40,57,57
62,52,66,22,43,1,57,91,27,74,89,8,56,76,51,93,40,83,94,63,95,82,75,18,62,13,18
58,38,9,2,41,79,46,26,47,51,48,35,83,5,43,79,29,86,62,70,9,54,54,22,54,6,90
95,38,38,28,2,66,90,28,84,13,30,76,60,94,41,38,74,47,85,14,63,74,38,34,65,60,28
74,46,97,23,12,10,50,54,85,46,64,16,44,6,17,98,62,46,46,25,91,13,76,100,97,15,77
21,56,28,96,42,80,4,13,99,2,25,33,65,64,51,97,87,26,69,91,29,74,20,62,25,38,58
88,58,78,96,83,73,26,7,59,83,83,6,60,76,53,26,19,50,46,7,86,14,24,48,4,22,20
46,36,46,48,67,35,10,86,92,42,14,68,80,29,85,73,51,74,6,45,56,22,55,9,28,33,17
20,35,52,59,19,1,60,70,34,89,40,7,28,15,78,96,45,20,44,28,70,42,66,56,82,2,65
94,89,32,83,43,76,67,81,94,12,38,47,39,53,46,81,72,95,94,86,68,46,22,53,96,51,48
21,71,27,15,71,12,2,56,39,39,85,36,71,64,5,91,10,83,75,91,96,47,3,25,69,34,34
1,78,16,68,40,99,86,48,94,64,100,72,96,12,86,86,15,27,82,87,8,35,14,92,75,3,59
82,54,89,36,1,78,42,39,96,46,25,91,8,12,27,71,48,77,28,25,71,26,66,75,12,74,18
36,77,65,19,95,91,8,4,22,36,86,39,2,11,38,64,100,25,5,99,29,95,22,19,27,34,22
26,10,1,33,58,39,91,34,53,70,0,79,69,10,31,36,26,72,79,88,43,12,62,83,60,14,46
38,48,44,31,83,42,5,70,81,13,32,89,71,39,12,34,9,19,89,36,59,59,71,95,89,67,42
63,26,7,86,0,0,8,73,6,21,97,24,87,5,98,62,56,12,44,83,44,58,41,76,6,5,47
73,78,76,90,66,77,78,82,67,25,65,63,96,30,49,14,1,72,77,19,84,61,5,65,29,19,53
81,44,70,75,81,3,57,2,38,100,2,81,56,16,56,19,15,11,32,97,97,23,54,71,77,36,33
7,51,54,26,58,10,93,97,10,77,37,6,2,56,16,31,16,80,16,49,64,31,16,42,63,42,86
91,11,15,81,44,34,69,35,29,15,83,58,92,91,57,53,15,54,49,78,73,19,48,56,9,22,36
34,26,13,19,71,11,83,63,28,78,78,35,2,96,70,33,49,20,56,75,89,20,34,74,64,61,3
72,1,30,51,24,52,82,94,87,72,98,13,58,83,69,54,27,41,93,60,50,100,45,5,9,93,62
99,99,50,77,74,56,43,8,38,66,53,90,40,34,87,66,5,27,19,4,1,47,47,57,22,54,11
4,12,93,53,42,70,77,73,43,69,25,24,83,90,31,81,23,16,21,53,77,4,74,75,5,19,9
37,40,91,58,27,95,68,33,8,23,39,52,53,67,76,34,70,49,97,1,41,36,20,0,11,53,54
13,100,46,72,98,18,16,20,13,96,100,71,31,86,99,25,48,56,62,54,53,31,45,17,26,58,86
30,15,26,56,30,79,60,42,95,78,97,65,13,16,51,2,29,19,57,32,10,73,79,80,57,9,82
25,36,51,94,38,28,100,9,28,17,94,46,75,68,10,94,69,44,14,7,38,13,7,96,40,7,54
24,65,68,45,83,4,45,40,56,37,24,49,93,29,40,71,72,27,14,36,28,81,69,85,42,24,47
74,72,80,7,52,30,65,48,10,6,1,61,61,27,10,15,64,93,67,29,37,56,87,31,27,70,69
29,36,79,73,74,35,81,68,63,31,6,86,9,15,53,91,83,73,65,57,93,65,69,31,31,96,12
57,46,78,75,89,85,20,1,94,19,53,88,98,53,63,63,78,55,86,18,100,59,42,6,68,45,59
7,22,63,92,58,44,40,97,15,55,96,38,1,5,60,70,65,76,21,9,99,9,66,7,73,39,4
73,39,3,35,31,23,42,64,94,31,4,69,36,32,50,70,55,27,66,41,82,33,89,30,7,2,38
89,9,91,67,49,36,63,100,64,16,86,14,74,37,79,72,3,34,50,75,27,46,65,40,59,98,9
5,33,100,15,43,0,13,79,2,71,5,13,40,70,48,12,99,88,60,90,99,38,17,32,53,3,17
81,60,50,25,18,84,98,69,87,92,39,92,29,54,0,13,83,60,22,83,98,71,60,69,28,36,44
23,41,69,70,60,31,44,33,7,1,4,61,67,20,88,91,16,67,63,72,12,95,70,83,37,37,32
19,39,1,23,78,20,77,82,79,29,50,41,88,80,10,74,17,28,7,90,54,21,40,43,36,91,6
17,50,90,56,28,64,71,48,96,24,88,61,18,23,96,65,80,92,45,84,28,44,74,12,63,72,73
44,20,67,69,56,88,43,94,10,87,34,70,82,91,75,52,32,33,71,66,2,63,14,4,32,32,81
86,91,31,30,34,70,17,57,45,58,52,64,50,81,57,51,5,90,34,100,49,66,20,66,63,38,30
62,49,64,80,41,12,47,67,58,79,50,0,97,18,49,21,23,76,44,34,32,41,23,14,61,23,58
89,30,97,76,60,95,84,50,91,59,63,41,11,61,20,0,77,32,67,27,94,76,2,86,70,17,45
60,18,81,18,53,72,68,63,43,4,0,52,32,22,70,25,25,42,40,73,86,14,29,97,74,49,92
75,96,22,89,56,80,63,43,15,14,88,89,65,100,25,79,63,6,64,15,14,100,97,37,12,57,43
95,27,89,39,89,68,22,49,8,20,13,14,13,63,52,53,63,53,5,52,42,82,13,89,12,41,14
14,79,23,49,71,48,63,11,3,94,53,46,26,92,45,84,43,87,4,41,72,98,73,72,0,1,91
90,51,67,78,61,30,22,32,71,73,50,9,58,37,95,34,56,4,11,79,26,77,20,54,35,49,60
43,44,83,42,63,28,12,12,41,97,9,61,91,26,28,96,28,41,88,42,65,40,94,97,1,19,71
88,28,89,97,76,80,10,97,65,9,25,58,11,1,61,48,100,58,98,71,82,69,50,32,9,36,28
86,69,60,69,9,2,52,60,92,14,25,65,46,77,18,63,40,12,47,94,17,15,6,93,22,41,52
61,72,2,94,34,78,5,9,58,40,94,23,20,71,27,7,94,53,20,11,70,10,0,15,79,74,55
61,73,33,10,85,89,30,4,74,1,83,33,17,83,1,80,98,38,70,12,43,1,98,1,43,16,49
48,71,36,74,21,53,62,12,84,47,25,4,20,4,55,74,90,38,96,55,40,37,96,71,38,76,21
0,99,13,48,91,65,78,86,24,77,78,21,96,43,60,13,23,65,30,60,77,61,74,67,61,63,85
98,18,88,42,94,74,13,93,76,33,69,46,33,89,61,24,31,7,78,23,32,30,96,88,76,15,99
12,65,31,2,14,29,37,56,22,58,7,80,57,78,98,44,53,55,88,22,48,31,99,43,27,3,84
16,26,67,49,57,78,12,28,7,31,51,55,44,96,88,22,43,76,95,12,36,93,19,24,87,7,66
95,87,77,83,4,72,0,42,86,24,76,82,43,0,29,40,92,12,98,94,85,74,10,31,4,79,62
40,25,33,62,95,51,54,19,92,94,89,85,33,87,33,100,92,29,54,78,53,23,13,87,7,8,51
80,89,13,24,4,54,19,13,85,72,59,5,14,80,24,87,73,61,26,92,61,93,99,32,94,52,35
87,14,43,64,97,93,43,75,91,64,2,82,98,58,69,35,8,97,36,63,33,25,58,100,41,47,3
16,76,1,10,37,36,63,74,52,20,95,51,83,65,29,15,25,81,41,8,67,75,24,26,93,65,74
35,49,5,90,60,36,83,25,7,96,62,52,99,1,28,83,11,73,61,12,38,37,95,94,65,27,53
70,59,72,86,54,9,44,45,59,55,22,84,88,86,90,28,21,45,50,29,12,92,54,89,92,26,36
34,17,1,32,48,44,12,53,50,29,72,60,2,34,7,85,68,71,47,36,45,58,42,28,28,37,5
31,5,84,57,91,86,42,19,87,26,90,37,84,30,44,92,68,51,2,65,52,29,61,90,70,46,58
50,32,40,9,11,81,40,85,75,98,15,42,97,73,79,53,33,82,93,70,78,4,65,8,19,5,43
5,100,25,50,44,87,32,6,71,20,95,74,72,92,67,42,36,48,36,14,61,29,12,52,40,72,77
86,91,21,90,96,58,16,96,76,59,1,83,27,78,99,20,74,94,52,32,12,100,50,42,60,2,91
10,55,39,47,49,52,3,16,22,25,13,20,77,95,0,17,37,8,63,26,59,94,22,26,4,72,10
17,43,75,23,86,31,67,93,49,45,44,25,38,52,1,80,14,53,49,18,30,13,82,5,39,94,73
3,82,46,65,67,91,32,58,92,23,73,42,12,16,93,44,66,13,57,95,2,36,17,81,68,41,85
89,75,54,89,66,1,65,14,64,47,79,41,31,71,79,31,73,95,45,82,7,53,58,83,45,2,17
44,43,96,96,6,66,56,81,62,81,49,66,67,37,98,80,99,37,69,89,27,25,47,56,93,11,9
90,83,14,91,81,18,57,83,37,3,96,83,74,82,67,60,79,63,35,99,3,66,2,90,90,29,94
96,39,7,29,23,6,93,88,5,40,44,88,14,57,36,54,64,93,35,9,61,63,78,24,41,82,68
28,64,24,75,88,78,21,66,17,11,9,72,33,23,1,78,21,85,15,7,30,61,57,29,65,56,19
30,31,81,59,24,90,72,65,31,80,80,31,11,71,76,77,52,33,81,78,3,46,81,77,51,48,5
58,3,31,8,88,19,73,56,23,17,91,73,47,88,78,99,83,27,13,24,27,34,55,7,18,75,32
32,71,69,50,1,21,74,50,53,24,66,58,16,18,29,80,42,45,91,80,61,11,90,75,18,81,51
69,30,74,59,89,46,9,55,4,71,96,3,39,34,29,46,15,15,28,86,75,53,96,51,37,90,47
43,74,28,88,21,76,22,38,84,76,41,3,57,72,39,94,99,97,58,75,79,13,72,89,100,30,48
65,16,8,64,23,16,17,43,84,100,54,36,44,12,9,31,56,71,28,83,36,8,54,43,70,84,92
7,91,32,22,53,67,82,3,48,35,82,83,87,22,50,82,80,24,32,96,61,92,62,94,49,89,77
94,60,55,60,24,20,10,86,55,18,7,87,19,95,36,34,13,8,92,39,6,36,94,5,80,65,87
45,69,13,84,68,6,73,87,6,1,20,45,55,72,89,40,7,77,34,23,92,90,46,97,60,75,100
94,74,9,61,1,15,62,98,77,89,9,56,52,56,88,39,11,77,12,60,31,4,31,91,55,75,68
95,45,77,46,91,99,13,4,0,37,35,4,96,84,75,67,22,54,64,53,1,10,14,61,13,42,32
38,53,10,59,55,74,34,19,8,36,80,60,42,76,83,4,52,56,37,87,35,28,34,90,29,64,50
64,6,66,26,7,93,61,81,68,1,45,27,3,31,4,44,12,48,24,41,12,75,31,59,22,19,12
100,87,55,94,90,96,17,46,92,1,8,24,13,72,16,99,18,28,55,2,45,91,69,95,5,56,46
45,83,38,100,59,57,32,25,5,17,7,69,51,26,56,88,80,70,42,14,5,80,72,37,92,48,12
7,81,13,40,98,10,100,41,11,56,96,36,6,28,94,23,99,34,46,85,74,94,59,25,90,20,30
46,98,17,91,48,21,32,65,26,60,66,3,32,75,86,46,82,70,14,84,72,0,90,40,61,33,10
73,49,95,43,24,6,62,10,39,23,87,5,48,35,87,45,90,11,48,73,39,7,94,35,21,28,18
78,4,57,24,78,2,67,67,41,68,88,70,34,66,41,27,16,13,35,9,51,48,78,34,65,24,97
48,91,87,87,64,63,91,4,16,94,86,26,4,61,22,93,98,80,40,84,5,76,68,1,36,94,83
30,48,43,46,25,22,98,54,22,63,4,11,36,64,6,26,76,21,69,36,2,96,11,79,80,88,55
35,19,82,58,14,80,31,57,55,60,22,57,22,91,47,97,8,28,20,59,90,77,99,31,66,3,54
54,8,47,23,70,22,2,58,35,18,43,27,35,49,1,69,57,80,34,98,10,62,26,46,80,2,34
84,81,0,3,39,65,19,74,92,44,53,33,54,86,58,28,29,67,80,31,64,52,4,89,38,75,52
76,77,20,16,35,86,77,27,77,81,21,56,11,79,97,71,77,72,39,22,50,34,53,33,8,40,34
9,62,48,75,6,62,35,99,99,4,44,31,84,26,1,75,45,49,44,68,78,57,11,54,39,62,70
62,91,61,91,46,37,89,92,77,60,15,89,3,62,1,78,13,74,13,70,35,39,37,54,51,93,64
83,44,60,17,29,91,80,36,16,15,84,38,59,23,92,88,13,92,59,61,47,25,94,18,36,83,37
12,2,9,67,19,74,93,30,32,75,16,35,6,19,51,56,35,81,65,75,25,10,78,21,21,81,70
78,39,12,13,6,96,44,93,10,45,7,67,36,97,47,60,23,1,61,40,32,84,85,48,16,28,43
19,60,92,87,10,64,1,88,19,2,1,47,48,65,27,29,25,23,52,44,21,23,18,34,44,35,40
69,96,83,8,65,68,72,20,96,30,77,99,45,17,85,67,26,3,40,49,53,4,2,48,31,93,9
16,38,7,28,95,13,83,21,16,20,23,40,85,80,68,2,31,53,61,12,5,89,99,100,80,32,58
69,4,38,22,55,52,45,51,3,14,51,69,0,48,79,98,27,11,2,33,89,32,14,79,42,35,31
1,69,20,64,94,78,81,23,5,76,5,72,53,28,12,28,45,95,41,32,39,13,7,94,88,12,67
87,48,32,23,85,19,44,72,19,0,88,57,11,59,93,97,58,44,37,70,83,88,52,56,11,94,74
23,27,43,59,50,43,7,78,41,88,53,52,43,1,86,37,82,45,30,87,58,8,7,85,22,22,39
38,42,65,79,18,56,79,28,20,47,45,73,69,60,41,23,70,0,22,38,72,71,22,45,26,77,80
3,52,22,76,27,51,30,45,49,16,33,86,53,96,83,19,30,56,41,42,29,24,31,51,44,43,19
53,3,99,28,49,63,63,51,79,62,77,57,90,38,10,45,100,2,49,46,26,79,70,52,39,11,70
9,56,74,73,17,91,50,24,54,66,45,100,50,96,9,61,73,15,32,42,9,67,94,32,79,2,93
65,45,59,19,34,90,32,40,82,62,29,63,77,27,93,62,57,32,48,5,87,75,48,68,6,27,35
61,82,100,94,4,70,92,68,83,32,17,91,21,96,62,42,4,9,0,34,43,25,45,8,9,51,22
53,86,26,51,43,32,54,61,99,78,73,70,97,5,17,94,42,53,43,32,27,62,8,99,73,39,76
84,41,57,17,12,13,72,16,40,66,2,24,94,50,97,43,71,52,9,98,62,73,59,28,7,51,83
11,11,88,2,20,1,56,96,92,3,17,44,53,66,88,71,56,11,79,100,38,47,96,59,74,57,29
90,37,44,97,82,0,66,26,19,67,62,1,21,65,99,81,58,6,83,80,94,93,1,56,82,98,20
56,53,37,37,98,9,80,46,95,16,70,18,36,11,97,69,10,19,96,90,68,29,75,22,12,86,59
33,7,97,23,67,79,32,13,100,58,51,15,88,22,78,31,67,52,89,2,85,49,52,52,30,70,82
8,35,98,45,24,71,40,67,48,48,46,83,39,52,5,45,91,35,40,68,80,38,55,68,76,97,81
16,15,66,74,84,78,48,53,7,8,26,11,90,30,71,48,57,73,1,85,50,49,46,9,29,5,34
86,1,9,54,97,64,28,91,56,68,76,10,45,35,78,10,46,28,56,71,18,16,59,86,46,11,77
24,61,77,63,41,7,36,40,90,40,9,94,56,9,56,78,49,37,1,23,62,17,36,46,71,64,38
19,10,46,94,64,59,9,60,45,6,68,2,93,45,12,25,27,40,38,72,60,11,68,91,8,1,41
28,90,85,99,17,30,84,34,47,86,2,0,55,28,0,10,27,2,13,77,76,31,53,62,26,34,94
29,34,19,44,85,65,87,11,25,95,8,35,89,91,16,79,3,39,29,62,24,61,26,42,24,50,67
44,69,18,49,78,31,98,15,79,57,52,22,84,100,28,54,42,32,5,26,58,69,4,53,1,66,61
52,100,22,48,13,68,12,28,27,87,15,73,60,56,87,97,86,45,91,32,92,51,88,83,53,48,2
48,38,4,36,68,36,28,24,29,22,100,83,39,81,73,73,3,33,24,6,55,32,6,73,16,5,1
25,17,17,43,62,14,54,11,96,49,44,99,96,16,10,57,40,3,89,100,88,41,36,59,43,30,37
63,72,25,66,23,69,28,81,95,17,67,2,48,12,10,40,82,49,74,35,68,3,1,34,71,39,42
10,66,62,36,86,53,98,66,10,86,50,70,27,11,3,78,65,63,95,35,56,8,56,61,34,81,31
26,45,78,57,19,17,5,73,46,51,54,54,67,69,31,0,35,1,29,59,30,89,71,34,32,60,83
69,57,41,85,22,97,75,94,9,86,64,23,79,96,30,94,75,81,80,4,64,42,32,63,76,39,10
63,77,3,52,42,26,78,96,61,68,21,28,61,52,40,4,8,26,93,36,39,63,46,37,76,86,54
56,3,27,18,88,19,74,87,84,5,84,52,7,7,58,57,22,68,95,95,12,9,50,35,96,68,69
80,55,6,43,52,66,42,84,19,62,29,98,23,42,33,9,22,12,7,0,18,1,8,73,12,92,16
37,25,78,17,62,97,3,90,3,77,45,25,90,97,64,85,61,77,45,21,99,64,10,73,7,48,28
5,46,66,3,92,23,65,39,14,58,23,67,87,78,12,92,6,22,47,54,16,41,98,67,2,18,0
19,100,17,53,64,34,93,29,60,92,5,40,64,100,94,69,26,37,48,27,35,79,79,1,64,49,63
86,17,74,24,28,61,16,32,74,51,61,11,93,54,23,71,40,20,22,84,65,78,53,62,6,19,98
88,57,25,10,55,38,49,19,0,48,33,48,66,94,39,80,71,29,25,83,44,39,72,34,95,87,18
97,15,25,24,39,87,34,33,15,20,34,62,65,60,29,59,11,65,76,41,61,95,32,2,57,92,23
93,2,39,1,36,57,48,1,18,52,60,12,51,3,33,13,41,73,84,33,88,47,33,58,93,10,65
98,5,35,61,21,35,4,67,90,92,72,26,91,45,82,23,24,63,18,100,86,86,15,17,24,98,57
49,44,0,96,19,27,28,28,7,5,54,87,83,87,28,18,97,16,18,77,64,1,32,50,66,32,84
69,13,25,67,55,42,100,59,11,43,41,7,93,44,25,32,28,64,17,36,70,40,49,20,82,23,52
82,48,25,23,72,78,47,58,81,31,8,43,90,84,2,31,30,13,73,59,0,11,97,58,77,40,23
58,15,61,6,96,25,87,68,65,2,0,66,48,84,18,98,25,87,25,33,33,9,71,87,37,30,76
60,76,98,42,52,20,14,37,73,36,18,80,11,25,17,14,99,41,20,39,99,98,38,97,45,77,72
46,61,18,62,4,44,41,93,66,79,42,33,24,92,47,92,23,0,10,63,83,31,19,90,53,73,1
33,99,96,80,10,75,76,30,2,43,37,74,88,85,32,4,17,58,39,57,56,94,53,81,65,49,58
61,86,48,12,40,71,22,5,53,91,11,7,15,82,58,46,92,53,82,58,63,56,87,26,6,60,63
92,88,96,85,52,33,58,62,72,18,24,67,82,31,31,0,96,14,3,87,91,94,37,82,77,100,34
52,51,8,12,14,9,93,70,84,65,71,55,12,64,46,59,18,57,66,61,15,6,38,20,29,40,99
80,6,57,96,64,45,69,11,42,52,14,13,0,78,84,53,31,73,47,88,61,70,18,43,50,56,7
69,30,84,20,60,1,47,77,5,33,38,10,79,43,93,9,1,0,41,90,10,37,92,51,12,68,56
73,44,44,94,62,61,73,49,91,98,44,43,50,61,71,4,63,66,33,91,14,72,25,83,41,38,35
67,15,24,85,90,89,29,90,82,36,90,22,71,96,62,80,65,89,33,60,39,99,28,21,92,88,26
84,51,49,51,24,1,14,57,89,35,22,73,6,50,3,30,21,32,34,22,79,33,43,39,58,82,60
79,11,64,19,40,58,56,39,56,29,73,69,52,86,85,72,74,72,14,47,10,42,3,80,3,87,14
1,63,63,40,92,32,59,22,92,21,60,70,47,75,56,57,18,91,99,52,96,38,33,24,49,76,43
25,62,26,48,83,58,94,58,59,34,57,71,53,27,60,15,16,64,0,53,84,52,15,23,42,57,98
21,55,46,34,55,69,72,74,57,36,58,44,29,64,35,3,73,73,76,26,9,75,66,54,99,16,91
19,57,91,25,21,32,47,89,52,97,38,80,77,88,47,74,83,73,67,83,93,22,4,86,79,19,54
71,55,12,16,42,18,92,67,70,86,4,67,56,93,99,44,87,11,22,51,53,8,12,92,19,1,71
49,57,86,50,25,71,50,80,33,41,17,90,56,93,95,87,12,42,69,23,11,38,14,91,64,90,22
1,40,87,78,46,49,4,62,90,21,63,53,27,17,54,97,7,3,54,61,87,64,32,56,47,42,48
50,45,29,1,24,56,45,26,60,69,35,43,50,36,55,88,81,58,80,10,31,72,80,71,8,81,56
49,86,60,79,57,28,83,62,55,31,48,37,35,48,85,46,67,47,61,96,17,5,63,65,60,9,73
89,67,9,90,45,29,73,59,14,8,60,22,5,47,97,100,40,24,37,21,82,56,99,66,50,92,11
47,38,25,57,12,90,0,62,23,80,53,97,44,41,76,15,100,13,64,25,67,68,32,62,86,18,62
76,61,94,58,78,33,60,13,80,1,6,47,58,75,6,80,3,60,49,50,10,24,42,76,28,27,38
65,92,27,39,100,78,90,55,88,69,56,9,53,51,83,96,78,10,53,64,97,2,70,95,13,36,1
66,36,72,75,27,20,1,48,95,42,72,84,13,13,18,90,61,27,75,24,82,22,31,55,22,63,21
27,57,68,42,69,92,34,28,38,43,39,67,63,26,43,98,92,83,88,37,91,56,22,71,4,31,13
71,8,88,45,26,47,79,67,94,91,14,8,54,96,6,88,98,89,46,79,97,52,63,17,56,61,54
41,69,50,65,25,3,60,48,49,49,99,10,15,23,74,43,13,55,81,45,19,19,73,73,91,5,53
40,64,92,76,25,13,59,41,49,15,13,32,34,28,44,72,34,80,19,95,34,40,11,15,82,82,95
100,6,96,42,35,3,45,25,26,37,60,38,1,92,0,33,66,8,68,24,98,97,17,16,74,26,43
31,38,46,93,37,87,86,47,94,97,12,61,55,44,35,58,40,72,11,10,13,12,33,28,92,45,27
33,94,47,10,80,15,34,86,54,6,54,72,3,59,0,85,48,12,59,30,87,39,9,69,12,19,30
66,84,28,44,57,11,70,93,50,36,21,27,22,32,42,62,21,95,9,23,67,66,98,79,8,32,57
55,35,89,33,28,11,68,85,24,14,92,86,43,24,10,46,70,98,74,68,51,19,12,99,81,82,90
98,97,59,34,32,20,74,36,45,41,74,10,30,16,58,56,27,30,25,30,69,17,46,78,12,61,10
60,66,7,87,60,28,39,99,56,26,74,84,96,92,78,2,98,92,13,64,66,93,91,3,7,47,65
68,36,44,93,30,42,46,65,92,72,70,64,47,0,5,35,70,2,7,67,28,34,14,63,42,5,76
36,26,83,37,71,25,79,96,84,50,22,74,55,96,6,31,100,11,81,64,21,28,1,100,32,64,77
92,83,18,98,85,72,15,98,27,51,13,4,27,51,92,9,27,26,11,34,85,78,79,65,59,45,19
50,1,54,26,27,89,63,13,87,48,37,62,67,72,87,48,25,89,0,73,30,33,85,56,63,50,84
54,7,8,64,74,94,9,61,58,49,7,37,92,95,55,71,88,56,83,92,75,45,43,90,69,76,8
7,68,80,93,3,58,54,83,76,79,77,53,26,69,7,57,73,96,89,6,64,38,83,21,13,26,83
45,55,84,72,54,8,40,95,9,24,15,22,85,1,58,9,71,90,79,23,67,0,85,31,54,67,7
45,98,45,100,86,33,83,71,84,41,40,98,59,88,50,28,81,15,41,50,72,82,17,34,2,43,72
39,56,51,93,3,33,56,83,19,84,11,3,74,14,97,74,91,65,75,79,8,17,71,61,34,20,64
6,30,16,100,34,97,67,50,83,67,73,50,93,12,42,69,49,82,7,58,84,99,12,52,60,41,38
64,79,67,84,33,65,0,50,8,16,4,28,63,14,14,62,39,64,11,91,82,41,32,98,0,78,89
21,95,39,87,100,16,3,29,43,87,89,94,75,9,5,90,44,41,35,3,60,29,76,21,24,55,89
21,19,50,75,3,38,84,44,80,97,3,73,17,1,91,49,54,78,52,76,92,19,83,14,57,55,76
35,69,24,89,26,24,45,45,72,90,73,86,83,18,31,94,65,54,64,77,40,30,52,55,15,99,64
60,34,18,37,28,52,77,13,76,79,98,11,22,81,33,17,0,51,3,69,0,25,8,62,6,97,20
53,82,71,10,79,55,46,82,15,81,16,49,68,64,29,91,14,18,19,39,77,2,33,56,14,100,53
37,45,97,28,72,47,73,20,22,42,22,39,100,79,72,66,29,83,5,22,20,66,99,32,79,71,19
46,80,70,40,66,8,70,24,22,80,98,32,72,82,29,57,76,85,72,17,60,35,100,11,95,15,92
19,91,74,32,23,22,93,55,89,66,60,91,65,75,25,48,55,89,94,62,45,98,17,1,50,50,28
53,55,1,78,89,92,1,18,79,74,25,64,39,74,26,4,96,21,60,43,83,87,97,44,6,54,47
20,47,74,73,37,96,33,35,82,86,44,55,31,26,90,61,77,44,28,49,25,42,98,34,40,17,79
10,85,54,35,4,69,63,31,53,90,57,27,98,74,93,28,72,10,71,53,19,61,31,81,59,51,28
38,5,34,50,72,77,64,23,52,60,32,65,3,57,34,71,63,68,97,23,59,40,81,33,1,83,47
57,53,73,73,89,20,89,11,16,3,18,23,93,95,8,47,43,9,37,32,99,75,68,83,31,98,25
64,9,9,99,51,33,48,41,88,8,23,73,81,55,17,33,34,89,78,71,93,71,73,73,42,58,97
55,70,7,31,81,15,65,7,92,66,20,25,11,29,36,42,38,72,67,68,64,82,17,31,90,32,3
5,63,39,24,27,38,23,31,8,86,66,41,63,84,97,27,98,86,67,22,54,72,77,75,22,13,9
94,1,86,55,32,34,83,36,40,50,98,30,26,58,60,67,46,87,43,43,95,85,43,90,1,20,18
70,36,29,1,57,10,0,0,38,51,17,14,36,34,71,3,97,98,97,37,15,81,51,56,4,99,4
44,71,79,61,23,72,65,66,67,51,79,8,93,30,3,27,39,31,48,19,80,92,4,38,60,11,73
58,17,57,57,89,42,45,98,69,92,77,4,25,97,96,37,18,1,97,51,64,45,54,77,27,10,11
79,69,40,98,39,45,24,74,21,51,87,96,57,44,66,90,33,96,77,51,4,31,62,82,37,0,41
29,25,4,16,13,10,3,48,88,13,71,34,83,39,32,7,71,29,77,45,13,65,17,48,0,75,65
88,54,55,28,44,35,95,67,100,89,96,93,42,52,36,47,97,67,8,14,72,80,99,90,53,41,64
88,91,93,15,34,41,63,42,32,66,73,74,72,73,24,64,64,8,42,74,0,91,58,60,75,34,29
39,90,58,38,32,95,36,5,82,73,79,18,46,6,6,89,23,95,40,29,46,7,82,91,61,5,62
64,83,60,11,31,12,11,23,65,15,16,84,9,2,41,81,4,50,62,60,93,87,63,62,65,75,75
96,74,7,72,100,7,67,9,54,83,87,78,26,15,53,65,96,8,35,7,60,81,53,75,56,2,6
46,33,85,10,5,69,11,43,67,62,1,78,34,60,61,8,28,21,65,31,0,5,12,36,32,3,21
44,59,53,33,57,93,14,13,7,16,21,58,30,19,16,6,82,85,56,25,40,66,55,43,33,37,84
80,40,65,60,84,100,60,36,0,20,21,7,7,79,89,74,90,39,72,81,31,35,20,68,15,71,8
69,18,23,86,81,78,11,17,59,6,19,42,67,33,87,90,51,100,50,27,11,89,20,47,65,67,0
15,73,3,59,81,96,28,98,59,3,59,97,80,71,3,44,32,46,14,77,79,81,13,27,12,33,59
74,92,70,91,44,24,51,20,65,62,75,62,62,94,82,76,20,39,43,36,82,10,87,46,47,21,7
2,69,24,50,43,25,93,84,30,48,53,51,37,60,45,67,20,18,78,72,8,13,54,25,98,11,72
3,92,67,83,92,88,13,58,15,89,65,41,14,57,47,96,76,42,11,91,19,63,91,15,46,63,40
13,1,44,67,54,47,28,33,32,67,4,52,74,39,10,12,59,90,84,100,80,30,0,1,69,18,91
68,65,44,84,98,8,49,34,3,89,68,74,44,12,55,29,25,98,33,50,3,2,0,69,43,48,64
76,74,63,61,68,88,0,91,13,14,43,12,77,61,2,63,60,65,4,25,97,85,68,42,80,90,47
62,2,75,28,74,39,0,26,42,55,90,75,94,53,32,86,7,55,19,59,48,20,30,89,88,55,14
64,52,25,27,28,15,26,8,23,0,86,39,61,72,59,73,25,35,97,79,91,14,4,66,62,61,17
97,82,47,36,32,24,25,51,74,71,75,62,46,51,23,73,80,90,58,56,9,35,20,71,79,29,89
60,70,27,31,25,21,82,33,40,73,25,55,85,48,50,76,51,46,35,63,62,42,8,82,87,28,17
33,97,75,13,23,7,70,33,98,20,14,53,43,57,9,81,39,7,29,63,45,29,88,19,33,29,72
24,66,59,72,79,29,3,24,2,60,17,84,15,39,9,35,83,93,9,33,53,14,14,32,88,56,23
4,9,5,42,30,26,2,87,40,4,32,10,3,13,71,45,30,80,53,28,89,74,70,99,53,84,0
27,78,74,22,45,77,47,65,12,46,60,55,84,40,89,49,27,8,45,89,3,97,84,52,57,8,94
100,50,73,4,33,18,93,40,3,82,95,62,13,41,24,86,38,90,14,18,6,59,80,16,87,95,24
73,7,22,75,12,7,13,84,22,67,20,67,8,47,47,98,24,91,94,96,32,100,14,65,27,25,20
12,64,92,13,87,77,39,87,15,20,23,100,57,86,93,52,64,96,59,36,25,60,8,41,72,65,56
49,54,73,62,26,43,52,78,15,46,27,54,28,6,86,96,30,19,51,64,77,100,45,59,82,45,95
92,98,43,18,84,42,77,6,33,81,91,80,52,41,97,84,77,95,22,24,72,94,87,96,14,2,46
36,10,78,77,16,39,70,14,16,13,11,100,56,89,34,6,66,18,4,39,14,64,52,52,59,98,22
3,68,28,11,78,26,48,13,6,81,72,38,17,1,2,63,91,4,13,0,39,44,47,71,29,96,4
14,51,44,51,32,96,80,80,72,8,83,72,43,27,42,3,56,45,53,58,49,43,62,33,69,90,11
5,89,25,85,20,83,80,4,34,14,48,56,55,80,54,91,63,33,100,19,85,20,95,32,56,82,73
10,40,11,18,34,80,43,46,95,50,100,3,67,4,44,8,55,37,100,74,5,50,13,62,57,48,91
17,1,47,83,59,33,20,35,57,15,33,58,77,25,46,7,12,98,13,93,32,67,18,15,57,7,12
75,64,15,31,19,89,63,40,13,93,76,100,15,33,95,97,38,29,61,64,81,93,29,90,67,50,75
94,81,90,9,84,90,30,74,77,63,97,3,80,62,29,56,73,41,78,12,51,13,82,69,71,50,56
48,42,100,18,23,66,35,36,31,40,50,71,58,82,43,46,76,74,51,80,67,64,16,86,2,20,68
18,69,54,20,83,6,21,65,32,40,90,98,91,61,47,97,7,18,45,7,7,4,5,36,65,76,78
78,45,58,0,18,20,23,34,54,88,13,23,20,79,45,1,11,37,92,72,14,30,79,45,9,15,79
57,38,56,8,73,2,93,81,100,11,29,68,77,79,61,91,92,43,97,42,61,18,75,14,53,19,51
25,56,16,14,72,16,72,96,21,8,84,53,40,34,94,7,55,8,86,38,2,75,0,8,64,73,19
9,95,30,92,20,26,79,13,9,75,3,11,41,26,98,34,90,10,76,5,95,14,40,85,3,64,48
80,42,58,29,47,77,32,44,34,96,68,61,72,18,83,12,77,12,84,14,33,19,76,96,22,32,93
79,62,41,51,49,17,34,78,49,72,53,17,82,91,42,31,83,83,33,31,76,89,97,18,47,74,13
69,23,2,15,49,28,50,62,12,70,40,24,52,30,19,100,78,76,75,95,23,6,19,88,50,49,7
32,74,25,30,70,53,27,15,52,84,38,15,100,52,16,17,41,32,36,65,100,61,26,56,39,16,38
0,79,13,10,23,28,60,8,62,12,15,94,66,51,50,89,45,53,83,21,96,19,32,80,3,31,18
53,19,35,11,3,81,75,87,35,84,78,76,62,50,85,47,21,61,23,59,58,63,45,68,64,35,67
41,8,56,22,54,27,93,46,69,15,51,50,14,53,31,44,28,16,71,20,37,98,48,20,25,50,92
76,53,54,0,25,52,47,51,57,10,63,24,86,38,10,52,41,15,4,1,4,78,21,70,43,67,81
99,27,70,80,69,19,2,45,48,14,74,14,73,49,9,40,53,68,30,27,49,17,26,1,42,42,31
74,84,31,86,98,63,3,59,53,42,70,92,22,71,44,0,75,93,38,95,22,49,27,27,84,58,31
43,55,95,13,60,45,77,86,69,71,13,85,38,34,58,72,40,55,7,2,16,45,14,2,24,89,82
50,100,94,82,29,74,1,5,7,29,94,89,24,90,63,95,40,62,96,84,9,85,65,31,95,85,51
35,74,80,57,8,27,28,93,51,94,79,12,63,17,40,64,46,7,77,6,72,59,79,79,29,59,85
41,24,18,10,59,9,56,41,16,1,10,52,37,18,20,81,58,54,63,62,16,56,54,9,36,56,69
96,52,13,14,5,82,22,52,28,96,67,51,85,57,89,51,24,13,73,5,13,85,11,53,95,12,24
72,99,54,51,51,2,40,80,18,95,77,32,10,49,83,55,57,68,29,38,43,49,48,64,67,68,8
77,72,85,27,57,57,98,91,45,51,76,84,40,64,61,81,38,83,25,62,22,100,90,68,20,92,27
26,19,24,26,55,64,11,35,62,13,35,39,72,5,77,75,20,11,40,7,24,51,82,15,56,74,39
67,49,54,41,18,1,5,49,24,26,65,5,98,16,68,95,29,13,4,75,25,5,26,12,46,44,59
15,86,58,83,27,72,66,73,30,87,50,95,19,68,26,29,7,17,57,44,32,51,44,32,49,54,37
61,14,71,29,9,22,82,87,10,48,53,46,80,51,53,91,11,51,87,32,61,46,14,90,79,69,93
97,20,96,5,71,15,49,78,100,17,33,53,24,33,54,93,18,84,56,65,50,70,31,26,40,93,87
13,6,0,76,1,54,79,92,48,43,98,37,53,54,87,86,57,46,6,18,93,28,82,5,86,38,95
98,59,41,50,76,60,4,66,58,34,42,13,17,36,37,77,1,75,23,87,43,2,46,44,98,32,90
84,79,6,40,58,39,5,25,3,21,61,26,34,99,47,30,52,48,90,9,29,4,13,30,12,5,89
9,50,93,38,37,92,84,29,53,66,92,8,75,73,15,24,91,91,2,52,5,76,11,26,36,80,32
59,3,96,63,96,66,20,12,64,1,99,50,28,99,71,84,53,94,73,94,68,39,38,26,54,100,18
11,14,42,71,46,22,8,36,38,97,98,80,82,22,13,91,56,41,12,57,96,76,68,27,97,74,25
11,30,2,80,22,98,34,68,17,74,3,40,54,26,6,26,4,35,36,85,30,48,1,14,8,63,87
7,74,39,80,59,49,80,8,93,0,62,83,11,69,97,96,14,43,61,35,56,18,24,91,71,51,8
14,3,43,50,33,91,15,43,42,72,67,48,93,93,84,59,48,46,40,83,15,50,94,29,22,56,88
23,30,45,4,45,87,10,61,78,51,90,29,18,34,79,64,55,50,62,44,70,87,31,51,84,30,63
83,52,52,20,59,38,29,89,45,49,96,94,62,69,69,22,42,57,100,94,75,69,67,5,14,42,63
51,49,11,36,20,8,79,53,24,74,26,93,48,60,34,88,90,28,53,8,2,59,21,42,5,41,53
42,40,7,78,1,31,43,10,87,93,84,88,11,25,90,79,52,72,94,81,23,83,19,31,17,36,77
12,59,45,68,81,28,75,22,53,56,90,61,67,20,92,45,56,53,3,8,40,64,78,92,80,2,58
93,89,15,14,91,37,5,70,53,29,95,26,48,3,72,54,42,13,92,38,74,70,95,54,99,22,31
15,36,3,49,98,87,76,21,22,57,82,32,56,26,10,19,25,29,18,29,57,95,40,92,38,68,94
9,99,4,51,74,32,85,27,62,70,86,78,64,100,39,77,27,32,35,35,76,40,44,26,79,53,100
2,2,89,31,89,25,7,2,85,18,43,36,59,20,1,78,52,7,39,42,26,34,98,41,62,44,42
25,71,97,26,3,69,27,6,87,85,88,0,64,46,80,99,80,1,79,43,4,66,22,1,48,69,39
47,84,85,50,64,25,33,93,1,87,54,51,65,87,27,3,61,91,36,72,24,87,77,4,17,20,0
17,5,53,77,24,69,2,66,30,6,35,84,41,17,11,11,9,34,66,93,34,7,53,70,100,75,64
91,36,89,31,29,13,19,93,85,87,80,72,45,47,51,40,71,73,74,94,84,37,51,84,47,92,9
67,38,68,79,44,98,85,0,70,81,26,100,4,19,28,65,70,7,73,98,99,93,72,82,94,34,85
28,70,67,8,32,23,70,55,89,34,68,22,48,64,50,13,62,20,40,51,73,24,49,11,63,16,29
38,58,54,78,89,72,97,80,38,77,45,58,98,22,22,80,25,47,98,53,62,46,38,99,87,91,93
83,65,73,40,91,61,16,43,37,92,24,18,83,18,68,46,90,42,37,55,15,92,67,50,26,61,56
4,96,59,11,64,16,90,15,48,49,85,40,15,7,46,66,93,46,13,38,20,94,68,0,81,60,69
47,76,58,26,5,33,39,68,57,89,16,16,29,68,44,56,44,4,53,94,68,78,1,44,25,64,49
22,68,82,86,33,44,30,57,66,41,97,69,5,67,42,30,30,90,12,30,6,53,54,88,54,36,68
34,27,58,2,97,42,57,11,15,83,25,54,99,11,89,16,97,51,35,32,80,57,70,23,39,80,67
20,99,0,44,9,96,75,90,16,69,85,22,46,29,6,5,80,39,52,55,94,6,26,31,33,8,51
40,56,24,32,55,94,45,71,61,81,99,70,36,48,62,50,93,85,44,78,37,32,94,45,26,17,24
84,59,7,91,42,50,63,61,32,47,26,99,12,13,91,82,4,59,21,14,78,61,93,11,63,32,90
61,2,81,88,48,13,18,82,76,20,90,76,5,51,22,88,91,22,39,66,15,16,20,62,58,27,98
34,59,17,21,80,19,36,65,32,50,24,81,63,65,43,38,43,60,32,97,19,84,97,22,15,54,8
29,73,96,28,27,55,13,84,56,1,71,0,19,25,43,35,49,67,59,60,82,22,94,79,49,81,51
62,81,50,80,5,31,18,53,70,77,2,17,75,93,7,82,40,12,23,53,51,79,17,44,79,26,59
61,11,89,57,44,78,85,48,44,16,87,72,17,68,15,18,62,95,6,82,35,44,61,33,78,95,84
59,36,26,91,11,44,66,52,70,55,32,29,18,37,17,1,91,50,56,63,7,2,33,0,31,41,33
90,6,25,93,74,3,72,93,54,13,46,56,70,28,42,86,40,21,12,71,67,38,54,18,68,4,21
13,52,69,95,21,64,70,41,76,9,46,76,80,78,90,83,31,4,55,22,16,87,95,73,13,52,18
44,37,12,83,72,27,28,100,59,28,3,22,26,25,63,81,90,6,69,24,76,97,29,50,19,99,48
93,15,28,30,14,80,94,13,80,78,52,69,34,32,13,11,34,93,14,51,13,6,74,66,17,98,18
68,97,2,29,11,14,93,50,33,27,18,66,99,34,74,35,39,95,95,89,78,29,68,25,33,95,69
37,78,29,93,3,99,49,29,96,1,27,69,59,67,42,41,97,70,70,95,7,68,91,14,45,54,45
55,56,39,91,58,80,94,48,26,62,12,85,16,79,89,89,73,71,52,26,63,62,95,71,41,66,12
71,42,37,43,28,49,59,2,84,13,33,92,91,49,24,94,65,42,19,66,23,9,57,88,73,81,48
24,22,66,21,33,90,85,34,72,28,49,68,43,11,51,74,71,85,60,54,1,56,55,25,70,22,24
56,15,45,4,68,90,32,88,86,31,36,14,99,29,16,100,5,28,71,52,14,45,20,24,82,97,45
90,33,17,98,97,67,18,4,16,98,38,69,65,12,15,60,38,76,23,8,27,80,37,69,93,62,18
93,13,82,73,71,84,40,3,8,45,10,74,19,57,51,5,85,0,95,29,41,38,78,32,92,42,7
97,63,44,0,8,99,60,98,93,70,10,66,6,37,3,36,85,91,63,27,12,14,100,70,25,64,11
48,0,47,69,2,51,45,14,66,30,15,73,50,5,15,3,1,45,67,7,66,95,21,1,59,6,13
75,33,98,90,57,96,32,94,85,75,1,61,65,82,45,38,64,62,96,30,8,62,58,63,8,50,40
68,2,39,57,94,29,8,54,57,50,88,1,44,4,38,89,51,62,13,57,81,47,49,15,62,44,44
38,62,12,62,20,99,28,68,74,33,48,7,8,29,74,53,77,74,45,28,84,67,37,23,49,55,89
86,45,65,59,9,43,43,70,52,61,40,86,47,7,13,100,25,65,60,100,89,80,57,72,13,20,60
57,0,49,10,68,95,40,24,77,36,89,11,60,73,34,85,94,3,73,2,95,93,3,30,36,32,26
71,83,58,19,65,4,75,57,42,48,30,49,24,7,94,24,34,35,81,1,38,26,50,81,65,4,77
42,98,14,3,15,48,95,82,34,3,76,100,46,25,63,83,81,41,81,61,76,74,36,84,19,11,74
92,71,77,84,54,40,64,66,4,54,42,94,67,57,95,26,55,17,83,98,100,41,4,84,77,84,23
3,83,11,59,66,21,63,67,33,27,19,53,12,69,0,5,71,29,92,95,24,67,74,88,18,23,96
93,29,52,98,40,63,83,59,58,71,92,83,0,92,91,3,1,20,5,56,22,78,20,36,80,2,94
95,4,74,12,48,28,58,8,15,39,74,25,54,26,73,14,91,42,44,52,69,33,38,5,86,88,44
36,58,79,98,26,56,96,60,4,67,62,21,94,16,31,20,58,1,47,31,28,55,67,32,76,98,61
1,11,61,44,95,1,47,21,14,33,42,97,64,90,2,13,30,50,21,91,43,29,72,87,69,29,30
18,19,55,95,25,56,25,68,79,53,36,95,47,62,39,82,79,48,75,57,92,18,78,87,85,6,36
77,40,35,23,38,53,69,28,75,27,98,2,69,15,62,18,98,2,73,15,83,2,18,95,66,24,70
34,84,16,88,88,25,4,12,74,26,71,96,97,21,95,36,18,32,29,30,83,81,100,95,49,43,85
95,46,31,18,13,86,65,6,87,21,72,27,80,90,28,56,24,4,62,66,88,18,62,51,18,90,49
85,52,62,41,11,35,1,32,63,10,72,19,58,62,59,88,79,61,93,18,59,42,88,74,24,61,8
68,15,26,72,62,74,95,61,100,50,38,84,39,8,36,73,28,72,32,19,20,31,24,2,14,61,86
38,100,62,90,22,83,44,28,39,35,47,100,80,86,72,100,77,88,67,97,60,47,62,48,92,89,67
69,98,71,56,100,94,9,77,32,65,100,26,57,59,54,58,21,42,43,73,82,54,29,49,33,51,47
47,41,32,71,79,37,19,77,93,8,87,36,67,9,2,32,96,96,74,3,48,25,68,91,42,10,8
89,94,27,75,79,2,57,14,48,99,35,15,61,99,65,45,78,31,67,52,87,14,75,71,25,31,96
76,21,44,61,67,64,100,96,36,75,93,38,75,66,75,91,20,28,55,75,54,63,44,47,61,83,67
38,62,44,98,43,44,70,88,47,2,19,82,98,74,100,5,22,22,29,20,54,9,88,44,29,63,12
6,74,34,98,36,42,83,93,50,60,13,92,36,62,27,62,46,77,32,38,48,55,55,82,56,47,72
45,55,50,45,89,77,94,42,73,45,89,42,45,14,82,0,54,65,19,26,40,40,99,0,75,78,10
56,40,49,28,21,53,19,34,59,75,14,78,73,23,46,46,78,75,52,74,76,11,27,97,57,76,80
46,19,7,7,18,83,87,93,82,62,72,33,18,45,57,92,86,57,49,71,94,17,27,47,0,67,94
72,42,15,49,15,11,44,20,13,21,48,39,31,45,2,26,26,56,0,4,1,40,70,48,97,66,41
100,42,39,13,0,12,50,8,31,30,3,40,38,44,15,83,96,23,21,3,30,2,41,52,96,39,91
95,30,50,50,15,19,79,75,7,26,39,1,97,85,32,13,30,6,86,30,68,11,24,45,76,65,33
6,65,98,66,99,18,18,33,57,63,34,82,33,61,94,74,32,54,36,64,85,91,64,46,89,9,90
83,48,58,33,27,29,36,89,63,22,8,35,6,73,85,98,12,59,54,14,90,43,71,5,88,70,69
97,93,91,18,49,60,20,83,23,44,56,11,61,67,25,32,60,53,62,93,31,57,77,0,81,25,41
14,35,96,27,38,82,88,80,0,33,53,94,60,67,74,90,20,13,20,62,6,93,65,85,34,16,39
94,22,93,5,29,51,49,67,76,37,36,59,12,3,5,31,100,63,63,68,79,9,15,90,69,59,84
11,12,3,87,28,98,55,8,7,96,78,52,31,63,57,34,95,64,21,29,88,27,31,23,7,1,3
70,42,33,51,77,60,74,11,100,72,99,79,75,89,9,60,36,1,46,22,21,95,98,10,15,77,27
86,77,52,16,96,16,80,41,66,0,3,5,80,77,26,57,77,93,16,68,68,18,37,14,79,86,15
62,70,43,42,39,40,4,68,72,42,61,36,47,56,95,54,21,62,54,37,75,81,87,54,90,52,4
3,25,12,54,86,76,48,83,22,51,100,29,0,3,66,50,24,76,53,11,40,39,84,82,15,41,63
96,23,12,62,18,70,46,25,4,27,87,45,30,28,27,26,63,97,66,34,61,36,48,92,74,54,81
73,45,5,73,17,75,79,60,84,21,76,29,96,38,87,51,5,19,74,59,35,55,30,19,61,2,91
26,72,13,81,61,25,48,97,7,77,25,3,23,78,76,99,84,54,36,79,0,44,75,4,46,35,35
46,82,65,44,37,0,100,90,13,47,28,90,75,20,7,23,54,67,23,13,50,39,95,18,67,27,61
83,69,54,42,20,45,7,80,42,22,48,55,56,95,13,1,16,45,82,48,100,46,82,48,84,71,94
59,12,60,6,3,62,25,46,12,36,44,93,70,6,76,98,84,1,29,43,66,46,35,23,40,58,81
81,88,3,14,42,25,28,65,84,13,59,41,1,59,71,71,86,22,38,96,84,0,49,78,97,39,75
74,55,51,16,14,87,10,48,11,1,47,11,60,21,85,37,45,76,43,25,55,45,98,59,61,21,8
87,43,38,73,83,62,13,25,59,36,0,97,48,51,23,71,96,90,13,92,95,25,77,97,33,35,53
3,50,31,70,19,31,79,94,56,6,13,92,7,30,24,100,42,54,82,2,6,27,100,100,79,81,71
64,87,77,54,9,59,5,84,32,17,19,93,43,5,23,83,80,12,61,0,62,23,57,60,81,50,82
58,76,69,34,9,33,76,19,74,14,87,18,64,19,13,1,3,93,41,14,28,66,8,10,77,9,36
54,90,39,90,54,54,14,63,22,94,78,25,8,76,35,96,55,28,21,44,66,94,74,69,87,79,79
64,7,14,92,74,70,64,39,51,88,35,39,54,26,99,81,75,47,50,88,94,71,65,68,23,6,87
13,80,81,33,37,38,73,81,64,85,67,62,65,69,25,8,33,11,22,43,32,73,76,23,43,37,6
25,22,63,45,20,35,94,75,12,13,33,78,7,78,15,84,41,9,92,36,22,89,1,75,99,51,31
57,27,2,6,2,62,100,20,28,52,68,79,93,92,30,47,87,100,65,51,95,84,31,88,58,35,39
78,88,16,83,30,72,58,22,56,18,57,17,72,12,6,88,25,93,60,92,95,26,99,36,15,82,74
66,22,21,86,40,17,33,63,85,12,85,55,17,46,60,81,46,45,18,96,68,39,68,4,97,97,25
26,45,50,84,81,74,31,48,80,40,99,80,84,77,34,37,69,93,94,28,33,39,70,92,20,20,73
59,75,58,86,55,82,89,25,57,28,65,73,53,73,74,25,51,68,19,18,43,59,55,25,95,82,58
19,62,61,96,65,18,7,100,93,58,97,46,80,38,66,31,85,17,68,94,29,100,25,59,7,85,70
36,72,2,34,43,14,55,5,81,38,49,65,76,65,75,47,79,39,35,65,48,63,62,77,54,75,56
45,24,25,52,87,50,73,3,20,45,16,46,86,74,55,83,2,1,99,75,27,54,86,60,48,69,62
39,72,32,9,32,56,22,60,65,84,76,74,50,62,90,38,59,3,23,7,70,1,78,44,91,48,52
45,47,95,42,40,21,7,68,61,29,38,82,27,4,16,4,71,74,17,48,24,17,38,26,17,25,61
17,56,59,2,96,21,66,33,83,51,90,36,7,86,16,97,53,41,63,44,34,85,61,78,44,86,51
44,84,35,82,84,70,87,18,99,97,76,97,2,37,84,57,9,9,14,0,33,90,44,16,13,76,60
86,92,62,58,96,32,11,21,57,17,63,46,46,36,17,44,65,66,80,21,20,90,28,44,32,63,28
37,54,3,40,5,1,60,30,35,27,15,76,20,34,6,23,65,69,29,82,9,75,38,74,31,98,22
97,32,48,69,1,71,17,94,33,23,1,6,55,17,67,16,53,33,98,35,78,22,99,47,15,4,28
7,3,14,41,55,61,18,63,75,40,89,51,36,66,89,57,16,35,57,43,23,1,43,93,79,12,47
55,54,3,12,34,53,2,15,56,49,47,89,43,84,64,1,46,47,36,91,36,55,77,13,44,75,44
27,85,73,16,87,74,18,83,0,32,83,22,70,37,67,59,37,80,67,96,96,41,80,28,45,9,23
68,44,41,74,15,49,64,27,9,89,74,40,43,22,94,98,34,72,76,9,21,33,36,0,45,81,78
84,29,12,89,23,69,22,57,79,41,3,55,55,58,45,52,48,87,100,97,68,77,45,48,25,36,20
27,93,37,46,4,33,11,86,92,66,4,93,34,55,6,47,14,28,32,49,38,30,51,10,16,35,82
83,46,2,90,33,62,56,96,70,9,29,53,16,92,95,62,69,77,59,14,93,59,68,56,16,15,69
25,79,68,26,45,66,50,75,7,75,83,44,38,61,3,12,62,69,90,33,59,84,53,80,47,39,67
39,14,84,60,89,48,35,71,55,23,20,55,83,55,42,52,92,87,2,63,56,4,3,36,96,44,54
10,85,32,70,99,50,70,64,13,91,40,13,6,93,59,57,91,86,30,5,41,65,43,57,74,86,53
49,59,89,32,99,27,82,25,53,77,17,56,24,91,8,10,25,48,64,27,57,31,90,76,85,71,62
11,18,83,42,74,53,64,12,43,0,89,99,82,82,16,62,75,9,31,13,84,6,45,75,52,18,98
29,14,79,46,47,28,77,91,45,88,83,68,77,68,73,30,88,54,38,65,72,99,77,3,68,62,14
61,4,91,100,85,30,36,64,53,78,68,1,78,56,95,4,0,55,44,93,46,44,98,86,50,22,97
47,85,34,39,73,0,18,58,94,88,61,50,41,38,0,96,19,40,31,87,5,75,24,0,9,71,2
23,67,98,74,18,51,67,23,30,0,14,42,62,60,54,60,29,86,20,84,14,3,79,45,66,61,44
11,63,57,15,1,5,9,21,66,3,79,2,25,68,65,37,16,100,35,99,90,54,80,91,4,100,28
56,86,88,2,78,58,52,21,52,32,9,68,13,15,58,5,94,3,67,27,23,31,13,31,37,55,71
24,41,23,93,18,72,2,35,76,24,16,81,63,54,58,88,80,77,50,27,85,91,25,88,18,8,47
42,32,93,64,15,99,2,92,83,58,36,64,47,41,75,56,23,56,56,63,10,96,54,100,85,82,23
3,77,77,5,38,39,71,74,77,17,51,36,22,83,26,57,3,94,94,39,14,51,98,1,33,85,31
14,2,44,38,60,70,41,2,91,48,47,90,8,50,53,38,23,65,47,46,48,46,12,68,46,32,53
66,57,55,36,41,21,77,15,98,68,3,23,48,32,1,86,99,83,24,89,78,68,28,14,0,31,6
17,48,50,81,5,43,68,44,13,38,48,80,63,50,85,34,14,51,86,25,91,22,49,55,83,44,91
57,72,25,74,21,78,8,36,94,14,83,99,99,51,78,72,11,22,36,59,18,22,38,17,35,88,67
93,18,65,76,88,26,34,1,77,23,92,80,59,96,49,15,67,23,100,39,82,73,44,47,87,61,53
100,49,7,60,96,55,99,79,48,24,53,92,51,23,95,74,27,90,55,46,50,38,95,29,5,51,7
86,19,1,90,44,19,67,42,88,48,49,92,38,72,2,35,35,74,82,16,79,95,91,55,18,61,100
82,61,35,56,53,34,34,28,42,69,93,76,44,28,29,91,73,34,45,16,37,14,93,32,26,79,18
24,99,16,86,93,20,62,73,64,68,24,73,47,78,14,17,58,82,90,75,60,65,48,10,51,48,17
52,48,27,81,85,67,96,99,0,63,36,2,66,83,31,53,10,72,98,45,58,100,73,34,74,7,29
21,37,4,60,97,30,26,92,90,37,99,98,51,53,80,24,67,97,69,45,41,98,18,99,41,18,72
41,79,46,68,98,44,65,90,21,80,59,42,28,41,95,61,10,3,92,59,64,54,84,11,86,87,0
50,15,83,22,55,72,48,88,8,19,3,94,52,97,84,41,53,6,34,26,35,31,62,58,55,33,10
37,21,40,45,95,31,24,18,34,2,27,22,38,33,90,83,48,16,7,52,61,74,17,25,23,80,40
10,26,69,46,98,74,90,77,1,89,11,6,52,43,38,69,81,25,91,7,93,29,88,16,62,19,19
38,53,79,2,97,53,1,23,63,24,88,76,96,9,5,55,52,82,73,81,81,62,74,51,75,38,92
65,11,72,78,38,62,9,24,92,73,33,76,40,25,77,44,52,49,7,89,57,27,84,61,65,39,11
71,56,13,14,8,91,5,5,38,68,36,69,78,18,87,78,53,54,37,85,59,32,23,37,14,12,64
4,87,15,63,31,41,97,49,74,58,52,59,85,13,86,42,13,1,96,42,95,33,43,49,93,0,32
71,2,83,51,24,85,31,99,53,46,93,84,87,80,60,47,85,4,3,88,71,78,75,88,26,64,46
83,55,23,87,83,86,8,15,48,68,0,19,39,51,19,70,36,45,30,55,20,69,87,65,33,88,43
49,33,3,71,56,69,75,88,98,55,71,39,68,74,21,61,12,57,74,17,68,57,69,47,62,51,51
63,82,57,92,9,61,45,38,94,58,76,63,97,35,71,80,27,31,92,48,63,75,20,72,80,38,28
73,48,22,75,39,32,71,20,16,46,90,54,91,16,80,26,94,8,72,25,87,30,92,69,17,11,5
74,13,18,15,79,69,57,35,71,67,38,84,33,73,98,12,8,86,81,73,49,97,61,16,42,55,57
93,21,25,71,27,36,27,71,95,96,46,71,62,50,97,6,67,94,21,22,9,79,35,27,2,45,41
47,74,17,66,72,14,5,51,93,41,63,52,47,15,29,26,29,82,98,24,97,40,78,63,29,18,25
50,94,21,41,81,5,70,56,84,54,34,71,35,5,10,63,38,44,38,19,67,2,43,80,86,35,24
95,44,22,27,61,69,59,8,27,87,87,31,94,15,4,85,10,19,100,39,12,34,11,0,56,96,85
25,23,36,33,14,8,38,48,42,20,48,23,56,54,76,3,74,18,12,30,10,36,6,75,82,3,99
67,4,91,31,30,86,6,54,33,68,11,65,56,19,8,25,84,28,42,4,21,36,36,86,59,48,67
99,76,45,59,81,90,86,80,22,34,71,18,14,73,52,71,74,70,26,11,83,58,17,39,81,94,64
38,34,64,70,8,64,3,36,25,26,40,86,32,47,74,22,8,51,93,36,48,20,60,42,15,56,32
86,83,24,89,21,59,82,32,34,49,38,86,27,74,44,12,0,58,95,56,14,40,21,26,55,32,41
3,34,70,3,3,51,87,44,71,24,15,54,98,12,18,52,11,63,55,13,85,67,45,0,1,55,35
36,56,9,66,26,81,76,19,75,11,94,38,53,57,0,75,81,22,26,5,52,42,36,56,38,12,9
49,36,37,55,15,94,26,77,82,69,98,94,10,100,7,20,68,53,97,70,55,1,75,91,83,41,78
40,86,61,60,90,88,44,0,13,4,46,99,24,69,31,35,59,65,84,88,25,27,37,55,28,54,63
1,26,43,65,16,20,8,66,78,7,95,22,7,67,79,75,45,53,56,73,8,82,25,41,89,33,46
59,62,90,30,32,32,33,11,57,44,65,30,85,10,16,66,40,48,9,46,62,68,53,10,13,40,72
45,38,23,40,64,100,45,1,81,28,44,88,13,15,90,47,94,78,5,8,42,30,42,36,21,54,83
42,20,40,55,18,61,63,10,49,95,10,89,35,31,80,28,15,0,40,11,45,34,19,72,66,97,79
73,15,9,32,41,1,47,32,59,29,52,61,47,87,4,89,41,0,12,16,75,16,66,84,45,15,16
38,45,13,52,86,62,13,44,54,18,7,24,74,58,31,85,31,7,41,73,75,30,88,83,37,57,7
73,37,88,77,34,14,61,34,36,51,72,31,26,29,4,32,88,44,34,72,13,41,46,36,37,10,70
30,61,36,32,43,75,85,40,32,35,13,78,33,6,48,41,73,28,80,34,24,26,11,68,27,30,12
69,16,14,47,57,44,33,15,83,11,7,56,59,95,16,46,1,44,16,51,25,36,75,60,25,45,71
48,24,25,80,57,7,50,3,11,29,88,32,47,60,74,35,61,31,67,76,7,84,31,15,64,35,87
23,97,65,16,18,2,55,83,0,66,95,41,62,4,32,15,34,92,64,51,0,68,26,62,9,75,95
13,80,75,34,35,85,59,47,22,72,57,2,96,92,43,82,49,69,8,70,42,51,97,92,83,32,72
81,11,82,2,8,6,94,72,23,87,71,2,93,9,89,69,24,27,85,10,82,26,87,70,3,100,27
80,19,68,96,93,54,28,79,72,66,24,32,92,13,18,87,46,84,45,99,84,3,2,61,71,51,75
4,46,38,75,34,85,56,70,25,21,35,62,27,20,55,75,31,75,13,76,36,76,5,41,51,37,15
49,8,78,72,23,54,44,57,55,77,68,98,98,90,94,10,28,82,85,5,80,69,94,96,48,76,44
38,45,41,47,88,4,37,78,88,30,94,39,66,73,13,89,62,22,43,24,1,74,19,4,100,27,82
74,58,51,64,34,51,78,18,37,66,83,87,86,90,24,70,49,90,76,17,65,47,77,2,76,89,93
41,55,31,54,26,21,70,54,40,40,59,33,99,80,37,36,77,32,44,33,82,9,1,87,61,91,64
75,99,0,61,36,88,53,30,23,78,27,40,36,100,35,40,63,74,54,21,94,28,76,41,93,77,27
79,60,74,97,52,92,94,89,39,20,49,49,93,43,79,51,93,35,9,56,3,35,88,11,74,27,75
61,51,91,92,60,41,84,92,90,55,53,35,37,0,38,73,73,1,95,37,28,77,66,29,43,39,45
46,33,61,18,61,74,48,2,3,63,89,6,8,26,5,11,79,21,0,30,91,9,74,2,100,69,18
85,66,11,27,50,76,14,78,24,34,84,27,45,47,30,27,47,0,36,60,45,62,51,32,41,87,33
74,63,62,8,98,12,14,75,49,48,58,27,7,70,76,82,83,32,43,19,93,5,33,28,54,22,31
10,100,74,26,44,91,87,87,25,68,64,12,53,60,54,77,69,33,88,15,61,98,58,77,74,0,22
77,76,5,81,18,25,45,70,1,86,48,68,27,9,18,19,43,12,55,90,92,89,61,35,57,51,1
51,1,57,89,93,80,71,71,97,100,39,51,96,83,57,68,54,76,14,39,50,30,52,23,73,62,95
13,18,42,40,58,97,23,3,12,11,44,83,88,68,33,23,66,79,55,75,64,81,94,31,37,24,42
78,25,96,16,76,56,41,37,5,23,53,56,36,45,23,42,25,46,8,48,32,59,20,5,33,73,81
76,38,77,29,37,34,75,30,54,84,75,58,77,12,47,54,8,15,73,42,17,64,92,50,44,31,27
35,53,12,2,63,20,35,16,70,55,39,29,88,34,12,63,73,5,47,13,13,73,13,31,83,29,41
85,12,16,79,86,51,23,65,22,63,0,59,4,73,67,27,2,99,59,5,61,73,58,73,31,45,29
30,74,5,87,58,98,55,72,44,43,41,34,59,0,94,33,44,81,34,3,27,20,31,33,85,38,72
96,47,6,9,29,92,39,5,51,34,14,40,83,24,73,43,38,77,70,73,92,90,99,19,18,38,76
80,47,61,100,90,19,46,38,71,86,93,9,40,81,32,91,75,15,2,96,59,44,42,23,74,65,24
49,34,84,12,81,82,3,39,83,94,5,35,90,71,53,11,45,21,53,75,62,82,28,70,99,21,51
61,32,11,95,49,60,27,2,14,58,95,97,44,43,1,6,55,85,95,16,43,91,94,57,20,94,18
12,41,96,86,2,6,35,73,29,67,50,78,43,82,97,72,72,84,85,55,80,15,6,35,58,80,59
64,67,71,97,29,82,36,67,18,83,61,49,84,60,95,97,36,23,15,17,6,41,77,96,74,77,87
24,8,24,94,44,11,90,87,58,81,59,76,83,14,34,94,8,13,79,65,30,80,45,79,49,66,66
48,87,84,6,28,91,60,7,44,90,61,26,83,8,64,79,9,54,65,70,38,58,78,16,31,27,16
76,36,17,81,62,16,57,13,23,54,92,50,75,70,48,45,70,75,97,40,67,60,75,15,54,78,22
14,34,0,61,26,16,9,10,11,77,84,47,12,79,93,96,37,29,87,70,86,49,40,74,73,69,52
54,17,51,10,2,74,10,0,59,45,14,19,72,17,100,56,4,33,99,53,53,12,38,84,96,17,7
43,39,25,44,61,20,7,69,37,5,63,57,39,51,64,45,64,73,6,41,30,77,81,38,79,66,65
68,88,100,27,51,88,31,99,74,9,97,31,44,22,12,40,21,26,97,43,63,3,66,20,67,73,72
64,59,30,41,79,37,32,89,60,83,84,31,27,22,14,42,18,9,80,72,92,34,79,99,82,52,27
68,84,44,59,11,48,71,94,53,81,26,92,36,88,28,57,22,93,54,88,19,30,19,88,94,6,78
47,46,82,82,69,12,77,39,97,95,63,67,100,72,79,15,43,26,30,16,67,46,7,53,74,38,48
62,66,31,63,84,61,16,62,92,96,82,12,100,35,84,84,13,61,78,74,34,50,29,49,74,97,14
51,85,50,74,29,63,6,2,65,85,90,93,18,100,25,43,11,74,68,75,76,25,12,55,66,97,44
56,68,52,47,7,21,34,72,92,34,30,60,81,89,10,64,77,85,27,83,35,70,23,12,78,10,27
48,91,60,57,56,77,66,34,23,4,19,53,15,57,8,62,84,23,38,83,73,68,28,55,61,19,7
59,4,59,67,62,1,44,74,0,81,67,43,99,11,6,94,58,30,34,6,41,28,98,93,6,99,48
29,34,31,32,88,29,74,44,7,81,76,73,17,21,57,62,24,24,28,92,95,93,89,4,82,85,21
71,26,17,50,98,80,51,94,34,38,8,27,70,17,23,62,8,44,63,8,45,77,52,7,70,44,94
59,66,48,80,20,75,55,43,56,89,27,94,53,64,57,18,24,21,71,96,1,81,74,70,96,48,7
59,50,5,26,60,26,17,87,18,28,69,11,10,55,65,37,13,50,9,35,43,29,22,65,41,39,81
42,56,69,7,92,96,70,71,50,8,99,34,63,6,31,29,79,75,31,93,79,35,14,6,49,58,18
87,31,44,61,36,19,47,96,25,54,51,52,69,74,41,69,89,85,86,15,73,36,47,22,92,22,21
86,48,85,26,55,26,3,74,47,13,1,42,58,9,19,21,42,79,78,63,40,48,55,34,0,64,100
32,12,32,93,32,47,20,61,52,91,60,1,38,33,13,61,51,30,32,0,65,55,4,83,40,40,26
38,9,6,79,14,54,87,83,29,98,91,25,60,67,80,57,99,87,19,68,32,87,51,46,20,11,49
29,39,34,4,3,33,18,40,76,24,74,41,65,47,51,90,35,3,4,82,9,13,72,21,94,58,17
87,2,18,12,60,37,32,53,79,57,88,68,72,41,90,44,85,33,0,42,27,72,47,49,36,45,96
95,96,82,85,41,60,46,63,94,58,76,23,0,69,18,19,72,51,60,10,99,79,25,70,2,23,7
41,61,100,0,5,99,63,75,95,90,18,36,67,47,4,28,44,68,66,14,7,98,53,39,32,50,10
46,4,23,28,7,70,72,23,2,23,52,7,54,64,51,60,0,63,97,34,17,49,89,10,51,34,15
79,52,42,42,56,16,55,61,94,33,47,92,34,50,53,23,36,23,91,24,87,18,96,2,6,59,93
93,17,79,54,7,28,15,13,89,9,57,54,40,6,31,9,21,81,44,12,53,99,18,9,6,37,99
17,2,9,27,90,11,10,18,24,13,58,31,80,82,58,36,42,95,84,23,22,8,40,15,2,48,78
65,52,60,99,10,31,66,53,6,37,97,91,18,67,82,17,32,96,17,73,84,11,56,54,18,2,53
56,49,68,74,1,21,25,62,99,38,45,100,11,57,61,14,37,43,86,36,62,97,28,15,81,89,90
71,61,100,100,53,72,80,91,86,68,87,64,97,84,90,49,27,78,34,85,68,69,33,56,50,83,39
13,21,63,47,15,46,68,98,6,50,18,2,22,88,52,91,16,74,45,61,12,30,1,10,22,60,82
94,37,51,94,56,2,72,23,17,85,88,0,3,8,18,35,55,10,44,20,29,23,3,45,49,19,21
37,98,47,42,46,15,43,5,28,58,36,67,65,51,24,94,87,19,67,66,3,32,43,50,9,43,0
59,36,29,57,97,20,1,34,57,82,96,33,75,64,57,36,96,52,47,56,59,54,50,85,98,55,24
69,26,96,9,82,68,22,45,61,90,42,46,91,26,27,12,41,62,19,36,4,52,17,55,52,95,34
82,80,62,74,18,38,87,93,36,63,23,19,63,6,1,59,26,46,28,14,72,15,88,46,42,100,10
42,51,78,59,37,48,6,62,32,15,8,45,5,89,44,15,27,36,14,41,45,100,22,55,57,99,45
95,87,97,36,37,39,63,99,27,8,28,9,86,17,64,66,37,63,10,70,90,98,75,42,97,69,37
38,53,4,92,40,22,79,57,65,30,57,71,25,87,82,85,61,76,59,86,11,97,76,14,22,18,68
58,83,96,67,24,88,75,30,32,13,79,60,72,46,18,66,95,21,74,91,47,74,13,44,21,96,64
51,27,3,65,0,23,31,22,85,35,98,78,71,27,49,88,44,39,91,43,12,6,51,75,25,4,81
51,96,92,29,88,71,62,1,56,75,97,19,88,60,37,94,18,72,62,55,19,99,12,82,21,72,80
89,64,24,49,9,74,31,71,32,34,40,25,77,47,4,36,14,28,6,64,27,0,32,70,22,32,45
66,62,35,34,26,38,12,88,17,74,69,50,9,69,2,27,81,73,42,74,19,98,76,89,58,66,46
21,18,27,27,16,64,80,1,13,28,92,66,73,55,28,19,38,62,34,44,76,76,56,79,85,95,54
41,13,9,0,79,43,91,80,68,64,58,66,31,97,85,92,10,5,78,84,14,1,81,51,50,36,97
87,89,98,97,27,55,75,4,30,35,10,96,28,17,66,2,33,56,38,18,24,52,22,24,27,3,78
53,59,34,8,46,45,18,51,46,60,43,21,48,31,92,28,100,11,66,35,5,74,100,77,95,82,50
1,2,100,62,80,66,50,22,71,22,25,25,31,61,52,96,66,31,57,98,82,86,39,88,81,98,86
38,22,89,34,54,15,84,21,13,69,90,3,51,0,71,58,85,65,85,65,33,2,31,42,47,90,19
42,19,93,42,89,56,12,55,98,15,78,57,16,21,36,53,62,64,94,8,66,48,28,18,54,67,70
0,24,72,39,51,52,12,19,61,8,59,22,83,21,19,73,82,70,89,24,64,18,50,87,8,30,63
45,81,85,51,41,51,75,83,76,94,40,46,67,9,94,30,51,53,94,96,23,40,79,81,79,57,33
44,89,54,70,47,1,43,15,51,11,94,86,23,28,45,17,29,82,6,5,36,0,53,57,17,46,83
53,98,47,62,94,17,3,19,47,63,49,20,75,93,57,68,46,26,55,41,35,50,17,69,37,86,66
91,7,89,48,60,12,54,70,32,73,42,77,26,48,50,6,11,98,35,31,55,49,99,88,13,23,8
62,90,37,15,24,18,2,89,27,98,49,0,64,87,13,66,92,30,43,17,71,43,15,10,93,16,94
72,82,5,49,43,41,74,58,37,54,30,63,58,87,31,54,12,65,78,88,15,44,46,70,2,72,12
80,82,62,27,19,100,78,45,77,94,9,98,55,11,63,60,12,94,29,70,99,15,64,78,80,8,74
29,31,31,17,57,48,87,53,20,62,96,66,2,39,51,83,32,66,84,19,58,49,34,80,40,48,97
64,36,97,28,28,65,24,45,52,68,4,59,73,76,1,32,5,58,28,86,48,29,41,10,24,12,92
75,30,79,54,84,70,52,21,55,44,17,84,53,1,61,19,65,64,52,19,80,4,41,51,36,52,19
53,96,57,100,69,7,31,21,80,93,58,64,37,85,29,36,52,93,39,80,82,91,34,86,2,59,8
2,43,43,76,91,1,57,98,18,56,51,45,97,66,3,59,6,49,66,27,58,62,89,81,13,30,94
43,78,96,52,21,38,36,56,0,33,89,37,81,4,26,90,76,71,19,46,83,18,90,40,31,11,83
52,20,1,65,45,59,18,64,78,55,52,39,6,9,34,87,39,16,26,23,77,93,21,42,73,72,9
66,70,88,97,39,47,97,62,83,68,89,42,3,79,60,4,89,49,63,92,15,73,98,2,88,42,65
36,69,74,22,88,66,60,83,61,34,89,11,71,0,16,87,86,58,98,33,89,2,46,39,54,15,68
13,16,3,32,49,87,27,92,27,82,13,66,63,21,28,22,90,33,45,8,27,32,61,16,55,41,0
82,75,60,1,45,95,51,63,21,91,72,50,19,43,38,66,0,91,3,29,70,8,47,71,21,46,49
82,88,1,28,83,7,82,85,18,87,43,4,20,70,25,34,14,25,66,59,43,96,98,71,54,10,42
70,55,35,12,72,10,2,95,57,97,69,81,61,71,86,48,28,2,87,91,54,82,18,17,93,60,90
93,99,74,12,84,21,46,57,78,45,100,95,100,60,90,13,82,58,28,15,37,49,40,88,80,39,54
16,50,58,38,99,94,52,54,28,19,74,66,79,42,58,92,12,63,38,46,24,45,78,55,14,21,5
99,82,53,28,26,40,56,56,56,83,89,18,19,82,79,50,77,80,26,90,2,19,32,81,63,45,52
22,42,76,20,66,95,25,3,66,29,2,68,10,48,74,35,60,36,49,47,30,75,95,8,74,62,69
42,16,43,89,21,25,21,49,54,17,23,88,55,36,41,57,62,66,15,51,80,54,46,98,56,26,49
76,53,18,20,3,71,70,57,7,64,16,77,76,22,54,8,35,0,8,36,92,67,79,46,33,36,89
78,76,63,78,39,79,72,91,29,78,63,40,62,36,71,44,21,73,8,43,94,49,53,60,94,35,50
15,70,10,82,64,42,41,10,93,67,42,35,28,87,61,49,40,50,33,62,41,35,14,53,95,90,8
16,32,80,31,89,34,54,39,64,47,31,25,81,78,78,0,1,74,68,60,40,90,61,30,97,65,98
69,41,40,0,24,33,19,49,62,38,7,80,100,36,2,2,25,70,44,19,44,100,37,24,68,57,98
22,19,41,68,90,66,66,50,70,5,54,32,11,41,22,70,4,41,35,53,22,27,8,19,65,51,43
48,91,83,28,56,95,72,26,91,90,86,66,0,12,97,50,48,1,69,50,2,30,25,49,24,79,62
78,65,84,6,34,97,62,32,96,49,83,92,48,74,90,29,76,45,37,24,99,2,66,92,25,78,100
47,26,39,85,3,64,81,46,0,10,81,95,62,0,16,64,76,92,13,89,59,100,23,59,23,84,1
54,33,77,33,91,99,28,28,92,27,33,31,47,100,11,66,15,95,2,32,92,45,85,59,28,89,43
96,53,99,58,28,18,24,49,62,14,91,62,34,28,49,86,37,31,25,55,22,78,63,43,9,15,65
40,51,34,33,87,56,2,43,4,85,36,70,47,56,90,21,88,74,99,0,81,87,34,14,41,24,80
83,99,50,19,88,47,74,78,92,47,62,15,95,44,59,20,35,83,15,55,86,21,53,59,82,40,98
51,42,89,88,8,48,57,97,87,47,73,84,42,10,65,31,39,92,43,49,53,51,78,47,72,57,4
98,59,30,14,22,10,15,67,34,18,8,29,77,29,41,45,8,38,16,94,0,41,6,76,33,84,37
96,85,33,12,81,37,76,91,28,75,52,91,72,80,3,49,17,75,100,19,70,60,52,25,55,85,16
23,50,75,85,62,71,46,13,63,16,41,99,15,34,31,10,18,57,1,44,27,85,97,22,52,16,20
14,11,42,87,45,28,90,12,71,96,8,41,83,83,65,73,38,64,56,96,36,29,66,45,73,78,72
67,2,43,42,77,45,7,4,85,84,20,15,82,25,49,49,97,7,74,90,67,36,78,33,92,91,36
54,36,80,68,52,20,41,51,49,20,77,1,3,9,59,79,76,28,5,25,35,0,56,41,88,81,17
9,16,34,27,64,33,44,85,96,33,17,37,26,70,18,15,63,32,13,91,72,99,94,63,21,9,73
17,49,76,43,62,41,16,90,76,61,48,47,12,73,22,65,62,70,34,25,54,64,86,40,38,76,20
87,10,82,1,37,10,42,71,19,15,46,17,14,3,10,41,61,39,16,78,73,6,32,61,31,57,16
93,62,58,66,76,24,33,33,28,5,6,59,66,53,33,80,44,88,19,73,14,8,45,87,97,34,44
41,66,80,18,16,50,7,30,93,27,80,37,94,71,29,34,88,24,85,50,70,43,28,94,34,31,82
99,86,13,86,73,0,37,95,57,24,84,39,22,3,20,62,34,81,97,86,38,64,13,31,5,25,2
81,63,73,94,96,56,17,48,86,64,69,97,42,55,42,23,28,68,65,65,58,38,75,16,52,93,16
4,95,16,29,6,12,25,84,74,50,94,97,41,58,92,64,60,48,0,87,19,32,77,49,76,70,19
58,50,43,44,39,59,21,30,74,84,70,86,20,42,23,17,27,12,93,96,43,45,5,4,51,71,63
11,63,95,12,60,31,64,87,82,24,13,32,35,33,4,51,67,32,5,12,5,55,42,10,24,48,26
14,3,28,44,35,9,1,13,19,58,24,44,33,62,10,80,4,50,91,100,35,49,0,49,79,17,1
98,7,35,98,87,12,86,17,80,95,37,42,86,71,80,33,58,95,53,99,27,22,12,76,4,86,51
92,25,47,50,15,43,44,3,2,2,14,76,0,11,92,22,56,53,12,56,97,55,72,75,45,82,97
83,19,93,50,72,43,45,41,48,49,24,92,20,71,75,14,37,92,25,8,99,91,5,27,39,93,8
19,1,84,75,3,68,79,86,20,98,9,41,30,84,24,55,75,57,25,18,54,13,51,56,63,53,12
52,68,31,79,95,13,5,59,29,1,0,10,44,43,91,5,65,97,32,11,23,67,41,45,63,51,98
43,81,78,12,81,97,39,44,63,38,84,59,69,69,5,61,30,97,2,15,52,66,22,26,73,76,91
2,87,44,7,80,68,18,30,37,64,9,42,59,71,45,12,23,3,66,35,45,91,27,15,52,22,59
88,64,64,35,100,31,91,6,48,24,97,89,6,71,65,27,35,67,91,6,8,62,13,34,28,41,86
43,73,93,88,9,99,98,45,69,92,78,2,31,36,13,89,13,12,79,27,62,39,43,25,72,85,52
91,86,33,35,84,65,53,3,65,3,74,73,94,40,1,36,99,93,27,29,20,27,4,100,55,14,58
49,93,62,99,22,30,25,72,91,3,13,66,81,0,23,8,43,5,31,82,93,28,34,65,63,87,33
58,75,80,93,37,38,93,57,9,97,61,95,24,64,40,29,84,75,44,89,18,51,42,39,52,22,9
81,31,49,10,83,76,56,48,61,69,32,0,27,4,48,56,63,75,94,1,74,98,20,21,81,31,46
15,32,90,57,6,15,20,64,93,55,29,21,85,77,0,23,9,56,39,68,99,77,75,15,16,15,70
39,71,10,11,11,89,89,70,23,90,42,99,23,12,83,0,45,12,16,95,63,88,94,58,40,81,66
49,53,59,6,82,49,74,86,44,10,20,12,90,66,70,50,89,29,33,18,85,58,65,2,11,0,49
38,73,45,19,100,97,13,14,51,41,83,18,81,83,83,96,36,42,74,44,19,93,50,72,49,62,31
53,28,24,53,49,79,74,52,21,63,64,28,83,79,36,79,21,31,87,41,90,70,62,1,83,57,20
93,83,25,64,33,40,31,16,30,39,44,16,31,8,26,74,45,36,30,41,21,30,23,77,74,4,40
43,91,48,96,6,31,67,83,52,54,51,17,58,1,47,69,77,87,51,30,69,38,64,18,20,61,64
99,80,79,66,67,34,49,0,72,89,50,86,92,83,60,53,30,23,55,2,4,17,1,99,52,48,47
86,20,25,44,26,23,36,98,62,87,42,78,79,28,28,9,81,93,7,23,6,79,46,35,29,84,29
60,0,78,39,58,94,69,1,38,41,93,78,37,54,21,36,7,87,67,48,9,94,53,34,55,40,2
8,79,96,65,28,66,81,11,43,50,9,6,6,83,11,9,6,28,96,8,18,41,99,7,57,4,29
79,83,59,41,12,44,29,6,48,87,54,33,39,23,97,15,25,16,95,34,10,41,4,12,26,65,13
6,97,10,87,57,67,70,72,54,19,89,69,4,67,34,90,32,2,2,79,87,78,45,72,17,45,67
92,91,69,6,63,61,55,87,37,87,93,22,65,43,47,47,74,2,10,42,85,64,9,17,39,66,47
31,10,95,10,18,29,41,39,14,49,44,83,36,50,34,100,50,51,33,59,20,77,53,36,73,19,84
6,31,60,72,40,58,95,62,59,72,73,80,48,52,35,71,15,30,14,96,23,10,69,87,66,40,57
98,32,44,26,22,75,5,75,95,40,94,91,84,8,8,31,83,51,43,61,33,68,31,39,36,66,89
77,91,55,65,67,94,27,35,12,54,67,80,32,32,40,49,82,13,87,75,88,45,29,75,86,17,36
78,48,93,65,21,7,90,80,5,76,79,42,45,46,21,9,60,52,2,48,57,21,24,40,47,33,24
82,15,39,65,44,39,5,93,70,68,40,35,25,89,89,86,9,55,3,93,64,47,61,92,22,3,37
21,90,58,60,42,78,71,7,23,58,31,81,94,16,80,25,88,31,2,93,22,96,73,71,70,47,96
48,100,88,99,15,37,2,17,98,99,12,32,5,53,27,95,97,6,18,24,44,0,89,87,100,49,83
11,14,11,35,6,26,39,17,68,89,14,96,42,90,9,2,25,49,84,54,14,12,81,3,74,94,10
52,97,19,83,14,73,54,86,93,9,0,85,68,54,30,85,17,48,84,11,64,34,65,48,8,63,27
68,94,98,26,40,60,80,77,74,9,48,19,88,35,42,56,25,68,85,85,74,62,44,60,34,32,56
63,15,38,61,90,29,36,83,6,92,100,99,34,75,57,64,21,58,88,10,24,94,6,82,33,85,10
65,34,58,60,16,82,82,32,87,48,34,82,54,70,64,42,47,21,88,87,35,38,86,97,40,87,29
64,88,13,70,94,6,58,15,36,34,12,24,48,6,16,2,15,13,91,10,100,94,41,25,97,77,74
79,37,58,80,45,72,74,21,79,34,100,0,89,27,74,36,53,20,20,81,79,90,36,55,20,22,25
60,1,1,70,12,46,80,40,78,4,77,48,32,51,74,86,79,9,21,52,44,47,7,49,18,44,52
27,71,100,89,68,88,0,9,25,63,92,98,45,88,6,31,53,59,69,31,1,98,73,6,56,66,84
23,80,27,13,77,94,5,99,16,86,18,84,48,40,63,27,34,77,37,95,86,100,95,38,39,27,0
40,52,84,83,99,93,52,28,99,56,61,16,1,81,99,99,36,62,61,46,40,5,93,31,18,74,30
62,58,40,11,87,12,96,1,27,44,77,62,21,23,74,17,91,24,93,5,88,99,2,93,78,3,23
59,30,8,13,86,73,22,22,8,69,31,26,88,66,91,76,18,69,25,57,64,92,21,33,82,79,23
18,94,19,46,15,11,6,4,93,91,93,89,46,22,27,35,99,73,59,10,75,33,96,17,60,7,31
100,0,49,26,87,46,14,84,61,81,19,78,21,65,2,27,55,90,97,30,84,24,27,89,99,14,35
46,21,93,56,93,16,85,7,40,47,38,8,15,81,26,63,87,46,90,8,92,26,93,26,12,39,34
73,21,84,90,66,48,78,10,88,96,13,19,76,14,54,57,42,50,18,19,40,0,16,78,56,47,33
29,51,78,35,33,34,77,66,8,12,77,58,12,70,45,92,51,96,91,30,99,84,68,81,39,87,86
60,9,32,100,7,62,62,82,42,11,76,5,38,51,35,22,10,47,67,19,72,94,88,62,9,51,6
64,37,19,50,41,31,83,34,92,37,72,56,32,36,13,78,92,81,34,26,75,32,14,80,63,29,0
66,62,23,85,52,53,35,43,68,76,1,33,10,26,95,70,73,63,53,76,11,23,5,39,52,40,69
60,17,21,55,62,48,87,25,14,31,59,85,43,33,47,24,6,72,36,11,73,96,86,21,10,30,6
47,71,7,89,69,70,29,71,87,71,52,54,12,21,82,58,36,15,74,29,76,10,60,19,64,2,24
45,82,73,25,13,91,35,59,82,83,66,24,83,92,60,71,32,4,35,49,44,84,44,46,23,31,88
17,70,37,21,23,33,29,31,86,20,87,46,96,17,86,95,67,9,63,60,96,50,71,90,35,24,58
95,18,31,32,79,38,29,11,33,23,32,74,11,68,72,34,51,28,89,15,1,87,98,76,76,77,47
64,80,64,68,81,90,22,66,1,47,94,7,88,71,87,85,10,37,21,32,30,39,92,44,35,48,10
61,13,36,72,17,89,93,57,85,44,33,49,92,83,13,81,69,44,97,41,17,78,46,82,89,56,44
63,32,26,95,51,43,33,54,91,6,92,59,18,26,40,32,82,37,4,86,64,12,11,61,63,22,47
41,5,6,45,53,34,82,10,76,65,95,89,36,67,89,87,27,71,48,80,67,8,14,0,62,14,97
20,10,67,77,58,66,14,64,26,65,50,97,2,57,65,26,76,80,53,88,58,97,20,14,40,14,48
71,1,52,85,4,53,77,27,69,22,65,46,24,19,14,59,24,82,62,91,53,94,86,68,77,72,79
79,66,29,14,43,4,85,11,79,87,72,27,65,55,2,19,0,9,68,22,70,40,72,78,86,28,77
88,2,82,42,52,43,89,81,54,11,78,54,80,94,37,34,8,67,0,35,49,33,87,76,61,20,86
12,70,90,93,19,39,16,57,88,66,35,34,46,39,95,90,29,72,96,66,87,44,59,10,24,40,41
95,27,75,90,30,58,29,77,88,68,24,79,63,63,92,13,89,37,69,65,29,84,50,0,84,89,83
50,60,79,48,31,45,74,43,27,37,93,60,54,12,15,86,24,51,61,21,9,45,53,22,85,14,18
66,51,72,48,93,17,92,17,6,39,42,77,73,7,65,71,53,39,75,60,8,57,71,79,42,1,88
5,77,71,10,23,48,13,100,4,62,72,7,57,8,66,88,33,74,81,80,84,35,99,55,92,77,100
57,56,62,60,92,78,68,52,39,6,25,40,11,31,37,61,49,74,39,74,79,54,54,5,45,44,44
38,89,13,7,20,30,74,85,13,19,64,55,75,95,79,96,28,49,42,52,84,54,7,16,93,50,98
97,36,74,1,32,60,74,23,1,71,6,60,38,32,58,75,5,44,70,50,47,90,91,96,16,82,11
0,0,96,31,56,65,1,77,4,63,86,57,16,72,37,1,37,21,97,38,14,3,81,75,62,66,37
32,54,97,36,12,21,70,78,43,39,50,50,13,1,47,48,87,52,23,95,35,98,6,8,89,67,55
86,11,89,89,14,80,79,65,23,100,17,77,48,82,19,96,0,85,95,17,76,84,92,88,19,40,51
87,5,69,54,76,88,20,63,57,55,67,99,88,48,83,62,60,76,56,68,33,93,40,88,15,1,100
86,58,99,1,96,22,64,87,72,58,90,36,35,80,54,4,100,4,79,11,83,92,82,52,90,24,5
16,43,36,77,26,93,22,19,82,90,35,72,98,71,70,18,8,5,31,45,37,85,60,4,5,67,67
35,87,46,24,62,24,34,12,56,23,39,8,90,90,16,87,36,81,96,97,42,51,51,28,79,7,36
75,100,56,27,68,71,56,37,68,34,43,90,2,70,93,3,42,35,28,51,79,20,49,9,33,26,62
0,81,90,45,95,83,35,100,41,70,29,66,83,25,27,97,1,18,13,52,8,31,74,2,70,26,44
66,1,29,81,83,49,65,92,60,100,11,63,72,45,50,18,36,32,87,100,18,66,52,76,90,94,16
95,81,44,56,78,37,49,94,16,81,78,45,61,3,87,21,34,80,99,95,37,94,82,79,30,21,56
93,58,30,92,48,62,21,32,66,8,81,92,56,60,32,19,72,50,55,53,8,77,77,30,12,100,56
75,27,6,28,3,12,99,8,18,36,1,69,67,56,47,6,47,38,18,27,36,85,50,53,61,69,100
78,34,42,68,94,12,3,54,0,79,79,52,34,63,53,60,89,95,91,19,85,3,72,77,34,53,36
55,39,60,14,81,91,29,24,44,84,59,81,29,8,42,74,97,7,47,62,56,34,67,7,55,18,41
85,56,61,54,7,8,52,17,59,41,27,29,19,3,71,43,100,3,70,42,34,28,11,72,63,34,10
65,99,77,56,30,18,47,72,15,27,48,18,32,5,85,24,75,53,50,95,54,60,30,19,36,35,28
33,90,68,45,18,65,37,70,10,72,14,12,60,50,37,26,98,65,69,62,19,28,0,89,95,45,31
87,22,10,1,31,96,46,18,93,81,63,25,95,80,76,74,17,68,39,9,96,59,14,67,85,2,88
11,23,77,1,57,25,83,91,83,52,22,10,68,87,26,57,31,47,14,92,67,29,99,96,43,27,30
5,0,98,70,22,63,26,28,37,68,40,97,19,99,37,21,39,85,53,65,16,32,40,14,79,41,17
87,47,35,50,11,16,3,87,18,64,95,4,37,90,37,6,57,54,79,91,5,59,98,49,65,94,89
10,72,88,24,18,32,35,42,63,25,33,100,47,68,95,9,11,72,28,46,12,11,23,7,62,76,86
99,45,78,31,76,43,0,69,14,7,84,84,52,33,11,40,39,5,5,55,72,82,98,22,86,68,11
71,39,56,97,61,41,4,23,17,59,32,12,86,47,32,41,26,31,64,83,72,92,95,88,19,55,48
26,37,30,58,69,98,4,92,53,8,9,33,4,29,51,91,82,79,54,18,95,84,55,88,40,20,96
10,58,75,100,4,60,0,4,9,81,48,87,34,60,11,32,40,22,30,81,92,81,35,43,60,12,42
18,43,56,98,13,86,19,54,3,65,90,16,68,68,93,29,90,25,46,44,13,81,28,64,38,33,10
14,100,30,21,47,7,76,36,48,43,12,69,14,63,34,78,6,21,64,30,84,6,47,90,73,73,52
63,2,48,56,22,50,96,10,88,86,59,72,47,28,4,74,71,95,24,50,18,93,11,79,5,62,79
75,56,26,64,24,23,26,43,9,90,21,36,41,80,16,73,35,66,5,76,38,33,43,9,65,31,4
97,18,38,84,78,72,15,42,88,93,61,45,90,37,76,26,16,66,32,16,38,0,40,29,39,78,11
45,74,98,85,65,62,37,83,21,47,73,12,37,37,62,20,95,13,88,18,32,2,19,5,14,59,50
13,38,18,46,56,2,26,5,49,52,6,5,49,13,30,36,62,5,68,64,46,90,18,61,38,14,88
8,1,55,12,38,25,14,94,7,2,5,12,28,26,44,24,63,32,95,32,91,63,44,39,96,52,74
21,88,75,79,40,80,18,20,59,71,40,87,10,18,22,17,37,76,38,38,35,36,10,27,85,40,8
55,75,91,64,69,70,41,49,76,30,32,33,4,2,66,68,68,27,13,20,20,78,5,59,23,48,30
75,72,19,11,18,44,32,54,11,45,76,78,16,47,3,12,41,95,36,39,60,94,90,0,54,9,32
36,30,35,31,21,88,28,60,14,35,2,47,33,81,70,0,88,48,98,89,37,80,61,74,16,9,77
7,85,51,94,64,74,27,11,75,11,77,19,74,91,42,42,71,13,94,10,79,49,81,63,71,44,51
52,6,48,38,23,30,3,27,96,90,72,42,51,27,56,12,4,54,48,99,62,5,19,18,93,57,45
87,81,26,1,46,17,30,9,6,24,2,9,47,29,19,6,58,9,39,85,8,45,7,82,84,88,93
60,11,51,73,8,6,24,75,15,96,23,42,16,29,70,85,67,22,10,64,63,12,96,13,23,45,98
36,87,47,26,77,29,35,61,0,62,75,37,86,89,93,31,46,96,38,60,49,18,56,20,88,89,82
89,57,46,33,56,44,32,64,86,29,67,46,14,17,98,29,49,39,34,69,92,67,3,7,38,5,96
74,70,96,9,52,87,80,60,99,63,61,94,80,48,12,57,44,63,90,79,18,60,36,16,25,84,35
35,72,48,21,31,81,98,81,38,6,22,96,99,21,13,27,98,55,52,15,66,94,26,75,60,76,34
81,79,69,9,68,42,61,21,67,32,8,93,55,74,66,83,19,22,59,27,21,24,51,79,75,96,92
1,8,13,20,45,84,87,43,81,48,36,87,66,98,84,22,5,44,91,41,22,59,97,12,68,23,65
79,80,54,44,97,90,81,14,4,26,81,47,17,40,67,41,90,85,4,82,56,17,90,19,28,46,41
16,38,48,13,77,48,47,12,2,24,21,7,44,72,29,3,12,55,10,61,15,10,50,76,73,14,51
34,81,96,100,73,38,55,23,81,100,53,87,31,31,28,77,43,26,26,8,100,95,56,20,37,56,21
34,18,88,31,67,26,47,97,58,70,15,15,2,26,96,39,18,81,69,38,4,31,61,31,90,74,74
45,88,0,26,71,48,0,45,79,35,49,26,74,42,34,42,86,11,25,35,83,66,25,5,88,8,87
89,94,82,94,46,71,98,38,12,93,4,35,8,11,4,81,41,16,51,11,88,57,54,13,23,38,17
75,9,13,49,26,48,65,52,88,2,52,26,91,88,49,1,71,59,75,83,68,96,8,1,25,45,68
48,11,27,33,16,88,6,21,60,85,46,30,66,42,44,41,20,33,47,91,30,71,16,59,12,29,48
2,80,9,82,81,71,84,32,29,92,0,17,4,92,96,88,47,59,83,17,50,81,6,89,79,87,19
75,41,38,18,73,72,28,93,99,16,82,60,100,86,10,48,2,95,27,19,80,76,69,3,87,26,11
49,48,96,98,35,76,80,85,29,77,65,73,51,57,62,50,15,57,5,70,64,49,60,63,68,47,75
3,26,57,87,61,82,95,73,49,82,73,70,22,20,89,52,59,70,35,3,94,0,34,11,46,4,50
99,18,50,67,16,67,4,5,38,35,7,31,73,19,5,60,1,4,59,14,23,56,16,66,41,68,3
60,78,44,86,28,88,50,19,10,39,67,50,45,68,76,56,86,63,74,51,83,53,31,16,100,58,39
45,62,53,20,78,4,40,42,16,57,13,37,44,95,23,6,43,79,15,18,79,72,20,76,90,38,21
97,97,99,79,85,27,23,81,99,53,52,12,98,36,16,34,94,19,77,76,74,84,52,65,67,49,58
82,38,30,21,29,49,90,35,86,30,68,7,32,80,20,82,40,31,59,90,2,56,40,86,39,11,50
7,89,44,82,33,75,50,12,92,25,51,58,75,42,71,15,92,64,4,31,69,88,98,50,20,43,70
92,85,43,44,83,53,91,94,22,51,14,79,5,42,75,15,1,20,89,48,38,95,26,14,60,99,96
78,83,32,80,4,65,94,14,28,23,94,83,66,38,8,13,62,2,22,68,54,61,67,66,11,14,6
11,94,80,5,74,31,51,48,23,36,27,20,30,72,73,49,65,32,3,80,96,13,63,0,79,29,87
3,10,72,30,11,65,92,39,63,47,67,77,13,49,9,10,11,66,29,8,15,11,16,1,26,11,69
54,73,9,33,100,81,18,50,20,24,88,77,26,22,5,43,28,100,61,7,58,78,10,63,27,20,18
5,94,41,82,2,83,19,40,6,22,87,25,85,82,83,44,11,77,84,57,97,15,9,35,61,44,69
76,46,86,26,19,44,86,83,60,85,68,72,40,44,70,61,92,4,38,19,32,3,53,22,54,42,46
94,15,76,46,44,64,42,74,59,80,28,21,47,24,40,60,82,43,44,70,87,38,94,72,16,44,63
26,11,31,52,29,18,64,79,54,32,85,84,1,12,82,76,33,89,63,29,82,26,83,10,81,69,63
40,35,1,52,26,9,25,67,69,72,28,92,5,21,90,94,9,13,39,1,26,39,41,88,36,93,92
96,71,85,89,84,6,21,83,50,43,57,92,68,40,24,63,26,64,24,29,77,28,66,77,74,70,76
18,49,25,33,17,24,77,89,71,18,74,61,72,48,21,9,100,97,73,14,75,62,53,2,43,27,6
53,35,27,32,13,29,44,48,5,30,62,16,85,66,97,11,72,66,71,65,69,28,60,76,80,66,68
52,16,61,58,28,53,25,85,83,31,65,40,30,49,43,31,41,76,17,58,75,83,14,61,23,73,45
58,6,60,68,45,2,96,14,53,24,32,26,15,84,36,1,75,81,84,37,71,5,15,3,1,60,88
53,78,17,79,30,14,3,66,60,48,6,41,66,92,55,65,37,32,92,41,13,52,28,15,76,71,33
74,80,25,67,68,21,76,2,19,55,69,81,68,6,12,18,50,63,65,95,9,29,85,2,18,44,52
85,55,8,82,97,78,70,39,52,79,31,18,73,21,45,12,33,91,75,29,71,82,42,29,67,69,4
72,24,69,24,1,20,86,98,37,49,38,79,10,72,59,79,40,14,51,37,68,17,100,24,45,44,50
5,51,56,96,22,64,54,53,10,31,24,79,99,9,72,55,96,14,66,64,59,22,17,71,72,11,83
36,48,69,39,9,75,8,30,28,65,35,31,20,100,12,23,30,65,18,12,68,50,27,48,80,64,44
46,21,18,95,53,11,49,62,76,65,94,79,72,42,85,0,4,81,64,82,34,10,99,98,65,90,48
52,9,97,90,49,6,25,85,28,90,60,99,27,94,40,23,20,24,81,18,40,72,81,88,55,56,55
62,64,66,48,16,64,4,87,70,34,52,43,52,56,87,80,87,10,76,49,51,25,27,51,8,53,22
58,75,47,68,20,48,56,95,92,33,30,28,82,92,37,76,75,1,45,48,20,72,95,20,35,25,95
58,95,73,76,30,72,73,45,49,96,30,89,42,72,79,12,25,76,66,56,31,19,47,7,51,15,41
52,71,82,20,87,80,28,66,37,55,21,64,63,56,33,77,71,97,7,60,39,80,86,54,18,7,3
29,5,49,11,12,78,29,75,32,0,40,18,94,40,0,70,87,17,61,3,5,63,21,97,87,67,60
59,17,92,70,21,1,50,6,100,90,68,25,66,96,59,76,36,73,36,13,27,23,25,34,8,96,34
49,96,89,81,84,76,84,23,72,3,13,66,89,66,86,17,0,0,97,0,75,20,79,12,16,75,89
92,39,89,34,1,9,30,52,60,5,66,5,59,72,42,2,75,43,0,47,37,98,50,33,45,13,24
34,97,82,10,43,62,52,94,54,67,12,58,32,11,44,17,35,33,87,49,47,66,54,57,37,5,32
70,36,32,74,68,64,63,18,85,84,73,28,35,72,32,28,9,79,61,73,1,57,13,48,66,83,51
27,69,96,78,27,34,2,2,100,0,19,91,15,59,48,79,57,79,38,28,47,64,74,48,95,67,25
91,45,22,32,6,21,43,100,81,50,82,15,68,28,83,67,14,53,79,42,31,6,76,40,12,46,33
6,84,56,32,43,76,82,50,49,97,79,9,57,99,75,81,74,99,62,87,74,4,93,70,56,77,36
81,16,2,23,3,96,47,45,50,11,9,2,93,80,0,81,10,46,99,28,87,8,12,77,46,10,50
31,36,67,64,47,12,86,29,49,75,6,77,63,2,68,30,85,84,10,1,100,12,67,2,2,35,6
22,60,47,23,53,58,26,97,34,15,7,33,21,66,21,71,57,56,63,0,32,12,0,53,29,62,99
75,10,99,44,49,44,24,20,66,3,22,62,40,65,9,37,24,42,87,23,4,69,37,10,56,48,39
19,38,69,76,42,88,31,73,70,77,97,3,94,42,94,97,43,4,9,1,4,12,52,18,9,28,43
10,85,20,68,56,34,31,51,28,68,10,8,6,97,6,4,68,42,89,100,9,25,95,69,3,97,19
84,11,3,69,40,44,78,91,91,78,78,65,67,26,7,38,99,53,42,13,76,30,80,40,14,90,58
80,18,12,71,57,73,27,37,40,50,64,66,61,79,64,51,37,41,85,79,90,86,30,57,66,29,82
35,88,19,48,79,23,16,11,26,6,38,44,44,39,50,37,59,14,78,75,51,25,46,26,29,45,55
79,21,81,77,0,13,22,85,86,65,7,84,18,17,47,47,2,90,56,51,6,46,57,20,17,1,99
28,75,23,12,31,100,24,85,57,6,56,27,31,81,59,45,39,11,68,50,27,6,73,6,86,75,17
69,97,46,15,20,69,82,44,77,46,94,98,46,58,66,7,69,87,23,62,99,35,71,12,73,71,30
47,11,62,16,30,91,32,89,22,60,53,50,49,28,59,38,65,89,48,50,42,84,71,74,77,30,66
99,74,45,70,63,14,41,65,25,35,72,79,69,27,43,9,33,57,51,10,24,14,20,74,23,0,22
37,29,42,77,26,73,51,100,18,65,61,83,7,5,60,23,3,77,79,95,57,90,23,32,3,51,51
16,8,52,25,32,79,53,52,48,65,46,59,72,73,62,15,89,13,15,68,39,63,71,92,10,44,31
14,11,21,10,23,50,44,77,14,86,73,5,56,73,5,90,73,71,7,72,42,16,3,80,0,40,8
78,76,51,59,58,67,5,24,33,15,43,59,16,94,39,57,43,91,77,32,40,42,8,19,37,65,10
84,26,76,84,74,81,27,72,76,62,65,16,98,93,44,83,27,11,49,72,26,89,88,84,84,1,63
55,64,48,89,13,20,81,2,38,28,13,88,73,59,4,23,93,70,18,78,28,1,76,79,93,16,50
56,38,72,86,52,38,7,97,65,67,91,37,69,20,48,47,33,34,57,66,93,53,41,76,27,31,52
2,0,38,47,42,73,66,66,89,43,51,39,68,11,27,3,93,96,5,7,23,84,94,64,60,28,40
31,83,55,48,67,85,47,90,15,61,70,40,33,11,60,31,75,15,49,86,17,20,1,97,73,4,58
82,33,41,90,32,5,41,89,27,98,27,46,95,0,63,18,39,22,22,86,54,79,37,41,51,14,25
71,10,29,59,1,12,6,68,59,72,47,99,70,13,47,5,9,55,30,58,25,4,30,59,31,97,72
37,89,87,0,57,28,75,70,55,11,98,75,37,19,40,85,82,39,28,62,94,18,60,67,8,15,12
22,0,20,90,28,56,5,72,10,98,97,78,43,86,84,19,28,47,66,35,22,82,55,51,86,31,15
12,8,61,65,12,25,61,65,12,45,13,37,90,9,5,68,66,4,54,16,82,22,33,29,73,97,26
36,32,63,52,22,13,2,45,77,84,58,99,91,4,55,51,84,23,63,73,18,64,31,85,82,51,67
22,58,58,79,80,68,11,98,59,92,11,36,97,53,43,6,98,23,76,3,98,65,91,46,71,44,7
21,71,33,80,80,36,62,74,58,92,31,81,68,71,98,80,17,50,5,87,21,27,100,53,32,61,79
72,14,37,66,2,94,13,88,63,3,42,35,75,64,38,61,81,36,28,40,78,30,53,40,47,1,15
19,28,16,27,58,88,20,11,6,73,29,17,93,100,26,58,56,58,95,93,69,65,65,89,86,59,88
47,91,29,13,11,89,25,70,77,71,6,48,26,65,23,14,50,65,79,52,88,83,45,74,28,50,19
80,38,19,13,9,10,28,17,44,61,44,96,68,37,18,41,68,46,3,31,18,34,51,26,46,3,57
55,6,58,36,10,39,23,77,55,22,65,90,96,78,28,2,63,20,71,61,78,3,73,56,60,67,96
97,62,52,80,44,40,45,44,97,86,7,28,62,32,95,54,80,6,50,78,29,75,98,6,39,96,12
16,52,31,57,51,30,18,24,4,2,0,76,2,28,70,25,74,58,54,29,99,23,97,90,95,2,63
1,60,83,48,50,26,90,64,8,12,20,23,72,82,5,23,83,34,53,52,39,47,54,43,73,100,57
23,18,36,76,65,35,32,89,93,84,79,19,30,90,36,11,100,48,44,69,55,64,48,15,7,70,0
45,57,61,22,9,29,97,13,17,44,58,45,73,74,29,73,52,12,79,77,47,94,59,58,89,93,6
62,58,81,71,9,82,9,10,17,22,20,9,5,52,31,59,5,1,46,96,22,51,87,77,7,51,74
98,50,79,18,16,10,38,71,40,67,42,2,8,55,87,37,36,87,78,24,17,23,91,65,15,25,11
55,78,5,28,57,47,48,64,100,80,64,34,55,41,48,28,82,15,16,62,74,12,96,36,18,8,29
34,2,93,49,5,76,96,34,73,62,18,76,60,70,30,14,42,16,43,35,96,53,58,50,38,52,64
21,20,70,62,77,33,20,55,67,16,93,71,8,47,24,28,19,7,64,92,6,75,5,29,41,4,43
12,50,74,57,45,75,4,59,35,38,85,34,11,57,37,32,39,96,47,98,5,43,39,55,28,90,52
15,74,1,65,54,13,33,59,16,24,90,89,95,60,80,66,93,33,0,0,79,53,43,82,39,4,97
21,73,17,35,22,97,2,69,29,83,75,35,69,79,25,57,67,5,20,10,57,52,8,81,7,95,33
75,64,29,5,67,51,68,16,89,9,63,68,94,93,54,65,95,55,5,36,0,18,84,38,69,62,96
91,45,28,36,33,11,28,5,85,90,12,15,27,9,1,70,0,60,100,94,10,2,39,27,85,15,67
12,75,89,15,13,21,76,5,92,70,3,43,24,19,93,56,47,49,97,8,18,15,51,100,60,45,40
77,99,70,11,96,48,34,17,68,16,28,63,84,15,67,36,23,46,6,76,63,81,79,68,24,46,74
5,81,76,0,68,28,38,49,17,29,28,82,70,74,97,20,54,32,58,49,70,96,87,6,74,38,67
5,7,96,44,48,1,76,8,11,97,53,58,0,89,76,34,57,96,67,72,24,86,24,89,23,80,88
25,61,2,34,93,40,88,51,69,39,5,61,54,61,20,31,64,61,34,11,6,73,27,22,66,65,57
57,64,0,88,80,1,93,16,96,17,62,19,82,17,49,25,31,94,21,71,0,43,39,1,8,80,15
57,86,53,18,23,10,5,18,60,60,96,49,98,82,98,29,32,35,98,51,62,23,50,50,44,29,90
28,21,39,16,58,51,47,35,24,69,70,81,26,1,94,91,48,76,2,77,45,71,1,2,64,69,94
42,58,65,68,72,48,86,97,62,18,82,79,34,36,10,86,50,44,69,81,94,34,58,65,84,97,67
96,6,56,76,88,36,58,15,84,5,94,0,83,99,31,39,94,41,7,11,33,32,98,69,23,34,52
9,62,91,90,71,96,15,69,12,93,94,5,25,86,15,33,95,46,55,77,19,47,2,53,96,58,11
32,83,58,53,78,81,48,94,2,29,67,53,78,68,1,60,51,64,54,78,37,39,98,37,54,19,93
91,58,81,55,40,92,54,66,22,51,47,18,69,97,32,31,0,34,50,11,79,85,8,93,62,31,65
53,12,36,55,48,22,14,49,13,68,6,29,68,94,98,11,33,100,68,89,27,23,31,31,13,54,58
24,50,14,64,47,51,36,52,88,97,61,98,40,21,8,13,56,29,77,29,31,10,69,30,30,64,83
17,3,88,30,51,83,35,44,37,19,33,4,39,49,34,35,41,70,5,59,42,58,32,69,55,38,48
71,28,80,18,74,39,63,8,62,72,26,34,39,7,3,5,94,45,54,73,82,66,21,2,66,5,72
23,93,9,46,12,80,31,82,75,64,64,86,53,88,68,62,81,100,59,64,68,75,3,90,79,18,53
27,10,71,69,29,60,61,34,77,39,72,81,26,58,6,37,91,47,63,18,73,33,45,98,80,26,77
4,99,47,66,41,11,31,57,77,76,97,42,76,80,3,91,81,36,79,26,96,67,5,87,16,96,1
37,12,44,92,17,27,85,1,48,26,10,20,66,11,93,96,51,73,21,37,90,20,48,28,1,19,94
51,65,26,59,25,88,12,7,15,79,48,44,81,80,68,98,84,67,88,96,68,84,48,69,35,33,100
32,55,24,36,35,19,13,11,77,67,35,56,37,94,56,41,55,68,80,74,58,74,67,41,12,29,99
1,77,72,20,100,26,36,67,74,37,6,92,12,43,97,14,85,79,84,51,9,1,92,61,89,59,23
2,59,18,93,96,48,16,28,36,17,77,86,23,80,73,37,32,13,29,89,29,36,59,37,86,95,38
19,6,38,4,66,76,94,27,6,70,19,34,4,9,38,38,26,67,54,47,83,16,7,59,45,74,14
78,11,28,15,23,89,70,4,26,13,89,60,85,2,14,10,43,91,75,32,89,95,88,64,76,4,54
89,27,91,69,99,63,58,46,90,39,32,95,31,39,29,74,57,21,3,8,85,62,53,100,2,38,85
62,95,43,77,69,93,34,68,0,14,31,85,28,77,59,13,29,1,41,37,76,53,78,15,48,27,34
56,32,56,90,79,18,36,54,52,32,75,86,75,50,23,72,83,39,16,51,46,20,14,55,32,4,67
27,44,44,51,73,86,73,26,1,38,14,17,5,81,94,15,95,27,0,9,85,0,53,9,5,41,94
70,94,96,82,50,65,94,90,96,3,83,49,8,15,27,29,27,65,53,94,38,14,7,10,6,33,59
61,56,33,36,51,90,64,46,51,2,26,53,22,86,98,72,63,69,0,44,61,62,22,34,74,37,99
86,68,90,40,79,38,39,45,57,80,76,46,81,35,12,78,7,94,89,41,28,81,13,55,45,54,77
29,46,5,60,43,33,60,97,77,91,64,10,17,38,74,5,98,49,33,98,93,20,12,30,23,73,12
54,95,4,67,50,19,5,51,44,60,55,53,94,28,68,98,51,36,66,9,24,54,68,55,87,100,3
5,6,75,87,78,22,54,95,69,35,91,62,3,4,38,87,64,83,74,68,30,85,2,64,14,74,54
68,56,73,23,88,61,32,36,63,45,34,80,18,32,74,64,51,37,87,46,12,33,35,78,31,53,64
29,86,91,14,53,88,20,53,31,5,57,85,36,57,100,42,95,53,55,12,81,15,58,95,63,23,96
52,18,5,33,41,69,85,57,16,82,29,11,89,82,97,25,54,76,83,88,25,3,39,46,24,0,98
55,88,93,79,60,12,38,91,78,82,86,53,36,9,57,32,14,98,67,47,64,25,70,76,65,66,85
100,39,4,60,8,79,17,12,67,62,48,7,66,63,19,34,34,22,87,94,4,78,42,61,43,53,20
49,54,28,85,61,47,96,33,18,9,94,98,50,66,27,100,47,41,61,52,89,91,69,21,20,34,8
65,63,90,68,84,26,20,86,88,50,7,30,36,3,54,64,53,30,42,5,60,37,93,71,48,42,53
71,71,46,92,52,84,2,61,65,96,84,84,47,21,85,89,16,99,63,70,2,73,29,38,87,32,55
85,89,62,45,88,88,80,32,12,62,12,29,68,72,55,93,67,83,82,19,58,87,41,34,17,79,17
44,4,85,76,57,36,91,31,45,18,17,26,48,39,68,2,6,28,77,7,97,13,64,94,63,0,85
93,49,36,51,92,22,88,30,28,53,73,61,64,73,57,45,100,20,5,19,3,44,22,46,49,67,86
17,20,12,16,45,50,21,73,51,86,19,35,19,6,25,47,40,96,30,24,70,19,82,64,77,87,16
91,67,26,28,25,23,73,11,43,23,66,13,95,97,12,21,70,13,42,50,79,91,13,28,53,59,59
38,0,59,55,76,49,66,41,57,7,1,59,26,36,75,26,54,71,62,57,79,43,14,15,63,49,41
83,43,63,95,76,57,30,69,70,63,14,80,75,96,82,15,45,87,23,32,0,65,81,67,53,56,2
8,9,84,74,81,23,66,8,28,81,69,50,31,71,58,48,94,39,25,80,78,42,83,62,97,42,84
52,44,27,34,94,46,40,34,19,56,66,62,81,91,54,9,4,71,23,55,36,80,38,41,81,2,100
51,14,91,19,79,8,54,74,85,83,55,22,23,10,7,54,62,44,46,97,51,44,99,81,36,53,68
85,34,12,16,18,70,47,76,59,1,0,47,57,25,7,22,29,31,62,49,67,81,57,11,79,42,73
41,20,25,24,19,37,14,6,45,8,8,36,61,14,67,14,37,10,4,87,70,61,37,54,87,94,68
12,34,78,24,62,0,25,89,27,53,53,15,99,33,47,4,9,48,27,24,23,24,44,14,1,41,17
47,79,16,48,75,28,38,44,90,34,39,92,26,80,22,27,37,63,90,98,99,85,26,23,17,74,5
96,85,7,94,13,44,93,97,42,62,0,14,79,25,32,95,58,89,4,32,49,20,28,56,95,35,22
41,24,52,78,55,96,68,77,11,28,49,6,75,26,46,59,92,28,35,22,35,95,54,4,26,73,17
83,76,57,13,42,70,18,9,53,3,8,12,42,55,97,12,22,63,31,31,79,2,69,42,49,16,30
57,95,48,62,38,6,80,91,22,21,60,26,90,27,88,10,31,68,89,67,53,76,17,31,98,44,48
16,1,57,86,43,70,83,49,9,6,59,97,83,25,33,43,84,35,65,73,37,75,50,68,87,62,68
72,70,6,37,83,12,91,16,49,28,11,39,58,27,8,45,2,2,85,73,39,22,5,15,28,43,36
94,50,67,33,0,68,37,21,36,30,33,97,49,6,31,74,54,52,80,97,34,56,1,18,34,47,97
1,100,8,67,1,24,14,89,72,79,2,98,69,89,94,40,16,19,33,31,29,32,57,67,71,93,26
29,22,57,74,92,74,64,8,23,63,39,44,9,70,54,26,83,15,44,56,4,42,56,65,31,14,31
25,88,3,80,17,43,95,76,1,79,38,23,60,60,13,100,11,42,37,24,60,13,15,6,95,7,26
68,27,30,23,14,24,62,24,59,55,17,69,39,55,79,48,97,98,76,81,78,77,21,5,66,79,63
58,92,90,81,94,43,11,8,20,95,72,31,50,36,80,99,78,24,84,76,83,13,10,21,25,59,3
54,7,65,24,1,89,19,77,29,7,32,26,47,34,71,44,65,58,17,39,5,91,21,48,19,11,32
15,28,46,19,34,85,65,73,85,77,44,35,96,23,75,12,3,77,26,82,58,5,19,12,50,92,56
8,95,46,5,48,0,100,99,67,22,23,34,12,53,90,1,6,20,35,4,1,49,100,58,76,8,15
98,83,74,23,35,76,39,49,61,62,7,21,0,5,29,34,84,35,65,50,36,26,76,78,89,68,63
54,8,97,40,76,54,47,69,60,92,94,55,34,69,38,74,67,3,16,41,18,43,51,93,83,71,25
74,42,73,19,31,39,15,1,29,25,31,18,29,63,33,3,78,63,82,14,52,70,93,99,48,34,39
13,88,34,82,52,91,89,98,8,90,96,83,97,60,28,99,3,1,0,63,16,69,75,71,81,73,24
60,13,62,16,45,19,57,16,25,5,0,22,82,41,45,62,1,73,68,75,25,96,11,61,92,65,68
86,90,67,85,86,83,38,17,58,55,77,12,87,80,4,81,36,48,68,62,67,44,44,60,39,35,31
33,12,99,54,71,83,61,67,88,2,92,14,35,33,37,63,42,77,47,45,59,5,94,82,85,97,90
71,35,87,63,90,6,1,14,40,18,51,53,30,6,39,56,94,9,12,73,88,4,7,20,63,63,7
35,43,30,80,59,97,72,79,0,75,50,83,61,59,69,87,84,55,84,53,58,74,79,97,100,59,89
34,8,66,29,34,3,7,88,5,7,48,33,28,86,98,12,63,77,50,43,84,87,88,72,52,59,0
14,0,75,94,46,97,26,63,47,85,55,58,3,52,26,18,11,4,24,3,41,70,59,77,70,65,85
85,22,18,68,98,41,4,73,71,23,66,89,70,11,48,87,50,89,21,6,39,83,66,78,55,93,84
10,26,89,6,36,88,13,22,44,23,100,42,62,57,22,61,7,100,40,5,52,53,57,33,40,19,55
1,97,34,91,19,60,86,28,22,17,30,89,82,8,68,79,32,70,53,5,34,91,22,34,5,50,61
37,42,5,7,97,4,51,75,45,92,38,51,56,34,33,36,40,36,80,6,85,92,88,68,65,86,95
98,92,20,36,29,25,32,16,4,94,86,49,86,74,91,74,62,10,18,50,26,77,26,85,20,41,94
79,84,8,44,38,94,84,69,85,40,76,24,69,71,65,73,0,40,69,98,48,73,36,12,7,55,33
82,70,87,67,76,15,28,11,53,70,33,36,32,76,42,12,51,47,92,2,42,98,16,48,34,24,86
0,51,44,41,77,63,54,31,8,53,59,67,6,46,13,17,99,15,29,75,54,67,77,59,11,60,50
61,41,51,50,84,27,93,58,50,30,43,55,9,63,88,94,47,90,1,81,16,97,58,33,98,63,72
69,98,36,31,76,66,2,86,63,73,42,55,92,63,91,50,50,12,100,64,51,41,16,17,82,46,16
60,35,25,39,20,80,51,36,93,92,80,66,69,17,27,41,52,30,43,56,50,34,66,17,19,44,38
92,36,10,9,31,34,52,25,64,51,31,94,62,47,61,46,86,71,75,36,1,50,90,47,76,37,46
9,24,15,27,17,99,64,17,45,78,96,100,53,16,26,73,1,87,81,15,66,32,91,54,52,45,96
34,13,57,59,34,87,60,50,42,14,48,31,44,17,86,32,0,30,46,87,79,4,17,51,22,16,0
35,29,56,28,87,23,83,64,99,92,22,98,48,95,49,42,97,22,56,39,38,37,62,67,98,84,32
80,70,53,45,13,91,76,89,35,92,75,35,75,84,81,43,10,73,62,84,25,87,11,56,39,94,87
44,7,73,21,37,18,52,79,38,2,88,90,62,9,17,10,100,37,82,10,89,72,40,23,12,50,16
31,86,81,33,19,37,62,69,85,23,88,29,88,62,43,7,20,82,86,49,82,35,12,63,1,61,90
56,86,54,35,9,40,80,34,24,44,95,95,46,100,4,71,27,25,46,89,2,75,4,5,51,5,97
37,2,20,97,92,52,37,26,100,94,32,50,34,92,63,92,85,32,93,68,3,68,18,73,25,53,80
19,30,49,73,20,64,82,8,4,6,7,95,8,45,53,56,41,5,4,2,21,33,15,49,71,66,60
78,68,55,86,35,60,62,23,96,76,2,75,10,33,30,22,75,74,71,56,61,42,1,16,29,28,67
18,92,89,62,67,94,46,83,21,88,36,57,7,91,64,49,93,31,24,5,55,43,89,22,93,76,52
33,23,69,78,31,17,15,98,98,5,54,23,4,54,78,7,76,93,54,90,60,56,94,2,13,42,0
9,49,26,99,86,45,4,49,44,0,25,34,73,18,56,83,64,60,92,70,95,19,26,5,34,16,85
73,90,6,99,41,99,85,16,60,68,18,43,27,76,19,16,68,64,7,33,80,92,79,31,68,97,77
2,79,49,78,47,85,91,85,44,54,77,54,34,74,65,62,100,54,46,91,54,20,29,76,47,37,77
88,94,2,82,28,55,80,84,78,56,41,59,83,66,43,71,87,62,19,15,21,51,49,29,0,4,94
76,11,50,30,39,36,63,92,99,69,57,69,82,3,23,14,85,23,22,14,9,83,74,61,20,2,14
25,53,41,44,74,85,14,84,82,4,51,43,25,69,77,75,97,51,17,33,62,100,23,40,42,87,10
10,70,42,12,59,71,50,4,82,49,45,36,57,98,37,51,81,68,57,79,89,28,58,0,50,17,77
53,57,33,30,68,21,10,42,82,20,79,11,51,73,41,19,47,73,39,96,97,76,97,55,49,6,2
2,64,2,62,25,31,56,50,31,93,67,93,62,58,81,71,66,18,37,26,51,32,67,5,60,93,12
43,26,29,96,25,23,41,95,21,90,4,36,87,76,30,27,41,1,73,70,54,3,30,61,29,73,71
24,72,58,35,35,75,6,11,57,73,93,53,20,69,99,25,97,95,37,64,29,43,9,67,49,14,9
92,25,44,99,76,35,40,8,11,96,76,44,53,58,34,72,99,30,95,93,55,98,53,94,51,4,7
24,61,97,52,90,24,2,16,40,82,24,4,54,14,8,21,85,79,27,100,27,18,10,33,34,28,61
87,21,23,19,4,97,6,49,10,52,10,26,15,13,22,13,57,50,29,57,70,68,95,57,73,10,33
21,31,66,14,17,70,50,14,32,35,75,59,61,8,69,28,11,33,19,35,61,59,10,68,66,49,54
60,32,80,27,20,20,30,72,91,66,95,0,81,56,41,75,79,64,23,51,7,2,26,38,17,81,44
13,32,94,37,47,74,40,94,57,29,88,75,38,40,71,87,65,97,57,34,74,9,43,96,66,58,41
19,12,100,43,59,93,26,95,11,64,95,68,14,19,7,15,67,56,14,63,12,56,93,75,38,75,58
36,85,71,27,63,69,87,68,91,25,75,79,49,100,68,66,67,18,53,57,2,11,78,57,73,6,83
40,57,25,57,53,74,51,3,69,93,70,63,46,49,80,7,68,3,13,50,50,34,82,21,62,65,67
27,89,39,80,28,23,14,95,56,62,32,87,23,100,83,4,34,1,36,33,5,14,7,88,24,78,82
1,17,95,36,2,17,42,5,18,74,88,92,20,24,34,71,60,63,85,2,19,59,63,23,4,52,39
33,61,96,38,8,3,89,66,56,15,41,71,87,48,54,37,73,1,36,69,41,22,11,16,58,33,44
91,69,2,63,28,77,47,42,61,11,59,8,52,85,44,20,2,47,75,27,98,77,92,0,59,73,42
34,31,23,51,67,99,34,97,51,17,16,68,20,66,7,14,58,38,63,63,75,34,57,15,55,75,28
47,98,7,46,19,18,38,25,57,85,75,64,30,54,42,79,97,18,31,100,34,100,47,52,58,20,90
10,36,88,98,69,65,7,61,81,63,49,11,13,89,48,45,72,23,28,71,64,12,33,23,50,51,89
34,34,44,50,8,99,30,19,54,41,6,20,27,34,29,39,2,80,55,44,79,41,52,39,99,9,64
51,4,26,48,40,8,73,22,19,79,59,0,60,11,75,86,45,38,48,20,35,56,68,89,28,45,51
27,1,98,17,51,22,50,5,45,66,59,0,58,55,26,17,48,69,76,44,57,32,73,95,1,1,66
86,89,79,53,79,69,29,47,46,68,15,54,58,52,49,37,36,14,5,16,74,66,42,22,78,88,76
34,12,15,22,19,32,32,11,91,48,77,27,59,80,87,0,86,43,79,94,73,5,37,34,29,41,80
3,14,40,17,48,56,54,4,17,83,24,91,12,39,7,56,20,74,54,28,35,8,84,14,100,89,33
78,9,73,48,9,85,84,93,63,76,22,73,90,60,72,24,33,89,60,31,24,44,65,27,81,21,43
21,98,52,71,85,96,100,1,90,52,12,10,51,91,75,8,16,8,45,60,48,87,59,41,8,91,27
68,71,17,89,42,69,10,42,89,82,6,78,10,56,18,69,41,32,1,62,33,96,18,18,47,81,9
64,15,90,26,45,32,69,31,78,93,22,49,10,69,3,47,48,60,67,29,3,49,43,74,70,78,57
40,55,64,56,1,40,86,64,44,67,46,57,89,63,35,64,31,4,3,50,3,88,1,67,72,32,67
59,73,77,92,99,48,59,8,18,36,15,67,70,18,93,25,14,26,55,63,59,46,90,47,15,33,84
73,70,6,94,61,88,94,72,44,36,100,99,78,45,92,63,5,20,10,6,76,37,5,9,76,33,99
29,12,36,40,84,17,19,21,40,19,1,14,84,61,80,68,100,98,51,2,43,63,6,83,97,71,75
31,58,58,57,36,12,57,76,64,28,99,9,5,5,36,87,58,95,13,17,65,38,42,59,29,41,20
15,10,100,44,45,94,29,54,65,11,3,34,73,40,51,57,69,97,36,53,59,49,67,99,26,39,79
92,10,47,17,83,39,28,14,28,32,100,13,53,69,48,28,100,31,73,41,88,34,5,64,48,59,95
55,54,77,34,90,31,38,31,6,53,72,88,54,27,79,8,0,38,30,97,86,29,27,40,28,10,5
0,27,22,39,26,19,22,97,11,82,0,21,42,21,31,90,93,0,29,39,32,84,52,6,48,26,82
6,89,65,48,41,81,28,80,76,63,38,61,46,69,8,81,42,78,44,10,3,31,33,27,34,18,19
19,31,79,31,17,16,56,82,41,6,52,40,27,41,10,51,92,30,13,2,98,12,43,76,50,33,56
74,89,77,68,93,97,75,19,66,99,72,5,77,42,45,74,88,57,60,64,81,29,49,50,37,73,1
25,56,65,83,87,78,24,76,14,31,0,49,36,95,86,91,46,4,36,43,33,69,3,24,32,39,5
2,94,30,5,56,47,4,59,99,96,70,89,44,69,61,55,59,8,14,42,27,95,42,13,93,46,18
48,98,87,83,26,7,14,75,33,35,15,92,98,58,38,27,43,21,79,37,85,94,22,39,27,13,40
28,34,88,31,59,91,80,55,17,16,29,81,48,0,52,11,82,40,90,26,90,61,93,11,27,91,43
95,99,8,91,74,86,99,5,29,63,51,36,34,94,4,2,70,0,84,89,10,55,100,46,33,0,97
56,34,80,45,90,8,61,47,87,3,14,27,6,42,16,92,20,92,6,43,7,95,77,100,17,76,29
18,76,9,70,92,82,72,25,49,95,77,15,40,46,52,13,25,49,74,45,13,30,54,39,45,94,15
56,97,45,19,23,10,46,26,85,97,26,0,19,29,53,19,36,2,84,43,42,57,82,84,32,60,58
22,65,82,90,87,51,79,96,22,47,16,40,99,21,57,42,89,70,21,33,87,25,95,65,32,60,5
38,35,19,67,35,33,14,29,18,97,24,73,27,23,77,54,28,32,83,37,47,51,36,42,57,85,68
86,19,0,47,50,33,34,89,74,94,62,84,5,42,86,66,33,2,11,37,40,71,76,64,81,44,94
28,45,74,29,11,98,48,43,6,78,82,67,11,80,9,1,33,70,18,46,54,18,91,15,16,9,21
68,12,15,23,21,45,77,51,31,48,82,56,8,57,70,70,3,66,46,7,40,32,89,36,99,75,49
90,7,88,52,56,90,64,80,97,81,96,0,33,25,25,98,70,30,30,88,27,87,56,93,87,72,69
50,54,41,52,82,84,22,88,3,49,27,77,87,23,91,26,78,43,57,86,30,61,55,0,22,61,75
56,8,85,83,94,6,13,80,9,78,62,40,43,24,30,52,88,20,42,82,92,15,1,77,81,77,14
73,24,29,32,37,57,61,52,87,2,58,98,93,79,46,16,45,49,43,34,20,8,45,25,75,20,95
37,35,99,22,38,58,22,96,12,52,53,47,65,15,86,20,17,99,62,5,64,35,90,96,29,39,21
75,77,40,85,75,16,58,8,28,44,62,43,83,9,9,35,89,66,72,27,21,94,49,64,72,27,100
35,28,32,93,54,82,69,31,11,41,71,83,82,73,44,92,42,84,89,32,77,17,22,9,0,68,74
28,82,30,14,6,40,80,14,67,10,15,12,32,31,53,57,11,81,74,1,16,69,75,10,4,9,97
7,91,84,61,42,86,42,5,25,64,34,95,68,61,25,31,59,78,1,76,5,58,100,35,51,76,7
92,71,59,24,92,96,54,99,19,5,39,46,35,49,19,14,76,10,62,70,4,75,51,100,65,60,85
32,94,16,91,17,100,57,43,76,80,4,69,8,70,6,38,27,33,4,47,51,19,21,43,87,39,58
38,3,73,73,82,46,13,98,78,80,68,62,96,37,63,50,11,87,61,44,97,61,0,3,39,57,99
33,17,45,34,52,47,84,11,5,24,7,2,53,57,45,39,67,55,52,5,93,2,56,5,32,78,8
78,74,23,71,89,99,36,39,9,57,20,78,70,35,27,49,81,70,82,32,95,80,18,63,28,57,99
63,37,16,48,48,19,96,89,43,97,53,85,29,69,72,15,78,44,94,32,49,56,19,43,51,65,31
28,53,53,95,63,18,7,66,52,83,48,12,58,20,85,14,24,89,52,99,51,86,90,62,22,13,19
99,44,88,62,73,57,39,85,73,48,37,31,79,32,86,84,71,52,28,95,44,36,51,80,22,25,85
18,42,47,13,64,95,4,77,49,13,87,88,26,43,26,7,85,83,24,86,5,81,83,50,47,62,86
21,74,65,74,55,68,42,5,77,34,9,28,29,61,67,45,92,14,59,53,79,63,12,17,34,97,24
48,37,21,74,96,82,84,19,64,42,25,35,43,39,58,91,46,6,88,17,75,30,50,1,15,76,75
48,77,92,97,95,74,10,49,64,55,10,11,30,43,88,11,75,79,30,60,40,63,25,17,78,42,52
53,48,39,82,66,36,43,21,0,76,71,7,34,48,5,27,77,40,17,79,35,17,18,86,64,36,22
54,40,69,84,69,19,95,20,62,89,87,22,31,47,84,90,61,35,100,70,92,65,35,36,19,47,1
63,80,44,90,81,18,88,61,74,28,66,33,32,50,56,97,68,20,23,47,75,79,37,11,93,2,73
28,59,19,42,95,92,27,46,5,94,91,18,97,11,59,6,86,91,70,11,63,1,3,4,95,26,92
75,47,50,62,87,15,5,30,0,29,57,27,77,51,15,40,7,80,41,46,56,7,40,90,13,78,60
96,21,95,89,42,54,54,20,5,94,56,57,85,81,91,92,80,54,59,100,32,62,27,100,8,7,11
4,67,98,83,40,94,36,49,48,63,98,36,49,67,41,45,85,97,96,68,8,51,35,5,20,85,46
42,98,35,44,71,57,10,97,49,33,20,27,53,57,91,9,5,81,14,19,1,8,25,10,16,62,51
21,5,34,32,100,96,14,99,2,39,94,21,32,91,98,81,88,87,23,14,30,75,48,0,65,44,9
90,66,97,3,61,47,8,12,0,57,53,25,55,24,6,79,53,27,46,78,31,14,73,48,71,100,7
75,14,71,66,48,29,71,50,66,29,76,3,12,94,18,69,42,28,70,97,94,63,100,100,49,82,100
58,21,30,79,86,84,50,3,71,88,16,92,9,87,89,55,67,13,20,22,75,83,72,42,70,10,24
98,100,20,0,34,14,72,26,55,86,50,52,85,77,100,47,7,13,7,5,23,88,17,57,79,87,38
61,13,49,88,22,88,80,57,34,56,69,33,91,67,32,15,87,56,99,87,35,97,69,96,91,69,51
47,85,58,70,25,57,11,51,93,63,53,8,46,6,84,64,88,32,26,91,46,87,44,62,61,94,91
64,17,79,74,41,87,41,95,93,53,26,36,72,76,29,58,1,74,2,84,47,15,51,82,48,55,55
77,4,84,16,53,95,40,82,89,92,0,41,22,20,87,38,53,18,13,63,19,94,80,57,45,64,42
36,87,93,99,20,75,71,23,10,34,70,30,56,52,47,92,92,89,47,4,68,78,32,34,29,92,28
81,91,73,34,35,53,18,0,31,44,6,74,49,59,9,59,31,89,85,61,92,62,68,29,64,79,4
34,41,71,80,83,81,68,39,6,9,42,93,15,29,75,55,84,72,29,34,62,77,95,66,44,31,97
27,83,10,89,72,25,33,93,92,90,71,41,13,10,79,100,40,8,64,68,100,32,38,76,28,28,25
45,24,47,88,72,10,70,62,68,92,28,64,65,94,73,83,73,83,61,70,78,32,74,11,23,68,14
91,50,75,86,62,69,37,78,51,88,95,32,89,86,44,14,89,52,32,2,38,37,54,21,17,22,68
57,44,25,25,24,21,19,63,96,14,33,24,43,93,1,92,10,0,77,77,73,74,35,34,1,40,57
23,94,28,95,87,63,31,61,76,3,55,86,56,70,31,51,95,93,25,58,21,41,47,51,43,1,1
62,65,81,78,33,56,98,27,88,16,64,20,97,88,67,18,88,94,99,4,21,23,10,29,59,40,3
27,9,75,67,73,47,82,63,47,85,60,64,35,51,28,95,85,34,87,70,50,81,83,23,82,94,98
89,63,51,23,92,65,30,54,48,15,43,15,88,72,4,9,49,92,74,46,54,7,82,100,53,84,46
98,51,99,21,28,34,61,89,2,25,92,86,92,16,6,11,23,34,9,62,26,36,4,21,41,16,69
14,62,61,90,37,51,61,58,11,8,94,30,94,77,30,5,99,14,88,27,9,77,79,88,39,30,80
21,7,63,27,75,54,79,10,28,15,34,25,9,44,47,31,49,85,63,69,12,77,74,80,94,46,81
67,50,21,74,32,29,32,12,62,27,83,29,31,12,30,26,43,21,8,99,85,54,26,73,34,30,3
55,10,87,95,47,53,44,32,92,33,36,52,52,95,64,9,46,9,23,63,33,23,8,61,86,77,50
68,5,69,83,8,97,36,100,12,35,33,29,17,74,87,74,29,87,64,0,47,63,65,92,23,9,30
74,99,52,49,49,20,26,85,12,68,20,57,78,97,98,33,69,60,31,89,82,84,39,14,80,11,72
87,33,62,75,23,3,53,49,36,72,81,2,49,46,82,11,37,12,60,79,31,34,21,47,8,64,31
50,99,57,31,94,44,69,54,36,14,32,100,61,19,84,12,1,5,59,55,20,12,6,18,29,78,29
36,57,69,79,7,15,30,79,65,100,15,53,85,8,25,89,71,89,12,90,71,77,26,28,75,27,73
47,59,93,75,59,9,3,6,72,21,90,25,68,15,95,76,66,36,99,10,5,60,96,14,90,13,83
12,28,65,96,22,38,82,18,68,3,1,76,54,31,10,31,65,95,65,57,39,84,66,69,16,8,37
21,75,65,3,46,23,51,41,69,90,51,67,42,54,67,41,56,28,23,82,68,83,98,35,66,45,8
2,83,30,52,72,3,82,52,0,59,47,38,70,85,27,31,17,40,77,26,13,56,67,74,61,82,70
96,62,97,9,66,28,25,29,51,46,23,41,8,63,78,69,79,86,21,27,70,81,54,47,30,44,30
16,18,87,59,88,97,98,66,87,21,98,26,65,11,73,48,21,87,61,17,41,57,38,94,72,66,40
48,89,96,49,89,32,14,26,33,6,70,38,73,11,83,63,23,9,18,53,86,61,95,8,79,64,82
67,37,74,2,15,12,74,63,83,79,5,41,1,38,93,68,16,46,1,79,6,30,58,37,89,35,18
64,9,55,13,91,62,81,42,24,73,66,48,57,43,11,97,89,90,24,28,37,34,31,68,38,90,66
35,91,89,73,23,98,50,46,55,1,33,52,0,42,4,24,99,62,52,98,43,96,78,70,28,36,2
61,32,57,41,2,47,62,20,29,58,56,32,5,95,75,49,85,24,89,91,68,57,11,71,83,86,5
42,57,61,76,80,33,24,57,53,92,15,10,24,82,70,100,38,81,36,30,60,95,69,86,27,48,64
74,23,0,95,76,14,24,81,19,49,1,87,86,23,59,43,42,29,98,89,84,7,51,19,45,51,9
71,29,100,92,23,89,83,45,64,32,68,43,47,12,80,79,33,10,77,62,44,79,6,52,58,47,95
53,56,88,76,64,84,84,64,34,47,76,59,87,13,93,58,11,90,77,93,52,24,82,19,77,41,80
59,36,19,64,10,97,79,73,91,29,17,36,4,10,20,20,72,67,34,86,89,53,14,67,67,78,64
40,30,71,47,18,79,78,93,18,90,21,88,80,33,57,78,91,98,61,58,96,35,76,1,35,53,72
35,48,64,91,3,75,27,64,22,64,28,35,75,55,51,4,0,95,70,31,65,15,39,70,89,50,2
40,50,46,21,58,41,30,16,1,41,96,32,35,46,17,73,57,24,50,46,43,41,83,86,53,28,53
77,94,52,24,73,43,49,89,4,71,82,9,97,18,55,44,43,22,54,79,33,89,65,35,1,34,58
49,74,71,40,59,84,21,32,59,69,71,39,53,26,97,70,16,5,16,28,33,50,100,86,60,3,41
81,7,88,3,20,87,22,56,97,41,30,54,13,58,62,61,87,9,30,73,58,23,7,72,67,31,72
10,55,14,76,83,20,90,72,2,71,27,51,58,22,52,94,76,97,66,19,38,72,95,67,85,32,60
97,73,10,63,26,94,53,52,30,72,35,29,39,73,31,11,79,0,28,50,75,31,34,81,92,36,55
70,81,42,43,75,95,32,97,58,34,31,75,11,50,59,64,3,85,82,75,14,26,84,72,2,85,12
14,5,51,96,99,18,89,78,61,71,86,15,67,64,7,8,32,4,56,91,13,11,12,24,96,94,38
1,50,76,46,84,58,95,6,12,27,18,37,43,90,55,97,88,83,97,74,83,21,87,50,57,20,39
16,51,55,83,65,28,95,92,6,96,11,9,50,40,0,59,2,76,16,40,36,76,24,8,0,12,44
69,42,93,10,61,78,58,61,62,42,97,51,10,56,68,80,62,68,92,79,0,63,42,88,89,61,96
7,85,16,86,80,76,21,37,91,60,84,19,44,29,76,78,83,53,37,56,71,28,30,56,40,22,81
58,62,71,86,95,12,14,22,78,64,55,93,93,86,8,58,88,64,41,48,4,12,76,81,47,68,11
88,17,32,100,33,36,79,28,60,44,9,12,11,20,8,79,34,94,1,20,39,49,83,93,35,94,16
88,78,82,89,60,9,61,10,10,14,66,7,30,48,97,15,33,82,80,41,36,8,81,28,93,60,64
12,65,38,75,63,69,49,34,26,91,90,29,27,85,1,91,24,14,40,26,68,85,5,24,9,54,70
95,47,98,27,7,43,74,35,50,56,22,82,99,19,24,48,97,74,66,86,6,85,86,47,100,86,34
26,22,32,64,25,46,15,89,16,71,82,36,80,72,66,3,85,47,40,50,56,36,2,43,51,48,28
59,73,68,55,55,81,51,65,14,29,63,72,45,30,40,50,0,26,11,4,49,17,42,32,53,79,77
67,40,1,77,68,33,9,55,28,77,74,94,34,42,52,50,40,51,85,53,35,9,28,78,55,95,77
97,39,51,72,94,28,25,94,94,42,19,22,62,18,56,52,85,19,94,30,72,51,64,15,35,47,8
15,42,17,88,21,55,39,93,2,85,88,54,42,88,96,8,57,9,84,23,23,60,8,86,36,40,7
17,18,54,81,89,34,9,83,62,98,43,38,3,24,36,32,50,9,21,31,100,99,21,86,43,75,38
51,68,39,19,20,57,83,57,72,16,34,41,35,91,19,12,22,16,32,50,93,5,7,0,52,74,12
40,78,46,16,32,33,19,13,87,42,49,4,22,53,79,9,60,88,29,75,48,29,12,44,61,10,46
94,52,1,74,78,92,90,16,8,54,64,43,37,54,51,54,30,52,7,28,6,34,0,19,99,39,24
23,56,31,16,16,12,95,41,39,99,69,23,0,79,56,75,49,51,28,19,4,38,39,77,97,49,1
78,41,15,84,91,73,88,79,47,96,9,64,47,36,77,36,4,90,45,18,59,87,73,99,13,4,98
81,7,81,74,40,39,25,79,6,30,90,56,75,88,9,47,73,28,64,81,65,11,66,38,93,71,47
17,98,83,98,9,81,94,53,40,11,16,74,12,35,30,60,44,49,4,47,88,20,28,68,57,82,14
96,22,8,45,67,72,68,46,75,47,58,81,36,48,38,68,60,73,29,38,76,57,56,25,31,30,63
16,5,53,40,98,97,62,79,7,18,67,47,79,93,90,80,9,28,16,83,85,90,31,58,74,89,68
45,99,97,20,62,51,98,33,38,89,25,64,88,21,44,95,96,36,100,21,71,70,67,24,1,18,57
37,44,56,44,56,53,66,60,75,20,85,25,4,24,7,79,19,20,37,58,57,50,45,44,19,28,78
52,80,15,21,90,93,0,89,59,32,94,57,1,33,96,44,29,2,74,52,45,50,4,33,24,81,46
53,21,81,99,18,76,81,50,35,10,80,67,1,47,95,11,14,83,27,85,92,78,78,45,23,44,62
26,80,19,56,23,92,27,38,8,63,45,44,62,61,66,5,45,71,29,72,31,54,46,13,11,48,21
31,8,55,58,35,28,58,92,7,86,89,18,51,8,92,94,19,57,15,43,27,94,58,48,57,14,82
90,95,54,7,19,6,18,55,29,91,6,29,59,93,37,22,92,41,8,20,63,96,5,99,97,25,81
82,97,53,65,59,10,0,36,69,71,37,37,62,56,10,8,67,4,96,11,36,0,91,90,15,48,14
52,53,92,25,20,83,5,88,48,26,10,80,34,51,36,17,31,70,68,52,24,49,98,43,22,4,55
39,62,0,29,39,97,64,95,81,35,26,93,9,21,50,14,44,14,49,100,24,41,83,9,35,40,83
31,57,9,54,85,94,19,7,98,28,88,95,80,20,38,45,95,61,33,42,17,2,76,26,75,89,56
93,8,11,71,84,30,3,16,30,42,78,29,27,9,18,32,32,57,23,61,52,39,57,38,48,84,20
21,84,81,73,84,0,45,56,65,21,43,27,39,66,94,73,77,82,71,80,44,77,66,7,77,89,45
15,42,4,96,99,27,44,37,70,24,82,0,9,89,9,99,62,52,16,67,28,41,53,18,76,52,14
62,59,32,6,100,73,48,58,53,68,50,59,75,77,9,55,96,13,57,21,26,64,41,100,40,53,62
88,72,33,49,42,32,76,100,24,56,65,49,85,5,27,5,89,7,83,41,33,56,58,58,53,3,28
58,60,69,22,20,5,7,0,67,25,66,29,17,60,79,55,94,2,8,98,43,12,10,41,31,83,71
49,45,61,72,42,16,34,77,38,70,39,63,22,65,79,81,8,28,19,84,90,36,43,89,36,11,82
11,52,69,3,81,1,64,97,60,79,68,96,35,56,77,51,77,98,31,66,18,78,29,58,96,0,80
15,78,26,17,100,90,91,36,33,74,83,63,76,77,8,22,45,7,45,47,6,42,76,13,10,91,36
89,53,24,63,31,75,63,86,43,98,1,12,50,29,62,1,96,92,92,0,20,64,6,74,68,38,76
61,25,73,12,83,94,83,38,33,72,36,59,40,59,57,51,34,91,75,68,56,28,41,21,90,51,28
73,96,82,94,74,20,53,67,36,37,14,70,78,16,100,67,53,40,47,10,64,87,27,66,43,52,85
61,89,41,31,46,18,36,52,3,1,24,11,1,1,10,15,82,25,61,40,48,98,64,36,35,65,22
89,16,56,86,24,99,80,53,67,18,43,71,26,59,70,43,20,29,80,79,45,16,56,98,15,19,60
34,93,25,97,99,8,84,82,72,41,83,82,16,68,72,47,60,14,83,19,75,22,84,4,59,34,12
66,80,78,46,83,21,69,73,50,66,89,69,80,96,29,61,49,70,49,53,76,9,70,8,74,54,34
20,7,18,59,3,80,24,48,36,29,92,27,46,12,79,38,14,65,54,31,13,27,0,77,63,94,62
8,6,88,61,83,25,34,73,8,82,45,20,59,26,26,86,2,28,59,77,100,92,42,2,21,6,20
73,45,18,19,66,17,24,70,98,30,96,25,100,53,20,58,80,79,3,18,58,33,70,66,56,55,44
51,76,70,44,29,12,81,92,80,25,96,75,97,31,32,72,8,5,68,78,100,71,28,51,13,77,56
99,87,44,57,91,33,2,95,11,43,73,100,32,65,64,54,10,89,6,54,98,81,62,98,15,14,5
56,40,98,6,88,35,79,24,6,93,43,53,99,79,84,47,69,14,48,26,61,22,84,96,12,80,90
21,10,4,14,72,50,76,51,84,16,7,83,80,88,65,54,13,39,82,52,61,69,80,88,54,100,43
54,9,85,54,93,4,12,11,26,51,26,75,28,37,26,3,16,17,46,48,37,29,67,24,33,89,72
8,56,27,2,95,71,3,91,77,17,19,100,46,16,48,0,53,69,48,92,77,97,45,98,79,87,85
18,62,34,80,18,37,47,82,28,0,89,77,39,39,76,78,53,21,93,5,17,54,53,59,64,78,97
1,5,85,8,15,8,37,32,76,55,85,52,79,88,60,21,88,83,70,12,80,56,63,16,17,30,75
64,12,85,41,47,36,63,90,69,88,84,5,54,95,71,85,4,70,10,66,48,32,78,24,67,52,60
86,80,97,82,90,33,71,26,23,94,96,35,17,67,35,77,76,62,12,61,36,71,47,63,72,43,91
57,20,45,76,47,56,83,2,23,83,70,100,20,31,30,26,94,0,20,29,45,79,21,31,97,38,24
53,59,36,52,39,37,20,25,61,46,55,79,15,18,100,79,40,45,12,43,48,76,39,32,74,63,36
1,71,6,55,24,42,41,28,44,91,35,51,86,72,9,76,58,57,2,40,24,21,32,60,97,47,79
47,91,65,93,4,90,31,67,8,18,69,47,0,67,74,22,79,1,83,61,89,42,5,46,28,5,39
35,50,87,15,11,78,37,23,87,3,63,75,47,54,72,98,77,37,92,62,29,36,35,36,77,3,45
22,61,5,15,19,23,42,7,44,61,7,27,61,29,96,56,56,39,48,27,78,92,42,59,46,69,97
72,28,51,94,39,76,94,33,32,18,87,26,26,50,49,48,22,20,91,7,25,97,9,9,21,58,30
16,50,12,23,30,69,19,87,93,1,15,69,75,29,11,87,20,85,7,97,38,15,23,87,96,16,9
68,83,11,11,49,54,50,30,62,24,44,55,2,41,87,90,93,27,81,67,45,100,25,93,93,18,4
35,2,47,89,40,12,25,66,18,98,93,36,46,12,43,14,80,56,47,88,43,38,73,9,98,32,71
78,34,58,96,35,33,44,78,18,78,8,70,74,95,60,15,6,62,68,34,29,94,18,44,90,41,86
55,84,95,85,56,22,59,99,68,91,19,16,17,35,83,79,59,62,45,50,26,49,55,57,3,97,1
33,89,62,32,92,63,49,34,46,16,1,22,27,30,98,88,30,90,54,10,58,35,7,72,24,92,66
74,10,65,26,100,33,17,68,68,25,69,39,26,12,44,82,70,98,20,99,50,2,0,96,71,74,82
35,94,0,60,30,57,50,14,65,30,98,99,19,53,33,73,73,13,42,84,38,55,18,89,79,55,55
59,81,11,94,24,58,76,39,77,60,96,46,88,65,88,62,66,1,45,57,13,51,23,31,74,4,62
29,6,98,79,89,85,78,57,7,19,89,28,94,93,35,54,97,13,55,76,9,83,60,69,50,16,75
5,43,20,0,57,97,10,66,11,65,61,15,63,40,6,40,47,48,17,96,37,49,76,74,90,87,42
67,88,66,40,27,58,84,32,89,24,14,47,93,36,56,42,98,67,19,95,26,12,50,100,66,3,100
27,32,73,32,60,78,47,78,43,60,40,62,2,54,65,19,93,38,79,35,13,75,15,25,13,27,49
78,13,40,67,78,6,25,24,96,53,41,34,72,95,50,53,96,66,19,90,22,33,7,26,14,5,6
52,88,68,39,76,5,70,59,59,25,74,21,66,10,49,24,53,96,30,52,61,42,44,87,94,77,55
66,38,86,86,65,3,67,8,90,12,40,82,25,10,35,64,44,96,75,54,55,0,97,41,10,85,44
73,8,78,91,72,32,40,54,98,49,8,35,75,90,80,55,40,51,91,62,61,49,16,59,75,16,61
7,100,43,13,4,18,67,35,60,90,51,56,44,58,0,67,72,67,84,27,40,7,89,80,88,93,17
65,16,86,9,51,87,16,46,39,16,65,72,61,91,95,31,14,38,45,51,22,76,46,22,42,39,44
70,74,100,19,78,50,52,60,56,89,43,87,72,5,64,11,45,37,25,75,89,67,37,41,68,64,64
38,51,93,0,97,97,96,45,9,79,29,87,43,49,6,1,11,4,47,39,78,41,75,26,26,94,11
63,59,92,65,53,90,90,1,14,40,62,45,59,14,10,46,4,49,88,89,87,55,54,47,80,66,62
54,66,99,74,94,35,86,97,85,48,100,93,9,62,2,87,58,62,83,80,35,87,99,7,98,81,6
73,78,44,71,38,43,92,72,15,79,81,8,20,0,99,39,10,80,96,57,95,17,58,24,25,2,10
53,74,80,88,39,88,100,43,40,30,60,14,22,96,52,55,55,63,38,97,47,94,39,15,34,0,65
90,18,100,29,68,82,96,13,28,56,78,97,21,44,62,55,14,93,48,52,1,28,13,2,78,6,42
9,67,26,42,14,55,53,28,82,100,2,91,22,85,27,65,24,23,71,49,87,66,96,74,98,13,46
66,0,15,44,26,62,100,17,27,38,77,77,92,21,88,29,74,31,57,79,35,22,76,96,86,23,41
91,15,36,11,84,83,84,50,35,20,44,93,55,18,21,99,98,68,9,80,38,58,93,2,62,5,9
85,84,51,6,60,19,80,20,7,36,27,21,53,96,36,99,36,82,69,52,56,2,13,66,42,70,9
100,70,21,56,72,48,35,82,51,39,87,74,61,30,100,45,16,26,100,52,51,12,70,4,82,94,21
39,65,27,3,79,80,48,38,100,75,27,18,15,64,16,21,20,60,4,8,86,86,18,11,30,85,69
47,67,67,95,54,1,95,32,3,12,1,66,61,67,10,65,57,64,59,33,60,81,17,52,16,84,34
18,29,52,30,89,61,63,19,97,14,79,25,4,78,25,45,11,25,7,4,60,67,2,50,25,100,58
77,89,69,58,30,73,14,91,83,60,92,89,10,50,7,82,68,9,28,96,16,9,47,65,72,85,19
67,23,12,23,59,45,59,85,95,27,81,14,65,40,93,61,87,8,2,72,5,48,52,88,0,10,0
82,90,60,35,54,55,59,97,96,92,84,12,29,88,76,51,73,17,23,87,68,7,40,100,12,59,99
41,4,82,91,72,6,55,14,97,17,27,33,69,98,93,41,29,4,52,65,38,65,22,65,61,90,31
96,25,67,53,1,18,88,71,98,49,4,56,45,39,26,99,41,75,85,33,5,89,19,47,49,2,74
8,59,99,58,60,72,96,71,9,50,28,27,94,62,42,76,57,43,73,56,51,31,81,22,11,93,69
67,1,65,3,76,32,47,56,93,33,81,59,45,56,38,79,76,68,24,64,85,25,49,40,55,48,96
23,61,68,22,97,41,51,45,90,35,73,92,26,52,42,42,67,28,83,91,16,43,14,2,14,32,80
58,84,86,23,80,21,92,69,20,31,70,6,24,64,56,33,50,53,83,54,88,1,11,28,27,36,99
99,71,22,76,92,57,39,19,65,97,72,31,40,91,28,80,83,70,66,92,49,13,72,41,45,17,32
9,87,50,35,84,10,62,76,36,96,48,20,5,24,18,87,64,69,71,25,49,72,89,77,9,21,25
89,90,52,11,62,7,69,92,44,81,22,64,82,54,52,76,44,10,0,92,43,61,21,59,82,43,94
42,74,34,79,72,15,31,65,81,58,69,7,20,46,98,57,21,23,46,59,34,1,58,37,91,81,84
79,55,88,63,8,81,33,81,55,12,70,96,12,54,62,56,22,9,1,77,96,75,73,96,88,11,76
58,96,15,41,50,62,100,69,1,97,36,14,63,23,22,26,15,21,6,40,88,50,37,33,30,27,56
2,25,81,20,82,4,42,66,99,10,14,26,63,20,79,88,98,11,30,49,61,91,40,26,3,48,37
9,68,61,66,32,61,100,82,77,51,25,49,48,4,42,80,21,41,77,52,32,78,95,32,64,71,48
39,52,33,73,76,89,16,33,36,94,44,20,17,78,93,31,73,35,94,100,15,20,58,49,1,73,6
91,90,49,18,13,0,68,71,89,49,10,73,47,32,70,31,6,4,51,31,19,62,69,99,13,51,10
63,89,32,76,63,100,96,29,16,17,68,89,22,34,62,46,31,70,54,64,50,92,39,64,79,91,100
8,28,64,87,72,73,0,65,70,98,82,17,16,46,60,45,9,19,67,36,35,20,84,100,71,76,60
31,94,14,53,8,1,45,53,65,98,6,5,11,40,87,5,8,57,85,70,30,6,19,85,19,80,19
61,69,45,22,78,1,26,80,29,80,89,20,6,72,88,70,100,5,6,7,38,62,60,91,59,18,94
86,6,29,85,55,89,33,16,35,83,72,31,12,38,94,10,23,91,98,77,91,54,18,30,26,36,26
49,47,55,31,95,2,53,43,19,55,40,62,64,67,13,40,54,58,13,81,69,94,36,53,46,67,54
89,47,60,23,37,49,35,69,89,70,77,31,69,67,61,16,28,85,98,11,64,37,56,24,73,13,78
78,17,55,1,97,38,61,86,92,44,83,71,95,8,29,82,15,14,80,80,18,91,2,20,44,10,85
45,49,42,97,100,60,92,58,77,14,1,79,34,97,97,26,13,49,47,30,60,31,75,95,66,2,10
23,93,72,100,90,50,15,7,95,10,18,26,6,79,95,2,45,24,31,57,48,63,42,83,55,11,54
10,20,15,91,38,43,21,55,32,6,87,70,43,35,94,60,98,18,86,54,47,55,17,94,95,12,13
59,93,43,84,48,77,80,31,31,100,23,40,83,0,53,12,84,30,90,84,72,14,48,93,95,36,94
29,16,88,76,82,15,95,87,61,27,40,21,5,47,82,14,43,70,63,25,39,41,25,40,80,44,0
96,61,100,36,12,16,54,74,92,80,24,81,73,85,84,23,74,66,2,28,54,36,82,85,75,35,57
36,65,91,100,63,47,75,35,94,13,94,68,59,56,11,63,38,45,79,83,44,11,48,72,6,22,66
71,57,32,50,34,49,5,7,25,8,44,14,79,92,8,100,17,19,42,22,27,3,95,7,41,11,87
56,45,74,2,54,67,47,74,18,70,92,87,10,96,38,29,18,54,31,2,56,39,48,1,34,93,97
54,38,84,63,58,25,19,69,53,10,82,63,85,59,99,91,24,57,31,69,83,93,1,53,95,12,14
70,80,64,7,7,77,45,52,73,91,79,19,67,46,50,43,55,8,26,76,45,46,37,64,74,70,4
95,51,44,53,93,75,80,87,26,37,59,49,57,51,2,19,40,96,6,38,67,14,51,36,81,81,55
40,27,62,50,14,36,34,80,45,38,91,64,15,67,63,14,10,84,89,38,94,98,30,15,9,94,74
42,8,44,91,90,2,12,71,7,56,80,91,22,33,75,0,80,93,1,15,59,73,50,12,31,24,43
69,0,9,94,31,96,94,10,83,46,85,64,35,83,8,78,98,46,49,1,66,98,76,85,64,11,27
26,86,38,26,26,47,81,90,37,35,94,69,26,49,13,32,17,97,22,49,45,25,71,9,37,61,37
93,11,35,73,75,23,78,76,78,0,48,9,79,84,32,75,85,61,1,26,58,97,5,100,16,62,37
22,9,43,88,96,82,45,12,39,33,79,29,22,88,25,60,48,30,33,8,86,32,90,34,64,29,0
54,85,87,9,8,5,46,83,59,79,66,45,48,2,82,35,20,64,16,63,93,70,11,16,44,96,23
16,52,34,14,99,44,77,29,41,50,26,40,39,27,31,65,48,66,93,81,80,31,11,74,44,88,33
6,38,67,81,46,5,72,88,47,88,68,34,95,53,25,25,90,80,54,50,87,91,71,46,61,65,76
19,1,98,58,17,37,17,30,21,98,97,98,0,27,84,51,91,87,22,0,81,74,26,12,24,47,15
10,78,21,98,58,16,78,36,98,47,90,29,37,99,100,9,6,0,63,69,100,98,74,48,32,39,39
32,90,96,85,85,69,43,93,33,40,67,9,72,96,20,48,82,29,16,81,5,97,82,31,92,0,15
4,37,67,29,8,58,43,84,36,51,38,67,36,3,20,95,77,81,38,74,31,92,8,35,12,82,62
27,2,7,30,57,57,16,98,59,84,37,41,61,44,51,28,70,15,64,77,41,29,28,61,29,23,35
38,78,51,97,50,60,0,57,0,69,42,52,57,34,43,26,78,82,9,60,82,19,67,56,34,8,19
95,20,35,24,61,32,34,32,73,27,22,84,39,88,70,74,51,71,40,48,19,15,29,80,38,5,35
71,63,85,84,37,19,11,12,74,46,73,76,60,43,1,19,63,71,66,64,74,79,15,45,58,89,16
78,96,94,31,37,72,14,51,26,29,17,79,40,48,88,69,45,98,66,23,78,39,6,87,83,18,79
62,51,15,9,61,5,3,28,58,68,48,67,78,52,94,51,89,20,73,6,84,9,48,90,100,22,37
59,92,71,88,16,43,89,93,31,71,33,20,98,0,99,92,60,95,28,94,33,13,49,61,75,12,62
9,51,78,70,36,10,73,68,67,70,22,75,82,61,82,80,17,43,71,20,85,64,0,89,15,57,88
11,31,48,87,91,61,84,94,17,39,91,7,1,43,49,25,67,66,84,82,1,60,45,9,38,2,62
86,93,80,54,64,81,83,74,71,53,9,44,63,85,48,7,48,48,79,62,96,31,88,57,12,77,55
51,6,20,62,9,61,73,16,63,78,49,19,93,89,15,86,45,74,82,58,73,71,68,28,67,96,40
90,31,62,53,62,4,42,33,59,61,93,82,65,66,84,34,8,26,4,98,93,14,62,9,21,100,67
96,83,14,45,32,59,22,80,81,95,59,19,28,88,34,43,13,32,62,1,16,10,30,3,85,66,99
75,4,95,78,61,4,28,70,73,29,5,61,24,30,8,40,90,79,83,65,63,50,61,56,96,18,30
3,64,30,80,2,12,17,75,61,40,80,55,2,80,69,45,66,87,98,11,37,2,67,81,46,52,79
4,64,89,15,12,56,80,9,46,15,84,81,3,18,22,78,93,79,4,69,36,79,82,21,9,43,47
84,7,35,30,50,8,92,74,93,87,93,29,75,43,38,56,19,15,48,88,3,66,25,31,87,72,2
59,5,42,34,14,44,45,21,73,15,61,19,86,90,18,96,10,73,55,83,13,88,7,15,88,53,34
92,60,95,55,94,88,14,47,3,56,6,84,36,22,22,84,60,22,78,20,62,61,52,11,87,82,20
76,23,77,66,91,67,26,94,57,4,27,96,22,74,29,76,81,57,95,18,40,83,37,85,17,10,42
9,86,55,84,78,38,75,2,35,35,15,71,97,92,94,33,73,32,19,62,63,99,47,60,9,25,28
48,44,4,10,76,77,71,33,80,74,55,60,84,31,0,28,21,77,20,55,44,14,98,76,39,38,52
52,52,31,78,90,78,47,24,53,42,25,18,3,93,80,56,77,39,79,37,65,95,11,44,93,45,78
34,81,45,34,1,57,54,1,97,22,51,48,27,21,97,48,22,36,76,29,98,81,64,92,97,63,23
96,68,3,52,69,49,35,49,43,6,97,64,36,84,75,28,16,15,64,90,59,92,99,32,67,41,5
37,38,46,59,57,59,85,80,21,21,94,83,53,11,7,6,52,100,27,68,7,26,4,85,39,23,24
41,56,16,81,60,75,6,100,91,23,1,41,54,3,57,30,42,36,80,84,52,1,38,74,55,62,51
75,39,24,40,84,92,57,44,88,90,4,24,9,73,29,77,71,55,80,8,76,91,39,2,98,65,82
86,29,22,37,11,36,33,35,14,74,44,25,83,68,52,55,2,13,97,1,95,92,23,63,36,47,85
54,67,100,9,27,81,91,43,26,63,5,15,11,82,56,1,63,78,96,29,60,66,66,83,86,10,19
18,42,38,54,66,88,36,98,2,80,4,29,20,7,100,11,37,60,81,25,39,82,12,50,64,12,38
62,53,12,91,66,60,84,29,95,31,49,63,6,62,43,65,27,34,31,86,26,22,27,40,83,84,28
73,82,45,96,78,13,10,21,12,78,77,25,98,91,88,92,98,46,5,1,11,48,10,17,7,29,16
42,50,37,68,26,48,36,72,65,76,55,83,11,28,7,91,27,13,70,52,31,93,24,51,88,62,74
100,88,29,85,3,92,33,74,17,8,94,33,72,38,46,92,63,54,36,86,77,28,69,89,43,10,1
56,32,100,45,35,25,67,92,43,99,98,84,62,39,41,19,72,5,79,68,99,14,1,57,15,99,12
80,26,98,17,8,81,47,99,30,56,90,74,27,22,61,100,76,45,1,97,94,38,83,40,48,99,87
63,82,54,26,48,63,28,34,1,17,11,41,30,84,39,18,73,45,5,96,40,73,84,4,20,6,20
96,33,58,60,3,14,55,37,75,5,96,14,86,24,9,41,34,92,42,82,0,77,10,74,87,20,93
76,3,58,82,97,60,81,39,69,20,20,40,41,2,92,90,91,93,83,70,80,2,33,67,87,10,72
24,20,35,5,64,68,83,28,88,9,83,39,2,10,12,84,77,32,25,94,28,91,33,87,57,49,63
3,36,15,18,13,69,83,6,0,78,89,92,37,46,37,6,3,38,23,36,28,58,21,73,83,63,37
23,22,18,73,17,89,20,54,22,83,17,4,38,1,79,67,2,100,66,8,24,51,15,50,4,80,74
13,53,21,17,12,84,36,15,15,39,48,17,47,53,71,82,47,0,75,9,54,51,52,39,51,83,29
1,73,14,7,21,26,0,12,56,18,7,96,55,17,60,9,98,31,13,59,9,17,7,71,57,27,64
62,78,15,56,93,97,93,55,41,62,7,1,66,29,54,32,49,24,42,81,62,33,31,62,73,20,69
61,69,57,32,79,23,48,42,36,60,15,46,28,72,18,24,33,54,48,32,46,48,47,97,9,52,84
83,26,79,68,6,84,99,21,1,53,23,98,0,7,86,100,65,13,57,35,59,7,54,13,35,54,22
98,8,52,59,14,17,67,63,16,74,84,63,79,58,50,64,12,4,22,91,17,16,61,88,82,9,4
24,50,1,50,80,36,4,64,22,19,27,36,7,36,71,37,2,70,24,76,34,49,89,27,58,100,34
91,44,68,6,51,63,71,26,81,78,99,82,90,0,92,89,26,96,91,21,96,32,87,30,67,43,26
0,73,90,13,40,49,11,5,37,13,91,61,34,77,70,61,4,77,30,92,16,59,8,0,93,33,52
55,100,20,55,45,7,1,28,1,72,97,79,14,81,61,100,48,28,78,13,63,25,43,98,45,73,5
51,95,69,99,39,38,37,77,89,34,53,31,18,11,54,16,48,3,50,58,55,18,6,16,31,50,42
31,80,84,53,84,25,45,24,19,62,43,84,25,94,50,62,61,63,17,56,33,82,41,26,29,58,94
85,75,27,57,21,32,81,32,71,66,72,76,73,32,19,33,4,7,47,86,12,45,12,72,27,34,53
22,45,28,23,6,72,38,42,32,90,98,69,65,21,64,21,47,31,66,53,90,10,8,39,84,37,11
56,59,44,15,84,27,10,85,14,91,31,53,47,97,37,49,72,37,91,81,38,74,26,38,23,12,42
88,74,29,55,3,11,6,2,74,4,64,45,87,89,40,89,55,66,13,38,44,11,47,75,71,31,17
23,52,36,52,67,51,95,57,61,61,83,89,76,55,44,11,100,89,41,15,2,35,59,26,37,80,98
31,100,41,14,30,23,80,73,49,56,5,7,0,76,85,39,9,12,35,94,0,27,80,37,1,57,39
64,84,14,39,65,23,53,58,70,52,20,95,99,16,42,40,6,18,9,13,64,90,65,78,53,70,21
85,23,13,11,57,59,70,81,68,87,21,59,18,66,99,78,60,35,84,94,61,92,88,95,31,26,58
15,12,59,66,4,93,19,27,63,18,35,74,46,15,95,10,97,42,46,29,9,70,17,43,63,0,0
32,5,78,50,31,31,64,41,34,85,5,5,4,68,84,26,27,79,31,0,80,60,27,18,18,30,74
44,37,36,17,47,31,92,52,10,64,28,48,27,67,97,25,27,92,97,26,77,81,76,27,13,39,3
93,51,31,13,34,77,87,54,43,95,37,93,93,94,36,61,89,96,60,69,94,70,73,36,4,33,81
0,68,94,93,41,64,29,75,66,47,84,71,25,95,37,33,29,94,58,32,97,25,89,82,50,62,72
99,96,32,47,51,54,30,75,30,89,74,33,84,56,51,28,38,67,6,17,43,22,50,45,73,9,88
28,4,4,91,26,68,31,10,72,73,13,27,53,40,2,76,46,64,65,50,59,67,75,15,86,54,84
100,67,1,46,20,24,17,99,57,84,35,4,98,72,60,46,95,26,77,53,5,45,42,64,45,17,26
72,48,24,68,56,58,0,63,41,42,64,0,27,40,26,1,64,72,81,60,13,46,11,50,86,52,72
10,91,26,79,71,47,82,19,75,17,84,78,12,7,68,57,78,59,44,68,75,65,85,22,54,57,27
88,96,61,20,70,11,15,9,90,66,46,17,78,58,60,22,70,3,63,86,10,56,1,70,70,71,22
15,20,84,40,69,16,16,42,47,37,87,81,10,40,3,81,15,77,73,90,53,36,46,8,38,71,68
17,94,40,78,92,81,100,28,99,55,54,18,40,90,88,46,62,57,54,65,42,81,69,35,34,35,29
47,84,16,40,2,70,60,62,13,73,83,46,44,15,95,91,45,36,81,82,20,68,57,35,77,34,61
0,13,34,59,77,70,25,36,87,9,64,30,20,86,1,4,49,44,59,43,3,93,97,81,92,94,58
18,18,70,78,95,35,88,96,6,74,28,23,3,5,41,80,49,64,66,89,21,87,18,71,65,40,67
35,32,86,64,53,65,99,81,85,19,65,36,6,81,69,67,43,54,87,64,30,89,78,62,92,96,89
7,93,35,1,82,76,57,79,89,16,22,41,75,47,57,10,57,48,15,93,72,8,4,49,13,17,94
32,45,22,19,82,2,72,40,55,20,10,0,38,15,99,18,17,65,15,58,90,62,92,23,74,65,54
24,30,72,30,80,16,5,11,33,16,27,87,66,18,77,88,79,73,27,3,5,57,77,58,48,76,3
41,2,80,86,16,98,94,82,45,24,6,39,80,86,55,65,6,89,86,59,14,100,20,0,77,75,16
32,35,14,28,52,17,84,49,34,48,90,78,66,7,36,78,31,20,89,64,24,68,12,22,52,45,15
37,76,63,72,49,12,90,90,58,58,82,38,90,82,6,35,68,30,95,75,26,88,10,91,17,17,63
37,12,10,77,86,27,99,44,1,57,98,71,65,3,7,75,85,71,37,41,49,24,13,69,59,99,14
81,2,10,96,17,74,99,78,17,1,36,68,52,48,36,34,99,76,26,66,7,93,5,3,37,61,31
16,10,21,81,18,24,0,17,0,78,29,64,92,68,48,94,87,59,22,41,47,78,40,81,68,40,91
2,86,84,44,99,80,32,79,89,68,16,67,48,19,86,95,74,93,74,14,45,6,99,25,34,7,7
68,82,9,56,28,87,10,30,94,69,62,46,15,1,66,93,71,33,75,78,96,30,3,96,34,6,40
71,0,70,55,34,89,89,68,42,64,81,52,10,80,43,65,78,42,81,82,30,58,18,53,81,18,38
99,21,73,59,85,17,87,65,98,67,7,12,64,23,66,57,11,40,45,11,53,63,32,24,74,100,37
72,2,31,41,48,84,46,11,65,65,91,67,73,17,49,56,64,24,57,39,1,60,51,14,97,42,76
5,85,79,95,55,91,41,54,25,18,100,68,47,96,36,100,75,72,24,81,32,85,33,76,78,54,46
33,16,84,95,49,76,34,79,13,22,89,77,80,55,93,18,14,81,2,98,77,12,31,85,1,35,78
58,56,34,31,70,38,35,52,39,65,97,59,81,0,28,69,54,38,59,98,52,77,71,100,50,30,63
10,39,45,91,59,90,0,20,22,49,90,95,33,83,48,65,9,71,53,80,77,43,28,47,15,68,80
17,25,50,53,96,98,60,3,91,4,82,68,57,93,40,69,20,3,55,42,49,83,64,59,8,17,95
96,41,46,95,62,84,63,82,10,82,89,96,73,37,66,41,98,94,62,37,7,63,69,34,98,8,67
90,50,17,84,47,34,99,91,42,98,68,50,21,92,34,10,6,21,77,90,68,83,30,72,78,7,24
44,53,37,91,24,5,85,76,16,15,67,94,13,45,71,20,12,100,91,88,54,48,6,12,67,65,28
37,9,52,87,97,13,66,0,99,66,39,41,24,90,14,55,60,77,98,34,28,49,16,38,27,83,86
54,16,15,57,88,68,70,78,68,29,56,80,81,6,2,42,25,27,4,20,83,3,45,16,69,26,45
6,22,39,74,17,24,53,64,7,71,41,66,32,22,77,34,16,78,42,39,2,84,45,4,3,67,52
76,17,86,29,69,46,9,74,45,73,21,18,65,35,2,35,35,70,48,82,19,82,10,36,1,77,71
23,40,13,92,89,4,83,20,60,97,61,94,82,7,25,13,77,15,57,58,79,10,78,7,38,85,97
44,72,11,51,14,34,34,8,66,80,30,81,97,44,48,27,93,26,72,63,3,53,72,31,57,94,77
47,90,24,12,50,17,77,12,85,83,17,99,64,85,52,27,97,67,64,48,96,82,57,26,34,65,74
47,70,71,52,67,60,67,86,50,35,45,19,66,66,67,8,11,30,62,19,41,78,93,69,11,12,53
72,33,53,33,16,25,67,18,24,36,75,25,49,36,58,31,23,68,67,44,94,3,70,70,14,77,77
19,83,71,69,69,18,40,20,18,88,9,45,26,17,7,52,77,84,44,42,33,23,1,55,90,40,87
50,93,76,30,11,1,62,25,73,62,45,91,93,53,92,88,89,22,34,27,44,30,36,80,45,3,46
20,86,99,93,38,32,2,27,97,51,28,83,71,53,76,71,19,67,62,82,65,12,89,34,25,22,44
75,16,54,25,93,6,63,37,55,98,33,33,77,46,7,32,75,5,6,92,5,91,88,39,42,52,30
24,53,55,73,74,16,77,25,52,18,44,72,75,44,4,9,55,71,67,96,50,32,62,49,44,59,1
80,81,2,37,19,95,18,28,37,73,38,4,74,92,47,40,64,10,32,84,70,44,42,24,92,21,2
47,39,36,58,32,52,93,58,43,27,80,84,40,90,80,50,59,5,23,82,31,21,39,38,76,73,44
85,40,77,98,33,99,92,8,39,98,32,88,46,34,36,33,2,14,4,15,57,3,37,71,63,43,72
21,97,60,40,84,58,74,63,82,27,2,72,4,11,19,10,81,26,40,72,52,62,29,26,17,5,75
13,100,90,13,30,85,93,33,64,10,92,14,26,26,77,1,1,63,50,95,83,35,16,73,81,97,14
14,35,55,0,33,83,9,16,79,14,32,56,6,19,38,85,13,89,17,97,96,91,66,28,46,69,36
4,71,34,73,72,53,78,36,99,5,70,34,58,51,26,42,79,36,5,50,68,84,60,72,97,41,20
50,58,97,38,94,10,11,59,94,85,68,76,0,44,58,90,15,82,61,79,46,73,52,34,62,14,94
81,9,23,39,31,51,80,8,71,43,10,41,23,63,94,13,85,13,67,57,56,27,90,51,38,58,84
15,73,68,0,58,35,62,54,82,81,92,0,42,13,93,95,20,91,33,92,34,40,28,73,78,100,89
91,3,41,70,81,56,95,24,32,70,93,72,92,51,63,56,61,28,23,90,88,81,28,84,84,73,25
90,65,19,74,50,22,23,7,47,41,93,28,20,99,2,29,31,36,48,14,79,48,37,91,78,24,28
70,34,36,75,98,33,1,4,59,88,81,81,55,6,69,54,5,77,67,69,81,19,89,71,11,78,78
50,52,92,4,78,99,92,53,6,31,4,27,53,90,73,6,52,42,16,29,4,32,97,96,10,99,33
6,97,4,92,2,17,75,97,81,25,33,54,22,92,74,21,64,64,96,98,88,8,73,86,45,48,94
30,88,34,67,3,80,6,42,50,68,14,36,24,100,60,75,9,93,84,42,0,17,44,75,95,95,100
13,56,29,85,48,100,0,32,32,40,40,99,19,85,58,74,52,43,30,6,82,32,55,49,44,7,86
36,41,93,39,92,73,92,69,90,75,85,68,56,76,94,87,64,88,7,26,18,86,71,97,12,59,62
15,48,99,92,29,26,86,83,36,45,49,4,24,19,39,17,61,69,58,66,88,61,30,63,89,55,98
0,21,59,3,2,64,84,91,52,29,82,71,74,22,24,28,99,32,90,79,61,73,61,91,15,99,11
9,28,23,95,29,96,12,96,1,68,64,7,52,43,12,63,82,70,11,78,65,93,99,4,28,20,81
73,96,11,60,59,1,76,62,1,90,79,15,16,20,82,97,21,64,32,45,44,20,12,84,47,56,36
29,19,46,74,95,41,89,40,26,30,74,30,81,19,72,2,53,29,16,45,86,48,19,16,4,18,50
42,47,25,71,98,48,38,31,87,88,84,8,69,17,60,32,73,94,15,54,53,26,36,42,67,39,32
37,68,89,8,91,7,27,41,65,35,51,65,95,85,61,86,68,55,40,66,85,71,34,67,73,55,67
83,23,71,83,36,84,78,93,19,49,10,43,41,36,16,42,61,50,79,37,32,68,45,14,97,55,4
79,29,46,24,33,20,7,40,81,1,41,89,38,55,30,47,77,63,12,62,51,100,67,48,41,95,0
35,44,79,96,25,77,2,76,31,95,47,28,62,50,93,28,70,40,33,35,20,83,2,76,73,97,46
93,11,26,69,93,77,6,45,43,28,68,98,5,86,85,100,84,64,80,46,88,64,9,2,61,14,21
20,7,44,12,95,39,83,82,51,28,19,49,7,38,5,76,49,33,38,40,36,38,16,65,16,55,17
99,91,96,33,82,7,81,68,66,38,87,45,73,49,0,2,15,71,78,51,17,43,19,84,71,24,33
47,8,34,88,61,14,97,32,55,32,33,94,35,44,51,26,4,0,43,98,56,4,45,98,21,47,11
96,6,66,86,24,32,47,6,72,81,53,82,70,73,80,5,73,32,82,59,39,58,65,74,55,14,73
53,90,72,66,12,40,35,48,100,21,31,34,10,63,71,64,10,0,91,19,84,89,83,2,48,98,25
7,33,2,80,31,17,68,91,50,1,66,73,2,14,95,17,75,1,80,27,19,53,95,27,57,60,64
44,62,55,68,3,77,13,61,80,81,62,47,79,66,35,68,83,11,5,19,54,0,57,57,66,41,61
53,9,89,87,36,38,51,33,14,83,99,78,30,6,26,2,94,73,23,19,8,39,83,73,11,74,2
91,27,25,100,78,61,62,37,83,8,21,93,35,89,85,63,52,60,7,44,33,62,19,2,1,81,56
20,63,66,88,85,20,35,91,10,15,24,2,17,42,3,76,89,100,62,91,24,22,4,82,64,89,98
76,49,3,38,48,18,57,74,98,92,100,29,85,67,33,31,51,16,19,51,48,25,57,3,61,62,100
61,29,64,33,14,89,74,87,81,28,95,11,75,11,33,75,89,18,94,59,87,72,14,25,35,38,50
62,44,23,10,41,97,23,5,29,21,91,45,88,79,60,36,71,17,22,59,40,61,97,4,33,31,49
34,74,67,73,82,60,42,62,82,53,70,37,71,81,51,61,12,26,5,73,4,66,52,34,84,83,76
68,3,97,80,56,55,20,39,54,28,17,32,20,58,19,15,46,1,18,11,76,100,85,3,69,81,1
70,41,9,37,71,37,56,59,64,68,54,15,92,38,71,49,9,58,24,12,31,96,54,61,54,43,26
80,13,85,7,65,44,70,87,5,24,2,87,90,53,27,70,90,46,16,70,6,92,35,14,27,72,53
66,93,76,93,65,3,59,35,16,94,56,94,66,61,96,61,30,43,8,61,76,61,79,71,83,23,81
80,93,45,82,37,45,25,0,58,69,8,72,60,71,29,50,58,84,52,73,24,40,51,47,88,75,97
0,39,80,40,5,25,50,15,93,39,30,82,21,95,69,27,27,44,80,52,32,5,58,46,53,72,79
59,71,17,71,75,31,95,42,0,31,24,20,97,67,16,8,99,37,21,86,38,45,23,55,19,1,64
39,44,99,39,43,31,20,15,13,87,61,11,81,75,82,67,77,29,67,65,11,58,45,23,68,29,94
91,75,41,51,3,1,73,23,1,92,10,52,70,40,79,11,92,85,80,78,32,92,38,5,60,44,7
89,71,48,18,15,77,32,60,58,11,49,36,56,97,52,53,85,55,0,31,42,64,1,87,43,41,16
42,65,37,0,52,69,35,86,39,32,25,43,47,10,92,53,15,14,77,23,73,60,6,4,41,44,36
24,6,41,83,66,3,42,39,27,56,63,14,66,69,24,28,83,53,93,56,93,73,64,78,19,6,68
15,80,80,69,13,83,57,54,25,29,21,56,36,61,42,57,44,93,20,22,95,18,88,49,30,80,41
14,66,57,59,81,51,64,19,100,35,58,77,52,49,37,66,27,73,25,15,90,62,71,28,98,61,97
40,21,8,30,70,88,74,45,73,65,40,76,48,73,89,41,43,30,90,70,31,84,63,86,88,73,71
80,0,6,30,74,15,75,99,16,2,56,79,26,68,96,58,76,9,92,14,43,94,36,52,0,1,99
19,37,12,64,10,61,16,57,56,9,20,91,85,57,41,51,29,6,13,57,12,65,7,37,10,14,51
22,41,1,82,35,11,67,68,63,93,84,83,39,72,35,33,46,87,0,90,90,20,3,66,21,2,23
49,66,87,67,75,90,96,38,98,67,37,79,13,24,94,46,2,2,63,20,41,32,66,87,29,9,75
14,49,97,13,61,23,35,84,42,73,61,12,75,25,50,31,59,86,34,68,63,14,40,62,40,3,100
70,56,23,68,59,51,42,39,31,28,12,79,84,25,65,42,35,5,91,88,99,0,28,21,76,51,79
77,0,86,9,67,69,6,93,34,22,70,63,34,34,7,75,50,64,77,13,89,20,75,28,89,78,4
82,24,47,8,22,43,8,50,52,42,48,48,82,27,38,95,16,96,29,76,56,72,35,4,29,34,23
7,15,68,92,2,25,65,11,10,22,4,22,65,32,47,13,4,51,90,57,47,61,53,6,42,53,46
24,83,41,32,77,77,20,36,1,15,100,77,100,41,100,46,52,51,30,69,10,72,12,78,85,8,0
50,57,49,77,56,45,60,42,83,55,6,33,43,5,63,46,7,99,61,18,61,22,1,69,52,7,61
12,33,60,76,22,83,81,21,25,78,51,81,69,72,53,75,21,88,55,71,81,80,31,33,91,81,82
27,73,76,85,40,26,32,21,2,52,29,21,87,75,41,70,57,58,96,64,90,56,34,74,10,14,21
87,59,36,28,99,77,20,56,34,62,5,91,33,42,44,24,67,77,83,56,35,71,72,67,2,98,74
56,15,23,73,83,70,12,3,93,40,24,78,61,100,17,38,1,59,40,21,86,1,98,1,53,1,74
18,65,30,14,10,94,36,33,21,74,98,81,44,86,6,48,66,19,73,5,44,15,26,81,73,31,71
17,65,1,22,85,16,54,29,5,18,29,94,95,2,39,3,33,15,22,17,31,71,35,32,85,38,47
87,77,49,1,38,43,29,93,47,4,40,24,95,42,39,45,29,75,47,51,21,52,40,77,57,68,43
98,17,96,27,65,35,64,54,7,3,10,69,54,32,25,2,40,18,98,21,81,91,75,79,8,71,89
45,57,29,66,89,4,33,34,82,99,47,71,24,98,90,11,88,25,54,85,76,26,2,23,32,73,87
21,40,0,54,29,71,44,63,50,13,98,54,80,54,67,9,26,62,47,30,90,95,87,80,61,72,44
86,71,4,35,23,61,37,5,53,13,84,79,46,37,57,84,68,18,63,95,50,59,90,33,63,100,13
52,11,56,45,45,80,9,55,48,83,14,80,63,61,54,79,87,60,33,46,6,43,59,10,51,85,18
73,99,99,34,65,38,33,100,78,50,62,33,37,17,62,91,61,54,33,22,35,100,39,10,47,91,86
29,18,15,35,39,94,29,19,9,86,58,54,56,39,77,17,3,91,47,85,94,51,12,91,98,28,60
76,18,96,92,42,66,73,76,1,2,67,62,80,17,80,17,22,63,35,25,34,14,47,36,69,64,39
86,36,25,23,92,56,36,41,81,6,23,28,37,82,89,79,0,61,69,55,94,59,98,58,19,56,24
36,90,87,66,76,68,5,66,37,78,7,67,13,25,41,95,48,46,58,96,67,6,76,42,70,40,9
99,3,63,39,98,19,86,85,53,87,3,52,17,37,70,37,47,6,75,13,16,25,22,3,100,95,11
54,21,55,61,80,80,52,81,79,36,22,41,85,52,1,20,88,85,64,95,65,22,61,62,16,67,4
97,5,79,87,13,96,80,91,0,63,54,43,70,47,32,3,25,45,94,80,15,81,4,9,12,17,40
2,57,4,53,17,68,20,76,93,46,83,76,82,23,84,77,37,50,83,24,23,47,14,68,6,94,45
83,1,2,60,65,28,43,7,9,27,24,19,97,10,90,27,94,70,31,69,79,64,90,45,70,89,31
72,38,66,92,66,52,16,45,17,65,8,63,17,99,3,93,35,37,100,79,5,99,3,47,0,29,35
41,94,58,73,23,50,69,57,19,96,30,16,40,14,32,78,53,98,37,6,99,19,41,51,68,60,89
6,30,96,31,89,10,27,39,61,54,52,36,84,63,6,79,55,33,76,67,22,84,43,41,60,36,78
6,22,5,64,87,23,38,49,14,100,96,39,58,7,39,51,96,1,55,77,97,44,65,0,94,87,50
73,69,8,26,6,72,35,66,30,13,61,30,60,67,53,91,84,87,65,43,20,85,58,28,56,36,9
51,89,80,98,98,19,62,84,68,18,1,60,45,46,73,63,20,26,74,13,1,100,80,73,1,48,89
33,28,96,28,77,7,28,53,68,99,24,90,90,6,4,66,29,96,68,5,15,8,23,52,8,11,41
92,7,92,49,26,88,29,95,30,62,33,2,68,63,53,39,61,80,40,59,76,83,53,45,64,39,89
49,5,100,68,46,30,74,30,9,91,27,47,27,54,68,91,61,82,27,17,34,93,84,26,80,82,57
83,6,68,48,69,89,81,91,77,49,17,24,2,10,17,96,63,76,52,32,0,65,90,91,1,24,47
12,83,69,30,7,67,28,28,35,6,41,28,40,40,61,65,79,76,38,0,48,61,79,83,79,60,89
17,71,15,96,97,93,89,61,67,30,50,11,17,62,40,70,2,18,57,71,89,50,97,18,29,11,91
6,3,43,70,66,46,3,42,59,35,25,0,24,93,59,77,38,81,14,81,98,83,72,38,23,49,28
97,52,61,77,20,60,88,39,61,51,4,58,19,43,48,21,73,72,32,67,3,96,35,25,95,74,54
97,30,97,19,28,1,86,10,33,86,0,55,91,97,15,87,25,99,60,51,8,92,73,28,83,28,64
9,38,75,23,20,17,92,79,78,39,27,32,100,43,28,77,93,20,44,32,90,3,3,20,28,77,32
73,6,46,65,4,57,10,91,35,86,46,91,24,84,93,86,57,65,29,42,23,39,55,4,94,75,49
21,76,48,69,30,100,89,37,42,52,60,9,42,59,37,56,24,28,10,39,49,73,88,77,75,6,18
82,67,41,61,5,42,79,32,82,8,68,82,46,31,87,65,25,15,15,84,71,13,52,86,9,42,100
89,75,100,52,52,55,21,55,87,27,56,95,78,100,22,15,92,31,87,86,19,62,99,43,11,11,40
62,22,55,83,99,37,67,94,78,10,94,57,85,56,59,74,70,96,68,35,22,58,5,73,64,61,7
8,55,92,75,56,91,12,73,65,29,71,95,49,62,81,12,48,2,70,8,74,11,72,41,22,23,47
93,62,46,40,23,0,14,33,64,92,64,31,19,53,13,55,11,16,4,3,25,40,61,76,45,77,4
21,56,78,99,43,28,4,77,28,83,5,38,11,69,3,4,33,17,62,25,1,28,42,19,76,70,99
48,11,44,51,15,30,79,50,34,34,98,67,100,36,45,17,1,38,26,65,48,45,52,35,100,68,59
71,97,36,32,17,47,99,64,67,0,59,12,27,43,79,67,1,43,6,66,83,73,5,13,0,6,31
9,40,53,74,49,60,66,24,70,76,27,69,61,70,95,55,88,12,68,9,62,15,9,90,94,17,73
21,9,30,5,69,72,11,91,47,93,30,73,15,62,82,63,81,85,92,92,69,99,76,69,10,12,66
19,79,55,11,19,62,40,57,24,93,92,74,65,68,10,13,95,7,19,8,21,54,94,56,71,80,87
2,8,72,73,27,88,66,94,81,83,50,12,2,48,85,35,70,37,89,8,81,33,6,60,73,87,38
17,3,54,58,91,46,55,26,55,29,14,70,89,34,67,85,67,62,2,4,15,86,89,21,78,12,33
71,38,97,84,47,55,0,29,97,54,4,7,62,43,1,20,72,87,97,45,80,33,89,42,17,5,26
29,14,57,13,33,52,83,8,71,68,43,86,41,87,10,55,13,56,15,38,88,28,66,65,0,76,56
7,19,73,1,93,5,75,53,14,74,21,44,90,77,54,22,18,98,97,47,41,80,64,49,85,33,16
24,89,49,13,39,88,18,7,77,60,51,86,62,79,78,32,9,45,44,20,90,3,59,92,96,14,93
4,0,81,37,3,94,79,30,33,29,93,18,37,47,71,97,45,51,93,3,2,32,10,10,48,45,85
57,41,12,61,39,15,71,90,38,88,69,37,42,92,73,92,64,42,41,54,94,90,19,37,12,16,83
12,39,2,52,24,85,57,43,62,71,40,88,86,99,33,50,64,24,14,91,74,26,5,70,91,68,5
62,35,41,55,57,48,96,59,0,44,63,37,7,17,47,88,74,4,52,20,0,36,0,50,88,70,49
8,6,12,36,84,5,8,81,19,24,93,59,31,57,86,28,10,57,37,31,47,25,29,47,25,74,7
46,21,59,30,5,76,55,73,67,81,53,72,32,31,92,70,25,65,84,36,75,67,100,45,90,0,92
31,13,51,68,25,100,54,48,89,18,31,61,2,98,66,7,10,96,61,71,69,78,50,86,38,20,54
10,63,50,86,86,23,67,23,69,15,87,9,67,81,75,6,79,46,56,32,65,28,80,37,52,20,38
65,24,1,80,36,48,100,26,72,99,6,10,44,86,91,68,50,40,50,52,44,37,53,80,18,10,39
38,99,22,43,45,25,34,83,32,3,36,78,15,61,84,54,3,99,14,100,27,84,70,88,55,1,83
86,23,10,35,67,16,50,62,36,32,43,26,74,8,38,92,14,76,49,17,48,55,33,0,84,63,83
23,15,8,89,45,73,92,40,23,12,11,45,62,73,31,15,34,94,77,36,90,95,54,30,76,68,72
41,8,69,59,93,79,32,78,21,50,81,49,28,53,41,4,21,47,55,26,30,95,34,50,53,18,85
81,82,90,26,47,79,62,74,97,43,45,10,2,45,89,22,84,98,74,65,77,3,72,98,49,0,38
73,24,38,33,18,43,32,38,18,81,21,89,93,82,3,77,46,75,1,4,73,72,70,43,33,19,43
64,35,54,81,73,81,54,92,17,28,82,22,78,29,42,88,12,74,59,84,6,23,38,8,78,97,74
27,17,34,71,95,99,32,39,55,75,96,19,40,69,44,74,66,48,93,35,31,21,28,70,100,3,43
1,93,19,72,57,30,51,82,69,100,19,65,82,84,40,81,98,60,19,52,55,48,11,4,43,38,77
57,51,63,27,39,47,14,45,62,7,74,14,36,29,48,0,70,90,31,65,58,72,2,87,6,54,80
87,77,60,63,95,92,48,23,94,100,21,91,91,87,86,91,37,26,89,28,57,28,25,6,89,39,71
77,2,76,38,13,61,2,91,59,38,58,53,95,67,20,66,36,79,64,56,76,83,6,70,19,58,57
10,53,57,66,48,61,93,15,62,17,38,2,57,82,37,48,61,30,25,73,3,69,30,72,80,70,32
24,14,3,96,82,33,86,33,17,76,55,1,5,2,55,59,83,34,100,20,58,22,78,64,11,55,65
3,31,18,96,11,5,54,35,45,65,7,97,44,79,29,12,35,1,14,31,29,81,92,50,75,84,86
58,90,47,83,38,65,32,25,64,19,20,81,34,31,77,30,22,19,51,9,37,54,79,59,16,61,73
86,35,38,31,82,23,0,4,48,95,65,70,1,56,24,58,3,88,73,35,75,20,31,16,16,28,17
50,100,37,97,30,83,14,0,7,52,78,9,80,97,81,10,94,39,42,94,13,15,22,97,9,93,68
24,9,32,60,13,42,98,77,35,13,62,68,61,32,8,98,10,37,85,64,40,22,23,84,19,84,71
88,78,11,91,71,33,50,70,23,67,29,29,45,66,87,61,11,36,95,2,21,84,67,1,48,38,90
89,41,18,2,80,7,73,4,71,65,51,27,20,81,39,51,72,3,53,44,98,27,53,78,19,50,57
48,42,86,39,8,4,37,16,77,90,66,26,62,57,58,26,52,21,64,74,24,89,51,19,61,37,79
9,44,26,46,4,44,9,31,31,49,29,65,32,93,31,13,58,84,20,83,7,46,86,35,76,46,9
74,65,97,95,91,89,100,78,43,30,27,76,70,13,23,62,47,16,6,33,3,99,15,41,38,58,48
94,94,48,31,93,31,8,17,3,2,27,89,17,76,26,76,91,25,81,94,11,19,42,83,51,34,28
63,81,38,60,96,57,68,40,84,38,76,62,92,39,10,66,86,21,36,94,44,88,50,78,71,4,90
31,10,41,92,66,25,0,41,38,15,91,17,9,10,77,100,90,96,49,79,40,19,24,90,35,68,53
52,70,34,69,1,76,73,25,11,15,17,25,29,34,38,28,72,45,25,1,9,82,75,3,44,36,39
93,87,83,31,19,25,28,47,15,31,95,2,30,21,8,68,87,72,64,36,32,63,33,30,22,88,50
56,45,41,7,87,62,35,8,70,59,46,81,44,15,64,54,30,32,31,40,49,2,48,51,58,13,68
45,19,89,16,12,5,67,75,95,56,40,35,31,97,67,48,88,30,78,44,26,10,36,52,74,11,97
95,23,53,73,69,70,23,77,4,88,6,8,44,26,82,91,98,75,61,19,27,44,2,67,8,3,20
86,46,54,1,12,54,74,44,9,93,83,42,22,63,63,79,33,64,40,89,32,60,80,18,45,45,18
38,41,95,19,85,93,1,50,69,77,32,68,89,90,64,67,49,49,88,5,60,11,54,66,14,49,71
44,41,44,59,30,87,55,6,26,24,45,49,41,65,82,16,71,68,7,13,43,25,1,91,72,55,48
89,39,17,69,23,83,87,20,51,88,69,91,51,43,55,87,100,97,47,61,72,0,95,67,5,57,45
40,7,34,26,50,94,58,78,15,39,89,91,43,4,28,34,65,11,78,50,91,42,6,13,17,35,81
58,79,38,89,49,14,82,20,69,18,81,30,31,28,19,92,18,22,10,91,93,49,44,6,23,23,84
9,10,47,71,32,81,41,64,35,76,78,47,32,37,66,57,22,8,89,44,89,75,83,88,6,27,6
11,76,25,99,39,13,25,73,16,63,40,71,68,65,89,18,92,78,76,82,72,83,69,65,66,66,71
27,91,86,36,93,28,79,81,100,63,41,49,26,99,20,86,69,56,61,8,41,29,66,87,34,84,37
84,7,4,5,0,58,56,81,40,86,4,73,64,74,7,22,52,51,10,67,6,15,74,29,62,100,98
67,74,79,78,51,52,68,70,51,61,74,18,14,76,61,37,5,30,100,52,97,99,23,62,99,62,96
58,7,1,30,11,99,6,82,14,96,13,14,79,63,95,42,40,17,11,42,53,5,4,6,61,43,45
11,41,4,91,48,20,34,18,65,13,64,82,72,12,87,36,24,61,44,19,50,55,89,18,4,10,65
26,12,96,21,20,26,33,78,6,81,44,60,45,52,65,37,31,56,35,46,31,51,26,19,6,6,26
88,66,98,68,56,32,71,16,94,50,6,86,80,96,16,86,6,47,79,3,7,87,19,69,33,87,98
11,93,93,8,90,96,1,10,52,50,50,38,78,77,38,29,9,13,27,50,11,32,93,17,49,17,72
99,88,24,69,73,67,2,10,74,76,6,5,1,93,16,56,28,83,94,49,58,45,92,56,73,90,32
58,96,0,49,86,77,61,45,17,20,8,96,27,15,31,5,20,50,10,94,62,32,75,52,32,49,52
37,26,50,12,96,76,55,39,26,18,56,73,74,81,47,60,5,37,97,18,58,43,80,32,87,77,37
69,58,35,50,1,74,17,95,77,51,25,45,60,57,77,9,75,47,40,40,21,6,100,69,60,2,84
26,15,19,97,27,77,17,31,92,65,60,80,94,97,31,64,13,29,7,46,17,47,36,38,90,48,62
18,44,20,80,13,37,41,44,71,67,63,36,17,81,54,58,11,47,12,69,55,80,51,62,36,47,35
9,66,77,29,16,84,55,73,88,77,22,13,52,26,45,81,82,81,75,94,9,46,12,7,21,38,60
14,1,47,94,62,52,45,59,31,96,33,30,9,18,4,8,97,57,94,45,47,8,55,84,44,58,39
86,83,66,39,17,70,77,93,86,71,65,46,68,67,98,27,96,66,4,88,52,100,44,57,72,22,37
41,34,95,68,75,93,86,34,12,85,7,16,74,12,15,31,8,44,51,14,69,20,83,85,54,2,52
61,5,45,66,16,11,69,95,31,3,27,17,2,55,94,98,8,92,97,86,93,88,100,94,93,78,63
61,27,65,75,100,39,20,51,15,62,88,21,92,94,100,91,64,97,84,20,53,57,53,76,97,33,0
70,1,46,72,29,8,65,19,29,63,12,43,29,30,23,5,78,97,95,25,56,24,21,50,98,36,24
9,53,66,67,29,1,91,5,48,85,37,89,4,64,28,79,99,80,30,54,98,54,58,26,62,16,27
5,49,9,1,95,49,2,44,99,28,21,98,20,28,93,22,67,15,53,30,4,5,60,35,99,34,99
31,78,46,8,100,51,48,84,0,43,95,81,67,43,49,58,63,11,62,27,32,36,96,26,43,75,85
47,35,67,88,77,8,43,95,97,88,5,42,84,82,86,47,96,88,17,81,50,57,78,83,35,25,91
12,96,16,83,10,49,69,68,91,75,87,26,43,100,55,13,36,31,80,70,95,76,1,31,7,74,1
29,89,27,96,14,74,15,24,28,40,23,95,62,2,78,8,5,72,100,21,94,3,92,89,28,50,13
100,18,57,47,46,98,67,43,13,75,23,19,78,67,25,37,1,12,43,0,68,72,43,66,98,62,80
66,13,22,92,7,93,78,9,62,30,92,54,59,73,13,68,9,22,1,90,25,37,60,1,14,2,38
8,13,16,80,26,30,76,43,65,75,52,98,43,27,33,27,11,7,76,5,33,62,92,45,49,65,47
53,12,29,68,4,10,68,49,72,12,37,31,62,70,55,100,33,32,11,93,12,97,14,23,54,43,69
1,3,38,69,29,31,84,98,55,4,2,34,4,43,50,15,40,42,88,60,34,26,65,25,56,23,25
82,9,43,1,62,30,87,84,19,30,67,78,65,68,38,48,83,96,1,45,100,12,8,43,97,73,0
36,34,4,5,58,92,47,38,46,18,88,50,23,56,25,55,95,30,24,11,100,23,82,63,63,4,36
62,4,5,33,100,85,81,42,59,59,25,100,66,78,37,4,53,24,38,82,74,76,37,100,42,95,73
11,4,80,96,16,77,51,55,60,75,13,7,98,68,72,18,70,14,1,32,10,20,50,36,54,37,66
86,14,24,96,1,80,15,71,11,48,59,17,8,23,3,32,28,11,95,95,1,43,36,56,93,33,58
97,29,65,95,29,80,24,52,60,59,24,80,22,25,37,63,85,9,82,81,75,81,20,57,23,31,60
13,31,83,70,23,62,26,20,88,59,84,17,19,59,68,81,11,32,98,78,49,44,72,27,46,73,90
86,57,51,79,100,16,4,36,50,23,27,88,94,19,45,99,90,80,71,65,61,50,19,84,19,83,7
67,86,90,68,93,21,80,49,18,40,5,42,34,19,99,86,13,23,85,66,67,85,40,55,18,37,17
49,97,21,54,65,2,51,54,23,58,0,76,74,30,14,65,47,15,73,75,52,85,10,67,47,69,72
42,20,4,26,19,25,2,67,38,33,76,96,34,15,16,49,31,84,13,82,39,53,31,69,48,24,46
59,3,60,24,6,18,39,96,99,70,90,11,43,80,41,34,86,55,48,70,43,37,66,49,74,19,69
6,11,80,19,51,9,32,62,40,12,37,34,57,18,6,86,15,66,84,19,73,8,97,51,7,73,70
25,92,43,22,31,38,63,61,8,71,76,16,32,19,32,43,81,21,52,21,12,15,5,98,11,78,58
10,90,81,87,83,93,37,11,10,37,69,93,66,53,21,78,70,73,60,97,78,20,3,66,43,26,78
87,33,38,13,93,84,20,71,84,34,27,72,41,40,50,55,66,65,55,43,0,4,67,95,83,73,48
37,71,58,85,22,46,10,16,72,60,46,16,57,39,21,52,75,49,29,32,58,0,92,88,98,13,91
67,10,82,7,93,92,70,70,41,8,61,5,13,38,68,38,84,72,39,15,10,70,76,50,20,50,10
60,7,41,73,54,74,20,0,67,73,70,55,48,29,60,35,39,35,23,23,93,69,68,84,99,46,100
49,80,31,83,41,51,22,74,82,14,78,28,49,7,21,79,24,45,3,33,25,43,14,32,89,92,64
13,35,47,40,26,58,58,18,44,14,79,100,24,33,74,94,0,38,35,11,29,1,6,92,74,2,19
5,33,7,83,53,67,90,93,45,52,16,68,79,41,31,71,98,39,56,78,25,88,69,39,90,77,88
52,76,79,41,66,70,2,97,43,91,64,14,94,61,96,55,80,45,98,5,0,65,50,56,36,39,79
47,20,56,96,77,71,26,100,2,79,66,79,53,26,12,18,77,86,27,37,61,31,1,92,9,98,71
25,60,17,77,1,9,47,26,24,77,37,13,42,61,77,48,21,49,67,6,52,45,5,75,36,14,41
79,40,64,89,24,75,65,63,66,76,55,75,63,5,46,29,62,97,50,0,45,20,60,11,17,43,81
36,97,47,9,75,89,47,69,55,22,80,99,28,11,2,88,82,87,93,40,39,66,73,68,74,53,56
15,8,98,65,28,96,88,87,38,83,21,45,74,96,38,63,42,38,82,61,63,26,16,20,82,91,17
56,16,31,26,68,35,31,54,38,100,48,5,44,84,17,93,55,80,40,31,6,91,57,11,4,89,71
76,42,91,91,65,64,53,27,4,59,54,37,12,62,25,43,19,99,78,42,37,75,18,13,44,30,38
90,66,90,32,4,70,81,83,13,100,30,75,17,44,47,87,74,12,75,48,88,38,98,92,12,61,93
79,11,96,81,15,27,29,63,62,65,9,58,50,39,57,2,43,70,6,19,36,55,86,69,63,80,91
68,27,72,60,81,97,53,67,1,34,19,92,26,5,23,10,93,44,17,43,74,76,83,22,53,18,95
11,44,47,35,14,24,86,51,48,72,2,28,99,38,6,53,87,19,34,0,2,45,11,29,100,79,59
100,32,2,12,68,27,42,45,26,68,45,54,21,92,27,30,99,35,58,11,38,34,52,47,72,51,86
93,71,50,84,11,45,7,29,79,99,88,55,53,23,39,15,81,7,62,31,15,60,2,37,42,67,60
28,39,66,45,73,97,17,30,96,56,4,31,54,11,81,83,99,41,20,27,63,38,33,27,3,97,33
2,93,67,91,54,100,86,51,54,55,96,4,4,37,85,28,57,59,67,11,99,52,55,93,23,79,91
81,95,53,4,33,92,53,19,55,81,32,7,68,93,92,91,38,39,15,64,92,96,26,10,7,71,49
50,16,71,80,30,49,89,92,17,20,8,0,9,63,10,30,11,46,21,86,92,50,6,68,69,52,43
18,35,51,61,34,27,38,37,21,42,82,79,93,7,40,25,13,18,96,66,28,62,43,86,77,2,88
13,55,65,23,63,88,50,64,52,77,39,74,45,22,80,81,9,51,11,16,27,29,68,44,18,65,85
48,95,42,62,53,32,58,85,78,37,76,21,18,94,4,42,88,45,41,71,4,98,96,52,6,80,91
0,63,39,79,29,33,60,56,27,56,21,81,75,20,27,34,31,72,91,34,51,43,16,62,29,89,62
99,98,77,45,42,71,9,42,70,33,98,73,60,48,10,50,19,47,95,62,8,18,11,99,98,2,33
81,97,38,9,81,40,98,98,59,52,17,9,12,55,69,31,39,20,91,15,18,2,58,15,75,96,9
57,5,73,21,52,27,88,67,18,50,76,67,21,55,0,68,79,78,82,14,92,27,2,37,2,58,77
1,40,78,21,42,97,4,21,87,63,83,7,33,80,73,61,83,72,43,37,49,18,53,10,13,65,43
36,73,27,21,93,74,45,79,14,37,26,62,23,96,42,19,7,73,65,86,65,41,30,4,67,54,96
33,50,57,48,19,91,24,51,38,92,86,68,22,17,58,98,89,91,84,88,35,49,40,52,93,13,34
10,80,61,22,25,16,36,11,97,71,4,94,54,78,27,38,90,39,60,34,90,82,57,96,24,27,37
44,79,1,78,78,0,51,24,17,38,9,100,69,17,88,93,47,9,51,10,58,35,98,46,98,97,6
81,40,4,3,39,13,49,4,87,2,48,19,10,67,45,99,84,54,92,4,93,48,90,99,12,6,76
30,5,70,14,7,67,76,31,80,92,53,21,97,66,26,47,37,96,54,18,12,45,84,10,58,25,58
77,20,84,92,5,88,47,80,65,77,79,22,76,52,43,14,70,81,12,50,26,33,62,0,53,51,37
31,41,73,88,33,50,76,39,94,24,24,42,31,79,30,59,69,49,68,55,14,80,95,35,86,98,36
22,94,49,11,14,62,97,71,60,20,50,60,46,89,71,99,59,43,12,23,99,34,62,53,7,49,96
41,1,86,65,70,100,31,40,18,36,16,51,24,63,17,11,94,37,90,37,90,97,61,19,42,62,88
98,49,5,54,16,31,45,14,72,20,91,57,51,80,91,65,35,27,36,0,34,95,69,69,82,7,76
11,80,16,35,58,88,1,17,25,0,18,100,6,74,31,59,89,56,60,58,3,90,2,95,45,33,15
89,64,21,34,96,11,89,14,98,91,63,89,37,29,53,73,81,16,89,13,89,89,15,53,36,94,8
23,47,17,99,84,76,51,57,27,5,54,57,72,87,65,55,91,94,47,38,84,39,3,3,32,64,79
99,87,32,79,79,44,56,61,10,68,52,98,63,79,39,26,22,90,69,92,73,69,6,40,77,72,100
83,12,63,30,26,5,49,19,69,46,93,32,63,9,17,60,1,33,77,3,60,7,88,67,26,74,11
36,1,68,41,77,1,89,7,34,65,52,74,47,97,85,19,89,74,93,80,98,17,60,97,27,92,82
27,50,75,73,7,93,46,73,11,78,90,27,25,97,89,12,9,57,24,71,20,40,50,54,75,41,18
18,5,94,47,3,14,49,76,52,98,37,37,16,68,99,53,32,78,58,4,22,40,83,69,64,5,76
6,82,10,81,75,30,9,64,37,51,51,51,25,22,3,95,59,71,60,80,73,8,23,75,28,26,66
69,27,88,7,49,68,12,86,41,8,93,29,92,21,65,90,5,5,51,53,62,35,11,8,64,61,17
96,42,46,93,45,11,66,18,17,2,28,60,60,28,6,93,5,29,65,24,7,1,88,71,66,82,77
22,76,52,22,42,97,69,24,24,97,6,57,86,37,66,25,58,13,97,71,53,23,65,77,16,40,98
10,65,92,17,89,20,4,96,7,26,24,2,1,53,92,98,82,42,13,70,26,33,94,84,56,68,67
2,45,52,80,40,95,97,66,99,47,48,89,64,50,93,27,49,69,14,8,66,47,67,60,25,99,58
40,73,38,93,98,69,70,78,2,0,82,53,13,1,52,81,59,91,88,30,9,49,26,1,15,32,40
83,29,62,93,42,99,64,97,16,78,32,86,0,90,94,21,65,48,59,91,14,81,2,28,80,15,58
95,68,44,58,97,47,14,83,61,14,63,17,78,66,59,14,37,11,48,52,82,68,67,28,42,95,65
58,97,54,43,18,44,10,85,25,37,97,14,32,0,82,86,14,89,8,8,57,51,71,7,39,68,88
75,85,31,39,45,10,6,41,96,62,11,17,45,27,98,4,25,7,61,54,28,55,62,32,98,46,91
49,84,24,85,6,69,36,5,1,62,17,27,40,82,50,24,95,34,49,10,56,32,21,28,77,6,6
10,66,62,36,52,28,91,38,51,2,13,12,28,19,13,88,28,17,36,97,76,35,83,62,72,54,4
51,92,86,54,65,37,89,88,46,94,21,46,84,68,86,44,100,48,22,68,79,37,45,70,79,69,50
100,31,26,12,0,91,46,47,33,54,92,94,20,98,8,65,73,46,71,87,22,49,64,78,4,53,34
27,63,27,95,32,58,58,8,47,59,57,16,13,29,49,58,46,9,12,98,48,15,63,34,9,47,62
75,72,23,8,8,51,15,18,96,36,75,89,76,36,95,74,26,74,20,87,72,70,41,68,17,66,88
78,82,75,7,95,77,24,46,19,17,30,86,30,37,93,9,89,67,89,56,99,37,8,40,33,35,41
46,58,37,79,18,75,22,90,27,57,95,34,34,45,98,73,39,92,70,13,28,99,81,27,66,71,96
30,6,32,87,98,39,65,83,89,15,20,98,3,9,9,53,38,1,5,28,68,50,15,84,40,24,30
84,72,4,99,44,32,79,93,70,25,51,36,5,94,45,61,9,12,17,87,51,60,58,55,46,98,67
36,1,83,65,24,8,74,17,63,43,53,48,28,40,77,91,42,95,44,85,68,90,82,16,64,38,83
86,73,27,54,95,54,37,85,24,36,95,20,53,63,36,62,28,53,49,52,31,73,55,92,48,30,9
92,61,88,26,46,4,5,58,89,82,94,96,91,28,86,84,49,14,99,57,41,55,99,73,28,3,23
97,96,86,95,8,32,14,67,64,37,82,35,89,61,52,21,43,31,52,96,50,80,17,83,96,17,45
90,47,61,89,71,73,26,1,99,44,68,73,77,53,61,37,58,67,0,100,45,94,64,29,30,43,29
60,85,55,100,58,80,32,85,21,85,19,49,42,77,74,63,98,83,22,84,84,51,76,46,18,2,80
27,80,6,39,75,68,38,55,83,51,71,44,38,13,14,1,21,31,99,1,37,68,36,27,17,9,16
8,88,29,28,71,74,11,73,80,45,98,31,20,73,11,10,19,97,9,61,25,46,33,42,72,56,88
3,27,82,41,85,27,1,36,96,24,76,60,22,8,93,30,91,29,11,49,87,83,74,16,43,58,4
94,92,100,86,50,31,74,91,86,39,5,1,33,55,41,2,32,4,32,7,100,2,86,33,13,65,8
98,92,78,33,95,35,77,5,55,73,3,96,3,83,37,81,87,98,95,49,71,88,89,77,26,97,60
7,35,44,18,90,54,51,35,75,47,86,78,25,60,41,88,48,24,53,32,11,25,71,43,87,9,4
45,48,65,88,11,18,63,37,54,95,53,73,29,71,39,79,28,24,84,81,16,9,53,14,96,29,11
80,40,50,64,69,52,22,76,59,11,5,88,88,43,38,4,5,82,77,42,44,19,82,58,35,6,78
24,4,33,59,15,84,72,37,20,10,7,2,87,69,26,68,28,27,74,60,10,16,6,98,78,41,34
4,58,22,38,35,64,32,10,59,72,67,18,73,5,30,21,0,9,38,87,87,39,100,83,32,15,96
59,31,96,0,82,79,68,26,81,82,30,81,61,61,41,14,70,68,96,8,83,26,17,37,33,74,44
57,14,52,4,90,64,54,84,43,8,43,67,51,59,56,11,50,48,10,41,94,27,89,53,32,25,6
88,51,41,53,62,21,43,51,66,53,80,54,95,29,22,93,14,6,78,77,91,100,10,14,9,7,26
56,63,95,27,23,50,75,89,2,77,71,14,22,90,61,51,85,8,68,95,44,80,100,54,50,56,59
81,98,58,100,42,45,55,80,40,56,84,85,8,89,83,80,61,18,100,77,82,38,16,74,42,38,48
62,0,25,11,7,43,64,45,3,3,66,12,82,40,23,28,16,13,22,31,95,12,26,47,9,21,58
8,10,33,5,16,13,58,37,75,5,88,55,72,33,3,22,94,38,60,73,0,72,37,18,49,71,1
0,41,40,59,89,55,66,61,33,66,0,10,9,44,9,76,22,36,6,82,27,60,76,19,63,98,23
57,0,26,73,2,44,84,98,91,28,88,83,2,97,65,29,60,65,60,94,86,39,10,13,21,8,89
33,80,59,47,31,31,86,25,15,52,69,44,91,80,61,35,30,36,38,77,42,97,47,27,8,11,44
41,13,98,54,61,61,85,3,87,59,16,22,74,34,13,31,84,52,61,80,19,16,40,90,48,12,17
29,11,23,59,93,35,31,63,3,67,17,38,97,96,23,28,92,32,59,10,9,60,24,72,92,95,31
95,80,20,21,3,45,59,31,92,59,12,82,21,49,100,100,47,62,47,54,31,59,37,3,20,61,4
15,10,35,69,73,18,8,16,92,71,47,46,72,46,92,61,55,65,94,45,19,3,38,96,17,26,5
24,13,47,93,36,23,11,85,32,25,95,36,69,40,41,67,62,45,14,39,22,90,95,97,85,21,57
55,100,7,63,76,96,77,0,46,54,86,78,57,21,82,5,100,56,35,38,1,51,90,37,71,75,0
1,40,30,58,35,78,12,29,66,34,100,76,57,97,30,23,71,62,33,5,44,50,50,18,0,49,37
64,77,43,46,47,57,92,54,13,21,67,54,47,11,96,41,99,11,41,88,22,6,72,46,35,62,36
27,92,23,2,39,4,25,46,79,78,92,67,59,58,58,38,3,26,98,40,57,63,53,34,39,60,80
4,49,89,43,94,79,15,22,97,47,31,52,49,80,40,4,28,13,12,54,76,86,96,37,91,89,25
97,48,24,51,59,85,43,76,47,16,12,24,80,81,48,34,60,25,53,45,95,28,88,50,69,38,54
23,83,70,82,3,28,12,78,97,36,78,19,88,57,45,5,17,100,41,41,72,16,63,53,69,83,84
44,56,17,67,51,59,75,31,93,50,1,19,28,96,2,75,94,21,55,25,76,7,78,70,74,85,23
15,81,52,51,63,98,43,33,21,10,93,38,21,84,68,29,65,78,70,50,45,80,17,96,18,30,43
34,50,16,1,22,24,46,39,58,1,61,78,1,98,60,50,77,48,62,94,82,38,58,75,51,88,40
76,51,69,83,91,100,99,21,51,4,10,14,95,40,3,69,27,10,32,25,77,69,17,84,65,96,36
0,4,23,51,28,90,41,51,67,94,81,60,94,15,21,52,54,66,34,43,56,68,59,46,13,53,94
49,28,5,27,66,77,28,42,87,11,84,41,62,90,98,71,79,50,17,61,80,32,59,59,12,35,27
98,93,17,29,52,43,62,31,24,32,32,14,12,40,34,65,58,45,2,85,98,96,53,87,28,66,16
31,98,31,96,86,19,29,73,85,52,80,39,18,36,74,95,66,95,17,83,11,41,30,3,82,75,14
99,39,46,42,40,9,82,40,72,41,14,66,4,17,93,1,51,81,39,46,75,2,89,55,19,6,22
1,60,75,85,58,27,19,62,6,34,22,17,92,10,88,70,78,21,35,82,33,78,37,88,66,91,10
13,15,60,15,35,4,74,49,16,67,51,86,52,11,81,36,0,80,46,42,84,19,11,82,43,37,86
3,25,48,21,8,57,31,60,88,41,11,30,23,26,37,99,7,65,15,85,77,39,73,8,24,4,8
10,46,87,79,62,52,68,85,46,66,26,23,47,22,45,66,65,36,78,36,28,76,29,65,25,37,17
82,91,67,84,23,4,70,25,7,65,33,88,33,91,48,61,23,68,30,94,78,98,87,77,89,14,64
97,70,57,76,20,89,91,78,21,98,71,84,44,57,26,20,24,64,29,18,59,45,58,42,19,20,13
81,54,90,66,18,90,7,33,0,46,9,82,51,88,14,35,25,75,63,5,8,15,74,94,20,13,85
99,47,39,4,46,46,70,64,51,27,54,14,93,26,73,2,37,93,6,58,80,91,65,16,54,80,5
1,33,78,29,35,57,47,1,44,87,68,74,30,19,28,22,71,62,56,95,44,11,46,81,12,94,56
67,63,98,22,20,49,87,92,79,97,1,28,85,3,66,60,87,18,50,0,39,65,92,8,89,93,23
3,97,59,71,28,46,64,3,60,85,12,96,96,24,22,94,50,27,70,52,10,2,29,50,73,9,91
64,66,56,87,85,89,90,6,91,34,11,15,48,79,70,17,69,66,32,93,49,55,44,32,70,86,30
38,76,18,65,62,91,78,6,68,47,41,88,41,57,26,30,24,67,19,80,65,13,89,65,67,90,75
90,3,4,10,92,41,67,3,43,10,39,2,47,17,94,33,96,27,96,100,68,76,89,1,5,46,23
23,41,77,62,34,86,35,11,49,49,41,40,68,66,57,23,34,60,45,39,40,73,11,26,93,50,17
5,83,71,34,28,31,53,39,28,87,52,15,29,51,94,18,85,69,36,42,71,3,22,90,14,89,40
15,81,3,98,8,7,97,78,22,35,52,85,6,33,72,90,17,13,37,30,15,75,8,13,18,46,54
83,35,62,37,34,32,38,79,98,94,52,3,70,25,60,75,5,76,58,7,56,9,75,23,98,75,41
21,22,78,79,46,23,62,47,22,70,47,43,48,17,57,65,95,67,71,71,87,34,78,74,40,14,8
1,0,46,83,5,34,84,29,70,97,46,100,21,51,4,89,9,70,58,40,93,43,30,64,33,85,54
39,67,92,42,38,94,59,80,40,27,25,39,17,68,74,11,46,47,50,74,18,72,81,47,74,51,22
43,52,35,29,48,54,63,93,22,22,34,30,68,99,1,7,11,4,24,55,7,13,47,63,21,92,52
7,3,87,31,40,92,50,16,37,82,41,39,89,29,65,88,79,34,85,85,32,55,88,96,38,56,99
26,52,2,99,79,33,2,49,74,81,69,13,26,99,67,69,1,42,70,76,83,44,14,71,52,76,45
5,84,74,3,99,2,69,32,79,47,17,2,42,14,46,44,53,13,14,36,89,62,40,23,16,82,60
80,8,47,57,37,58,44,93,3,11,41,25,15,56,44,41,22,18,78,29,46,74,78,91,75,45,82
28,39,21,91,4,84,19,24,84,86,62,84,5,84,14,58,46,60,18,92,49,53,49,79,86,57,28
54,95,82,51,100,22,49,3,84,98,78,88,87,74,100,0,9,22,44,61,75,13,56,82,43,63,18
13,23,89,29,11,20,5,82,28,94,84,59,97,3,84,3,13,38,47,15,21,1,3,83,49,29,55
11,72,14,66,29,70,45,99,69,61,32,23,59,78,100,12,65,16,70,34,6,52,98,33,17,85,51
70,59,13,28,87,98,51,57,50,32,49,31,55,57,78,99,81,34,95,46,26,15,68,98,7,16,89
76,38,28,37,19,71,42,10,67,95,73,59,25,79,13,44,38,63,32,46,63,21,44,17,81,78,86
52,64,56,79,8,13,54,4,86,96,0,9,71,64,100,49,68,83,79,62,17,20,42,72,71,49,38
35,16,100,53,64,32,18,11,10,68,32,10,65,81,66,54,34,19,64,85,29,93,26,34,92,59,9
45,46,45,24,8,71,20,15,81,99,100,82,7,37,36,42,97,64,37,73,51,75,11,44,29,6,91
51,10,66,93,38,100,47,74,18,99,28,1,91,80,45,50,78,91,33,65,72,13,49,18,2,53,53
93,28,32,64,28,2,38,31,14,34,82,13,100,73,87,41,42,49,63,44,71,30,71,33,58,17,18
66,45,41,17,42,56,13,44,28,85,64,31,58,90,82,77,45,3,5,90,1,40,44,39,42,67,29
34,12,12,3,63,54,30,94,32,24,42,29,9,57,5,8,19,24,85,37,86,17,17,82,86,73,9
59,34,49,40,85,46,83,21,23,97,49,66,73,84,65,31,24,79,6,10,25,35,24,84,28,24,11
64,17,3,13,27,26,42,93,85,19,15,66,21,93,3,69,96,40,17,62,11,9,17,64,29,20,24
83,98,9,69,97,23,85,97,90,93,21,75,36,89,64,22,99,71,85,53,80,5,37,81,89,68,74
95,39,85,41,87,86,8,8,74,15,9,16,16,64,80,3,82,36,44,79,73,53,78,54,86,93,19
44,7,27,44,33,5,16,10,35,51,55,62,1,66,97,52,63,56,36,51,14,61,60,76,21,55,16
51,73,70,3,15,74,5,15,76,24,72,33,25,1,98,69,98,70,28,93,9,90,14,15,30,90,61
40,71,43,89,31,32,68,46,21,31,2,85,52,31,41,21,62,58,62,81,69,63,31,58,39,39,28
34,47,68,97,74,14,85,81,46,3,35,35,17,3,63,54,59,19,18,34,23,39,71,6,33,64,68
35,72,51,10,67,29,95,63,27,45,1,98,21,1,84,9,83,88,29,77,95,86,98,12,8,46,54
26,83,74,97,0,93,1,10,26,19,60,34,23,12,67,0,54,71,85,49,84,51,66,100,16,48,12
37,75,53,68,75,5,54,4,54,77,5,36,25,41,32,1,55,42,34,83,82,32,11,34,41,2,18
47,76,15,73,84,1,18,98,41,43,56,28,74,75,100,91,53,58,78,59,69,74,99,77,30,6,75
17,47,78,62,33,22,58,73,64,96,27,90,8,69,6,56,22,90,50,39,2,9,24,17,94,66,19
70,62,57,14,9,60,92,43,20,61,65,37,10,76,44,3,51,89,69,46,38,12,39,10,6,11,86
69,71,28,83,70,91,29,54,9,6,35,85,32,66,43,31,90,15,43,19,8,57,36,18,31,47,28
90,43,41,74,23,7,13,95,9,64,29,63,31,82,2,52,8,16,86,93,48,82,25,60,33,1,80
47,35,2,18,90,46,45,62,32,84,60,45,27,32,74,52,54,22,100,10,30,4,5,42,5,75,33
20,77,13,10,8,64,44,91,71,53,5,83,92,53,11,69,67,18,10,8,37,85,16,32,60,98,61
98,100,65,89,85,44,55,60,97,48,86,79,23,5,54,7,43,77,29,29,88,5,46,58,30,34,18
57,10,57,66,3,45,26,66,72,39,52,42,71,35,16,20,33,20,21,27,47,20,74,90,13,35,81
0,68,42,40,100,54,5,14,84,77,67,48,61,39,95,14,53,34,71,83,12,31,89,63,93,52,9
32,28,92,57,3,22,81,84,30,28,46,25,39,21,31,0,54,28,24,29,89,4,55,90,39,69,70
2,4,100,9,96,74,44,95,49,26,50,86,81,19,71,54,91,97,70,22,21,75,89,64,79,18,4
1,89,92,28,13,36,90,56,22,75,89,18,96,0,93,20,22,92,71,8,97,93,52,35,38,5,31
78,50,77,13,86,17,54,38,33,94,89,99,57,33,79,58,38,100,36,90,100,61,38,72,67,63,87
64,41,23,73,74,35,95,22,24,10,22,72,93,30,70,24,68,51,38,15,19,44,11,6,0,75,40
17,46,57,67,31,5,31,45,95,85,35,91,53,96,27,6,73,52,63,7,65,88,21,81,61,67,81
41,72,76,79,5,18,62,44,9,62,20,55,60,46,86,27,2,13,82,26,2,34,22,36,92,30,50
42,53,52,3,67,2,73,37,24,53,85,88,88,23,56,5,27,80,30,19,31,26,75,8,97,37,83
72,6,92,3,66,17,3,1,10,98,87,0,5,16,79,6,34,44,100,71,4,77,58,84,33,77,97
50,13,31,23,25,40,9,39,69,45,62,52,62,3,33,48,6,14,11,63,36,42,88,95,94,76,63
90,42,29,26,46,39,50,49,50,12,70,95,44,63,47,37,53,8,79,0,42,9,48,90,61,79,41
72,97,87,12,30,26,66,97,24,59,52,53,99,57,39,21,73,88,96,72,87,98,4,15,44,25,13
0,98,1,25,75,75,88,98,46,1,28,50,11,68,41,81,60,2,9,53,39,49,14,2,95,93,1
18,66,80,42,70,70,24,77,71,10,5,98,5,12,66,15,36,27,97,73,45,34,75,61,56,54,31
43,62,64,18,36,38,43,56,99,100,98,14,8,77,75,90,50,85,67,95,100,20,74,74,59,16,68
85,17,94,76,24,2,34,82,19,94,37,88,52,88,68,66,57,96,62,15,40,33,28,58,84,65,44
43,53,88,72,56,34,42,6,80,76,48,21,40,19,84,53,94,95,20,41,34,38,99,92,74,43,18
42,59,70,14,77,23,30,80,12,98,28,75,93,14,41,51,13,70,11,12,2,81,21,71,45,8,28
56,55,55,84,71,33,20,60,8,84,16,13,13,73,74,96,78,36,79,35,86,76,85,63,35,77,13
0,46,57,21,4,13,60,48,4,84,27,99,38,69,35,61,73,39,6,75,65,78,23,12,30,53,56
36,83,60,31,0,75,7,83,71,1,49,78,72,2,56,14,97,86,40,92,17,33,39,36,59,95,29
5,35,87,10,98,44,6,93,86,67,49,90,43,64,99,58,38,53,85,26,29,3,67,62,30,75,33
79,18,82,25,27,75,40,75,43,69,36,19,31,81,5,59,11,54,8,16,37,16,77,25,70,94,64
23,73,20,27,87,58,61,89,52,52,45,49,40,75,73,24,59,99,95,96,91,47,79,76,98,72,5
41,5,87,46,43,13,2,99,77,3,11,86,72,93,71,86,99,30,14,2,48,5,57,56,50,87,70
71,16,95,74,61,33,96,84,91,49,78,13,18,85,10,58,65,49,49,24,58,87,73,24,37,24,38
24,90,25,82,54,19,55,11,10,65,54,98,54,56,14,66,26,64,83,93,91,61,89,86,10,2,53
99,84,17,66,61,34,97,85,69,15,55,8,17,60,29,31,21,5,31,0,39,75,1,26,88,64,72
41,69,82,81,87,22,17,72,9,47,89,65,51,18,46,16,93,35,46,48,51,35,31,86,11,63,99
23,3,13,2,88,19,17,51,93,11,24,23,30,54,47,16,80,8,8,8,41,96,57,41,45,32,57
1,29,42,62,78,93,74,75,4,3,96,45,83,42,11,58,73,2,54,80,33,47,67,95,67,76,8
89,37,23,67,74,47,4,68,43,95,94,59,48,55,30,59,78,82,41,40,36,57,2,94,2,49,88
66,0,4,54,68,0,1,58,64,100,43,71,82,99,11,62,76,20,21,97,26,44,3,2,39,97,98
24,96,25,92,97,0,35,62,5,36,48,11,0,80,26,35,55,54,14,67,95,95,42,60,56,52,32
83,27,13,93,42,30,93,98,73,33,52,95,75,28,67,43,51,25,88,4,26,39,59,76,44,59,78
75,24,84,5,80,42,71,86,68,82,46,26,0,64,88,23,82,9,73,80,82,65,26,66,21,26,45
16,3,39,34,7,92,89,54,96,96,16,96,54,65,66,82,97,69,15,73,28,11,0,23,92,80,11
73,87,27,67,15,58,47,88,72,71,35,57,41,80,0,48,89,10,73,20,94,58,44,71,30,39,14
61,76,84,20,34,98,72,1,43,3,5,75,22,69,68,90,63,37,21,51,60,42,57,100,65,20,31
95,31,33,52,67,34,7,49,22,15,72,33,68,59,37,29,91,77,91,2,58,12,11,17,7,16,82
64,100,53,33,23,76,61,95,77,79,4,62,78,19,97,92,4,64,10,10,11,91,57,9,2,21,69
98,44,91,3,34,19,58,46,51,6,32,31,20,70,50,58,32,70,37,48,79,50,99,36,1,89,8
67,39,15,62,90,59,44,59,79,53,19,12,31,27,91,96,44,78,44,17,49,77,84,43,97,83,11
34,44,20,11,55,89,18,46,58,16,26,43,98,92,29,47,85,83,12,15,87,5,21,45,44,60,24
30,45,33,29,34,6,83,71,31,81,87,84,74,23,22,73,26,19,75,19,48,26,53,81,70,3,19
77,61,75,22,28,10,86,33,56,38,16,73,59,73,6,38,61,83,22,51,32,90,9,53,72,74,54
63,63,16,67,4,33,11,4,98,42,43,71,35,47,52,70,65,21,16,84,26,4,85,45,54,3,5
97,88,11,37,53,25,71,51,62,94,89,90,11,10,67,0,13,35,35,86,58,73,96,94,88,28,86
9,35,54,45,82,54,78,100,94,66,35,10,4,31,24,19,91,59,86,16,16,51,100,35,61,55,7
75,15,58,4,52,31,4,77,75,31,79,6,78,58,92,88,52,83,5,0,95,61,24,93,88,41,32
43,95,44,72,95,100,1,7,57,8,66,90,21,90,9,36,65,71,35,20,45,88,93,62,93,66,37
68,40,97,44,72,51,71,91,1,92,62,61,50,63,19,23,42,22,94,14,34,82,62,20,5,93,50
19,28,59,29,12,22,83,94,43,2,36,29,42,79,38,73,35,54,67,79,47,34,50,79,53,87,13
58,12,91,42,13,41,85,29,67,25,16,57,10,41,23,25,70,24,80,65,0,58,57,29,29,87,52
51,3,81,29,81,63,59,40,67,64,56,23,99,37,55,48,6,41,58,82,81,71,49,23,51,19,87
25,15,77,27,8,49,36,10,99,24,89,20,76,40,1,91,43,58,77,8,8,55,2,75,20,37,69
68,49,31,23,48,15,28,67,21,74,76,13,96,14,9,24,46,7,99,23,37,3,77,2,96,43,36
66,89,80,66,43,93,79,66,79,42,87,82,59,84,11,96,36,97,78,28,52,41,48,87,43,83,93
67,56,32,67,93,10,29,7,60,92,31,30,33,6,29,72,98,14,31,58,10,92,12,12,98,31,50
7,41,14,67,86,67,71,78,43,72,53,28,73,54,91,64,74,100,11,43,53,79,69,97,29,24,56
17,74,47,82,36,21,48,57,55,47,78,43,28,92,61,61,24,98,92,28,2,64,58,1,20,81,58
8,74,72,80,3,0,71,85,12,33,47,22,50,80,64,44,92,82,19,67,73,58,59,48,26,33,56
21,0,51,89,69,8,24,71,89,34,47,51,21,92,17,5,62,81,37,53,45,32,83,21,74,19,49
3,9,25,71,79,62,50,29,38,47,86,54,53,60,9,11,4,19,83,20,92,60,90,73,32,23,53
29,18,90,10,33,17,5,10,38,64,80,60,76,59,49,75,98,21,67,42,5,80,77,68,75,57,73
26,49,26,36,22,13,71,7,76,62,53,5,89,85,54,68,0,83,74,95,27,80,55,85,43,54,91
80,60,53,58,39,65,42,40,75,96,0,68,16,82,7,77,60,15,46,13,8,62,43,22,99,59,11
46,32,56,97,66,28,36,9,33,64,32,82,36,21,39,43,89,46,85,52,10,64,86,97,71,78,13
28,76,8,24,34,94,72,74,76,64,68,3,73,43,35,4,25,95,33,82,38,74,99,68,68,33,61
55,49,37,35,81,45,12,7,84,10,5,77,88,64,38,12,34,90,96,76,50,37,90,78,51,99,45
30,83,27,95,90,65,37,70,5,75,69,11,20,74,54,99,94,74,66,11,0,66,28,72,55,37,52
39,33,93,85,10,83,19,97,36,3,8,97,100,36,56,14,29,46,27,12,51,97,33,28,16,22,1
61,38,82,72,5,28,60,50,43,0,26,20,54,21,76,11,80,21,23,15,6,61,61,46,63,9,50
92,92,41,23,74,13,81,74,82,83,42,99,32,45,61,70,99,44,32,53,51,54,76,60,79,15,0
13,56,27,73,76,6,50,60,21,87,85,37,31,57,62,23,31,19,71,47,98,32,10,52,1,95,61
27,95,64,93,9,87,67,76,8,25,84,96,8,33,17,12,92,35,87,9,28,53,83,100,88,5,55
71,1,34,9,44,31,68,57,12,56,78,23,58,68,75,3,87,3,77,77,68,83,76,65,79,49,80
88,11,89,12,15,92,8,0,71,49,10,81,64,17,43,71,6,17,68,2,36,20,91,25,50,100,31
63,18,38,17,89,1,95,94,78,35,42,85,9,51,64,22,61,93,23,22,14,88,66,33,9,5,83
14,87,95,22,69,48,12,24,99,82,38,63,44,33,74,63,81,3,0,25,7,41,50,29,36,86,9
17,79,0,6,8,17,24,59,3,70,93,17,86,95,91,10,9,62,37,8,97,2,17,40,19,25,6
2,31,79,53,100,23,61,57,93,85,75,28,22,70,32,83,2,7,91,23,49,22,56,81,78,85,14
79,87,69,72,49,62,46,61,90,20,37,0,9,10,50,3,100,92,14,0,33,51,100,36,41,77,13
95,6,49,85,64,35,90,27,80,83,92,60,37,54,96,3,87,9,29,69,85,35,27,35,90,21,11
83,15,33,33,83,82,58,0,9,35,48,58,27,33,4,73,28,5,57,31,45,92,100,12,34,31,42
5,6,91,5,40,81,0,83,93,66,59,7,20,61,80,67,16,0,49,46,31,89,28,72,74,59,69
55,92,91,55,49,72,59,53,72,12,53,58,2,17,51,55,38,68,25,40,72,47,22,50,72,60,25
10,43,62,6,68,17,77,44,15,5,28,86,2,19,9,52,86,29,57,59,38,20,81,20,93,73,4
10,41,95,13,72,35,47,80,9,79,77,7,19,92,26,58,98,78,34,58,74,76,45,89,92,30,1
71,9,3,97,47,18,59,0,7,33,93,79,60,41,30,20,12,72,53,40,93,35,82,27,86,41,77
34,80,67,59,67,62,76,27,12,51,86,75,74,21,49,33,76,45,83,88,90,89,56,97,98,21,24
29,59,66,15,9,24,69,24,27,45,93,68,96,30,79,75,64,80,73,21,87,8,9,96,84,16,39
99,59,71,7,37,80,20,49,97,87,0,84,56,36,14,56,100,62,35,95,24,26,42,44,42,67,89
55,44,11,46,44,95,66,88,99,44,65,84,29,73,62,2,97,39,7,58,76,38,41,26,21,29,43
81,74,26,5,65,30,50,46,50,97,80,58,90,66,91,60,80,33,51,70,86,38,73,78,94,1,55
9,88,89,90,10,72,25,75,20,6,0,15,92,64,45,71,77,10,33,86,80,56,57,28,72,72,83
6,65,20,67,95,72,0,92,62,48,93,76,46,92,59,1,35,52,10,86,80,37,31,46,41,91,48
96,30,95,84,41,5,20,88,81,77,45,8,26,37,99,82,58,84,67,25,15,27,82,12,24,65,89
78,93,23,99,87,46,34,13,97,28,96,54,28,89,65,66,53,18,87,73,53,42,60,45,10,14,13
47,31,15,20,56,19,36,77,67,27,84,50,78,98,89,67,81,88,91,50,90,87,62,88,40,45,73
45,25,54,59,57,76,36,29,10,28,15,58,49,87,89,14,28,7,36,19,48,14,76,86,54,81,8
63,21,39,15,32,48,92,22,10,63,43,1,39,43,21,66,61,3,40,64,10,11,64,96,54,60,13
76,59,56,78,53,22,46,20,90,81,80,62,18,17,88,36,95,86,4,29,13,32,45,44,4,78,68
84,62,76,3,62,72,98,32,50,76,68,6,17,50,97,70,69,94,99,22,63,1,16,99,79,61,0
38,96,20,7,79,97,32,83,38,93,6,85,26,6,16,82,70,40,90,84,44,53,74,27,67,44,68
2,60,42,78,81,31,97,96,39,20,41,89,21,79,88,28,44,68,9,51,42,29,16,67,87,5,66
48,58,10,99,76,65,14,96,7,36,57,6,94,34,43,11,21,100,88,59,4,80,17,57,87,47,7
85,93,25,31,79,45,88,8,59,10,6,35,67,79,53,43,52,24,46,82,82,94,22,50,26,78,37
48,21,33,59,61,23,90,86,18,84,21,56,47,27,99,64,62,94,3,1,96,48,25,42,55,15,58
73,36,5,35,94,47,6,14,18,96,97,88,27,100,28,64,83,6,8,49,47,78,85,18,34,89,56
15,37,36,86,76,97,100,84,93,26,13,4,89,83,42,64,31,58,36,87,93,52,2,68,22,7,82
28,7,73,4,97,47,73,98,92,23,5,1,54,44,82,71,73,16,49,4,38,74,87,40,77,93,35
34,11,75,22,25,77,94,48,18,83,83,23,91,2,86,91,11,99,77,50,16,7,70,12,51,46,22
2,99,27,14,76,9,23,88,76,8,23,35,84,7,55,21,96,47,38,40,51,52,43,62,69,44,43
77,60,47,17,2,42,59,96,69,85,30,50,78,20,62,50,69,84,19,100,12,18,82,82,61,40,19
51,97,88,98,58,6,9,47,44,7,61,8,38,45,24,44,23,38,35,14,14,79,4,20,99,22,86
94,51,91,100,88,18,9,28,88,3,49,60,21,28,29,47,38,25,94,34,10,96,78,32,96,53,99
41,48,60,24,35,7,67,17,63,65,53,78,79,51,7,77,46,20,10,46,90,74,77,38,96,34,94
61,60,45,34,37,12,2,19,77,88,17,13,92,42,20,73,23,98,37,22,15,79,94,32,35,90,19
60,62,93,12,42,4,10,92,59,89,19,66,80,25,4,33,25,11,28,65,15,23,29,34,12,82,91
72,70,40,100,37,55,7,36,50,39,34,87,91,10,33,1,29,4,47,23,50,84,60,2,6,2,32
88,20,17,19,87,34,12,22,86,35,91,75,88,35,92,40,23,41,56,43,84,1,37,60,76,19,26
60,46,55,31,50,16,31,31,10,31,85,45,16,44,91,80,98,38,84,93,22,50,70,86,13,33,56
75,47,1,58,52,40,97,0,100,86,92,69,88,60,77,42,16,28,79,83,46,12,92,23,63,64,24
86,53,13,94,50,31,24,65,42,30,18,3,1,55,88,48,52,83,7,43,71,22,62,19,40,32,9
23,99,54,14,48,79,30,14,94,88,90,24,48,54,22,44,71,80,92,61,40,62,46,23,62,34,91
55,100,83,70,5,84,78,70,47,52,64,2,24,10,55,95,100,19,31,58,90,27,16,9,24,87,67
89,56,12,76,67,74,90,74,98,63,36,79,68,17,47,72,8,30,99,67,97,54,68,98,80,95,10
46,36,69,14,59,59,5,44,90,31,6,5,57,15,86,46,24,2,82,96,58,14,14,17,58,97,75
52,93,12,50,70,49,61,1,94,2,10,22,11,70,40,12,38,22,50,34,58,2,84,53,11,92,32
36,1,31,95,43,19,67,67,56,9,30,9,93,98,8,88,38,95,93,3,96,31,80,29,33,3,11
7,12,4,68,30,57,68,10,28,62,59,92,41,93,57,95,97,40,97,28,87,11,100,7,20,80,57
87,25,58,36,95,60,71,99,98,15,25,49,61,50,19,74,3,68,54,19,31,45,0,86,24,11,13
88,3,11,66,74,59,21,9,91,44,26,65,38,57,90,32,95,38,88,91,58,75,48,63,60,0,61
43,31,87,76,87,66,30,94,89,97,42,84,63,34,30,45,68,62,29,34,41,97,5,89,17,11,4
35,12,11,48,86,84,15,3,53,57,42,32,55,47,30,5,63,81,97,15,28,39,78,84,5,36,43
88,23,94,1,22,7,51,38,83,89,89,28,28,16,7,66,79,9,40,80,50,56,74,54,93,28,32
73,83,29,43,98,100,2,27,32,10,45,47,6,98,75,24,33,66,88,83,20,45,78,81,51,15,56
74,53,100,17,17,57,63,60,86,55,18,2,70,2,0,31,42,50,4,74,77,50,88,40,99,3,61
33,55,70,33,70,63,15,91,79,68,60,82,45,100,85,76,69,62,59,47,43,1,73,16,81,13,52
46,70,76,89,81,10,52,50,32,91,44,92,32,71,47,46,53,3,95,16,40,5,30,29,69,75,69
6,57,5,3,17,40,48,100,50,22,94,96,54,81,53,61,49,84,77,62,37,89,66,9,24,88,81
24,57,11,4,63,63,25,69,65,62,39,66,81,92,90,19,89,52,11,4,87,39,29,12,97,86,36
45,13,48,83,59,61,0,69,8,7,36,38,78,9,22,69,60,55,39,99,34,74,40,52,90,64,14
74,17,2,39,92,61,8,44,20,95,11,37,54,81,53,18,98,47,58,62,24,75,49,37,65,56,27
31,79,80,7,11,63,90,18,16,30,59,11,79,97,29,50,68,29,73,81,19,48,61,12,33,40,81
46,60,89,41,9,40,33,61,24,85,84,65,46,59,59,96,51,5,66,58,28,36,57,4,37,13,16
21,15,74,6,36,46,72,1,61,45,20,91,55,3,20,18,84,39,24,35,32,40,74,84,70,83,91
100,30,57,39,69,81,7,24,13,29,37,54,57,27,99,34,8,21,47,60,37,81,15,12,76,58,33
53,21,4,12,16,7,5,7,80,24,13,21,69,10,69,99,91,34,94,59,76,42,73,94,98,31,14
80,28,92,59,83,93,5,65,52,38,41,2,52,0,77,81,53,68,87,4,32,61,1,27,37,1,52
49,7,55,89,23,82,47,82,46,69,18,72,92,38,61,96,71,65,45,69,36,52,15,29,12,18,75
6,41,4,11,15,81,42,88,20,40,37,62,34,98,66,33,33,30,7,72,65,77,52,54,76,50,58
36,45,63,16,36,72,53,99,100,11,26,64,72,68,17,49,74,48,65,22,22,34,84,30,84,91,69
36,71,87,25,3,38,13,12,86,70,27,34,97,44,42,12,73,25,45,52,61,55,88,74,71,36,48
25,30,83,38,24,15,17,39,90,44,38,8,25,42,50,49,37,61,82,36,60,25,57,54,64,77,75
29,89,81,63,38,37,86,80,22,15,68,15,88,97,48,36,83,41,91,90,50,28,92,88,76,78,37
92,1,35,100,20,49,93,10,11,34,59,81,10,95,10,99,3,4,44,17,21,45,56,63,53,78,63
61,20,84,63,12,27,58,26,27,38,19,53,73,14,95,79,50,76,76,45,19,84,48,0,51,46,36
62,44,85,46,100,44,26,20,92,1,12,82,10,69,29,35,64,42,5,41,14,22,16,11,58,4,55
43,10,88,45,65,20,2,8,44,91,79,42,22,75,1,38,39,31,49,36,86,53,84,86,30,7,39
32,55,94,42,15,87,100,27,84,82,32,46,2,69,71,55,67,3,100,81,5,69,90,83,13,30,13
50,25,4,91,63,30,8,87,4,54,53,24,42,22,24,95,92,92,91,37,94,46,48,7,74,89,97
30,85,83,77,92,96,32,13,72,48,65,84,70,44,62,18,100,78,60,68,91,84,18,57,73,20,63
9,21,7,89,24,59,15,74,45,60,82,84,22,14,87,53,32,66,44,8,9,38,7,28,0,100,65
62,33,92,73,5,100,30,30,17,41,38,82,34,96,84,0,36,52,68,96,33,29,100,31,49,91,14
62,38,19,98,81,1,26,34,72,87,15,69,34,43,17,9,54,99,1,98,95,77,40,81,68,97,61
51,20,57,72,6,87,77,21,54,2,83,86,36,65,47,10,83,41,20,59,71,89,50,66,82,18,5
39,28,2,41,73,24,13,52,66,21,37,38,67,69,97,9,98,67,10,98,63,81,71,88,81,8,53
93,34,47,71,31,56,16,72,99,54,62,69,24,22,86,40,71,53,48,93,57,69,50,39,80,5,28
59,40,44,94,44,97,41,88,59,55,47,92,82,12,10,4,94,72,69,39,49,67,27,81,32,83,19
44,61,8,10,66,63,97,58,44,79,6,35,89,59,93,39,78,67,81,2,11,28,23,80,19,93,70
74,3,2,42,70,58,63,64,11,23,49,30,81,21,61,27,11,95,42,15,83,54,1,49,67,71,56
33,91,9,67,14,70,60,35,77,84,76,9,51,81,24,22,21,38,29,45,44,52,35,3,2,53,97
89,97,26,13,90,63,92,60,62,25,100,92,5,89,43,97,44,50,100,56,16,99,44,18,77,60,44
37,13,15,20,38,30,37,100,66,9,48,95,56,78,75,18,5,9,41,99,30,90,69,40,49,30,60
29,58,33,94,66,92,47,62,66,50,18,62,16,66,54,67,91,94,68,38,45,13,29,85,74,84,75
54,83,92,89,92,84,11,18,45,26,3,58,32,58,57,28,9,11,4,58,73,91,32,59,77,2,66
58,5,76,8,35,13,31,94,80,25,47,28,6,29,80,70,17,29,19,71,57,67,21,86,31,3,89
7,22,65,1,40,33,94,62,63,0,46,12,60,23,23,70,64,64,53,32,75,28,49,57,9,47,73
60,84,10,40,92,78,20,52,61,74,20,59,64,40,24,96,76,89,37,23,4,86,47,23,34,18,20
91,73,64,74,23,41,76,69,96,60,61,66,75,51,49,4,70,35,20,25,42,22,61,52,73,46,10
85,62,12,97,0,0,100,1,3,6,35,2,79,57,14,4,3,77,48,83,17,97,10,48,34,25,98
10,68,5,12,14,82,36,66,51,40,26,34,76,25,85,47,60,31,90,14,32,33,71,48,93,44,47
7,94,35,54,70,56,42,94,54,6,73,13,66,76,82,34,82,76,0,64,48,54,31,67,11,78,68
37,80,12,39,72,94,100,46,89,76,39,22,27,47,17,44,70,50,95,56,84,16,28,34,9,48,25
26,97,40,75,69,45,56,81,73,25,32,66,81,11,94,0,32,62,77,69,30,92,9,50,28,69,12
50,82,84,22,36,31,20,61,77,32,26,63,43,1,2,15,78,49,83,98,54,12,90,82,53,96,70
41,93,42,36,15,29,34,18,63,65,90,24,27,62,82,73,12,52,48,14,69,1,79,92,42,8,71
84,70,17,83,43,64,60,50,1,2,92,51,31,78,81,8,25,33,35,11,50,4,81,39,26,28,6
16,48,66,82,43,48,76,94,17,83,68,44,55,84,39,67,91,9,68,22,41,22,8,75,26,37,37
37,76,85,21,35,58,90,10,38,43,9,88,30,45,49,97,16,95,62,75,8,99,41,94,16,16,87
14,12,96,5,34,78,49,77,92,41,42,8,26,85,2,36,12,64,80,66,39,14,95,27,18,38,62
94,1,47,57,12,85,29,45,21,66,14,85,60,91,51,90,63,60,2,44,10,48,65,67,90,21,13
68,61,60,80,31,83,54,97,7,56,77,75,41,92,39,49,4,88,63,93,69,100,15,10,68,70,29
35,61,22,50,43,82,56,18,79,49,20,6,98,11,51,78,39,55,89,63,65,47,0,80,43,30,97
57,46,30,6,2,32,25,50,63,32,25,15,35,22,6,80,83,91,70,50,72,44,37,48,66,16,76
50,66,24,40,31,29,92,65,89,79,100,32,51,35,39,31,76,70,85,33,78,47,90,26,52,82,48
14,98,10,22,16,74,80,89,64,39,54,6,33,81,61,55,97,80,62,32,5,63,53,66,64,45,40
32,71,59,56,32,84,77,22,74,17,74,38,21,6,2,54,2,22,3,80,26,71,8,75,61,7,7
93,5,46,97,39,39,78,100,0,7,49,2,80,41,79,15,76,0,86,70,32,59,100,59,25,13,39
51,70,15,83,84,41,25,22,83,73,39,33,43,54,47,25,69,67,59,41,92,5,5,61,38,5,90
60,26,100,62,31,25,27,99,79,62,75,0,66,92,41,38,49,19,70,67,71,39,28,27,67,87,11
83,43,58,35,43,15,7,95,54,42,51,88,20,33,48,64,72,15,51,94,17,24,44,22,68,67,0
97,30,85,40,12,9,27,27,11,46,33,85,13,87,89,18,33,45,78,16,36,52,19,13,21,6,51
31,58,46,13,49,69,100,16,51,80,88,44,1,94,48,36,21,69,29,18,74,37,75,84,48,28,5
95,50,44,20,98,10,97,21,35,83,10,85,58,32,39,94,64,23,42,100,23,9,17,54,83,61,64
39,30,68,83,50,73,46,80,16,72,74,82,25,73,2,24,32,29,35,25,17,66,30,36,11,92,44
84,24,38,70,69,57,33,95,70,8,35,94,97,33,69,22,64,26,19,21,60,42,65,74,98,35,97
82,10,40,24,19,75,64,26,61,75,29,73,19,55,17,1,8,89,94,85,73,78,16,78,41,26,10
64,64,61,34,72,68,100,18,76,56,71,56,93,76,37,52,68,29,13,83,56,32,52,97,87,58,45
56,35,55,93,41,73,84,82,41,15,63,72,52,74,83,68,99,78,33,42,6,8,28,79,11,25,55
94,95,48,3,11,10,29,31,91,34,60,11,93,15,22,38,74,82,18,59,36,89,17,44,65,71,12
79,15,38,66,39,1,72,85,79,11,23,56,22,16,25,31,13,43,5,68,78,23,44,77,30,25,5
41,74,82,52,37,99,56,43,30,15,72,6,15,56,46,59,3,60,11,92,42,28,1,70,57,74,100
9,87,5,59,74,28,45,74,69,90,63,40,70,19,49,4,91,18,49,57,53,28,5,78,64,22,32
23,90,1,44,67,97,19,1,84,37,92,100,75,48,98,86,43,63,81,66,50,18,64,23,70,25,5
25,73,14,27,91,88,5,30,10,100,83,72,52,63,41,93,47,73,97,89,78,22,93,73,76,80,94
38,45,39,58,85,75,86,71,63,6,54,2,90,23,25,74,48,53,55,72,57,49,88,29,1,70,34
86,80,31,49,89,40,73,99,38,32,100,23,14,76,9,47,16,23,61,28,4,62,52,50,45,82,87
56,28,91,0,1,49,4,7,30,40,36,92,37,23,96,61,85,7,98,30,93,70,85,13,51,42,67
32,90,31,91,46,23,95,17,28,91,70,0,98,32,17,92,65,43,6,86,19,73,91,93,8,57,2
64,39,20,79,66,64,70,66,40,11,64,55,96,3,90,6,28,27,58,54,30,34,14,81,84,90,27
93,89,57,46,48,39,33,37,80,26,0,56,62,87,64,75,21,45,11,74,38,92,32,50,81,99,53
27,22,88,47,61,83,26,82,24,82,77,33,34,51,100,59,66,4,65,25,95,13,30,53,29,9,74
86,76,82,96,87,4,73,65,15,88,60,37,86,52,42,68,30,52,43,81,0,96,27,64,62,64,7
56,83,78,35,18,86,68,52,72,51,4,82,6,37,18,90,96,17,41,93,62,92,29,43,5,13,75
61,91,59,36,53,69,45,30,73,91,84,86,16,88,97,24,12,18,12,81,78,15,64,63,94,37,47
21,54,28,26,56,7,18,42,97,90,1,78,21,59,60,71,63,83,16,47,68,40,78,58,2,42,63
72,46,48,91,51,69,15,10,32,2,25,61,88,27,48,34,40,24,86,9,8,53,90,75,40,52,85
71,94,6,17,76,50,58,87,30,9,40,65,41,47,39,38,38,26,85,15,63,81,27,65,57,13,74
31,82,37,11,46,100,77,5,88,56,72,90,46,69,84,49,25,96,25,11,75,80,95,22,91,39,47
17,88,31,83,11,44,98,90,14,3,58,59,32,30,29,75,80,78,17,88,94,53,70,38,56,26,80
0,54,71,82,2,47,43,95,37,39,30,43,4,25,53,70,3,71,62,10,79,51,73,74,19,81,25
14,33,3,63,23,52,42,45,36,92,90,0,9,25,42,23,16,30,79,62,55,51,8,59,53,54,18
45,80,72,93,6,82,12,84,37,49,35,62,23,32,90,65,99,73,34,57,82,72,36,78,30,78,90
30,19,3,21,26,11,40,86,40,10,56,35,18,61,43,56,52,35,53,48,21,39,49,65,9,75,100
13,84,93,31,54,84,91,99,48,96,32,20,16,2,60,10,24,88,34,85,21,74,64,93,36,26,72
77,24,66,59,12,31,12,39,1,13,14,90,76,91,95,50,29,96,13,100,1,39,86,23,94,15,16
2,35,12,93,41,73,9,7,69,85,41,24,0,67,99,19,85,27,38,30,66,67,21,42,53,71,81
90,82,33,1,87,97,49,5,62,2,52,30,12,20,51,73,34,30,12,57,33,95,40,95,54,26,93
40,77,71,7,1,60,12,63,41,60,39,68,78,45,75,29,100,15,49,34,70,52,58,82,87,68,96
71,55,26,43,87,19,5,40,90,80,74,39,73,3,26,8,75,10,76,23,15,56,80,44,4,92,73
85,64,30,43,69,20,34,91,70,27,46,2,23,63,21,97,26,46,46,90,13,97,63,63,72,14,88
69,56,8,28,41,20,74,61,28,26,54,44,6,88,77,24,24,15,63,96,62,18,78,94,96,43,7
77,47,39,86,53,11,38,59,93,75,21,75,93,32,45,42,88,63,94,0,18,67,64,94,1,62,17
29,1,96,12,39,52,13,37,99,89,84,32,84,77,88,80,24,78,84,85,54,55,35,84,50,4,3
60,28,77,7,48,73,45,2,78,33,24,91,0,64,28,20,29,67,25,93,72,7,92,61,3,79,87
67,15,34,90,54,93,69,15,68,96,77,52,50,27,29,7,54,25,25,4,2,28,24,45,85,80,35
20,5,76,43,58,25,47,55,35,41,3,70,7,66,51,53,86,91,87,36,11,51,8,1,98,9,35
3,40,81,39,62,88,51,50,67,21,58,25,27,33,7,44,56,99,32,69,69,96,93,6,7,78,2
15,66,29,100,56,50,48,84,46,2,14,81,4,28,0,16,52,16,86,18,21,59,65,41,54,8,98
28,81,59,90,38,74,46,48,44,54,26,63,23,71,72,3,15,36,80,100,57,70,2,98,75,85,11
2,77,31,93,45,11,36,31,71,84,69,5,35,43,21,99,67,27,82,29,1,12,69,89,56,61,56
4,64,32,0,31,31,68,70,82,48,10,84,48,12,31,5,9,18,89,54,29,49,54,40,67,24,89
32,100,26,17,31,74,26,26,59,39,94,79,1,62,62,97,2,92,59,8,53,72,100,61,100,55,66
57,33,48,65,100,16,62,64,3,86,14,47,60,38,98,58,89,86,70,75,16,13,13,62,2,59,20
76,55,85,54,46,31,39,53,82,60,68,16,42,31,50,25,84,79,15,38,89,80,49,80,7,68,87
13,23,70,67,4,58,88,51,54,89,84,41,70,85,48,16,3,27,34,35,67,46,55,82,43,11,77
13,73,54,69,15,4,9,82,97,93,10,28,88,12,22,6,13,40,19,14,15,78,88,23,61,51,7
68,22,81,30,12,92,82,34,96,71,20,77,56,7,87,59,12,100,49,53,27,21,99,56,38,97,89
90,54,81,72,90,19,39,37,73,22,10,46,42,93,24,55,43,51,59,78,46,68,98,41,80,14,52
74,41,14,91,42,13,36,99,73,32,66,11,35,90,77,66,99,53,83,48,96,61,29,65,39,60,21
61,16,91,35,6,17,47,86,13,49,39,82,24,50,4,86,67,9,59,2,73,25,92,57,56,70,8
18,75,72,25,96,76,0,95,60,42,2,19,61,42,42,92,49,99,30,7,0,18,70,97,5,17,92
37,9,12,38,27,83,66,11,20,71,26,78,15,43,54,11,2,27,54,82,20,99,67,99,99,77,30
42,70,20,96,13,40,82,24,37,77,43,78,18,14,26,23,90,25,12,44,18,55,63,0,43,5,85
42,56,31,34,14,14,9,97,54,44,70,20,17,74,41,66,53,2,57,95,73,16,85,58,72,3,91
51,0,53,8,94,23,47,41,50,85,36,53,33,52,72,88,3,75,100,74,96,26,41,41,91,7,4
7,74,70,63,85,81,59,88,11,22,94,44,92,9,22,26,11,51,39,36,3,99,15,49,50,73,20
42,38,8,78,86,83,63,100,64,14,7,63,83,90,35,71,39,89,33,100,45,17,58,82,49,70,16
13,83,65,36,66,58,100,66,69,0,60,37,14,78,59,43,58,31,74,38,94,21,14,26,97,50,63
4,34,28,96,9,18,37,87,46,47,27,56,71,95,46,40,89,88,89,37,98,2,77,85,10,2,71
7,50,6,63,25,13,32,90,59,50,99,13,54,29,21,17,33,95,11,90,53,86,94,85,18,97,33
33,36,67,33,30,86,66,22,73,63,89,35,48,47,97,90,22,79,83,88,63,45,72,33,21,15,47
100,45,67,53,32,37,73,68,12,31,73,31,41,16,98,69,66,81,83,64,36,70,34,4,36,89,35
45,9,37,76,65,85,93,48,82,13,62,61,13,55,71,70,27,39,61,62,85,72,41,83,64,10,48
83,10,62,42,60,33,98,92,96,7,63,43,99,24,96,56,0,87,20,99,37,96,34,90,78,31,48
70,20,76,60,12,19,70,54,85,92,83,38,84,50,21,17,20,51,19,62,50,61,79,65,13,59,69
60,90,85,50,37,94,37,65,8,8,33,70,98,90,16,18,45,44,17,54,23,1,40,53,22,41,99
48,22,15,17,70,44,39,53,3,2,14,15,44,63,16,3,20,64,33,73,96,12,14,19,79,31,61
24,67,75,94,6,78,79,24,91,50,93,94,74,81,8,37,38,63,63,36,48,100,44,49,30,18,79
29,11,78,10,89,71,23,100,48,77,67,1,15,46,21,16,98,84,90,27,37,16,71,96,81,82,27
3,22,99,18,9,26,4,83,14,57,20,3,90,2,17,16,50,41,40,3,91,78,96,61,2,27,93
10,89,71,46,65,19,22,76,77,22,37,83,5,61,20,10,95,7,53,47,93,85,45,20,33,41,79
0,89,78,53,30,32,48,14,11,68,69,56,92,54,92,76,44,90,53,87,2,22,14,96,72,67,29
59,27,46,80,35,70,85,81,71,22,80,20,3,99,16,4,44,18,90,27,39,59,34,8,8,43,47
96,42,95,99,90,100,14,90,79,25,58,80,26,36,56,70,68,15,8,86,22,31,96,21,57,32,91
27,93,75,8,15,35,12,36,74,51,49,43,60,35,70,74,78,49,72,11,11,59,85,73,1,12,53
24,61,57,90,49,74,6,21,21,59,49,65,40,46,63,70,59,15,90,70,53,32,80,37,83,58,27
65,15,25,71,6,67,47,93,0,19,2,82,66,60,93,81,100,46,70,35,63,71,89,34,56,83,27
76,15,78,83,45,100,13,21,93,45,47,92,37,88,36,64,63,97,93,35,97,84,25,14,33,68,96
68,27,40,43,38,70,94,97,10,45,43,32,9,21,28,98,85,57,60,76,30,16,87,85,19,67,71
59,66,72,53,67,8,43,65,63,69,19,44,46,30,96,60,75,28,45,73,57,42,37,13,43,93,89
76,6,8,55,48,87,92,75,34,98,78,66,56,10,65,80,8,56,28,85,75,93,58,49,83,83,64
84,45,35,61,65,76,66,68,87,83,16,99,60,66,3,88,95,76,23,80,3,43,55,73,32,77,67
19,2,38,77,51,91,10,51,86,79,4,91,19,40,33,48,45,20,69,25,48,61,72,82,29,13,47
26,36,6,65,39,91,18,64,68,84,17,89,44,40,41,93,77,21,81,97,55,36,9,83,49,89,68
98,21,62,26,31,92,98,22,16,100,5,55,21,62,90,79,28,47,87,95,61,43,31,40,49,23,97
48,25,34,49,55,6,26,8,92,47,78,55,93,76,49,33,65,88,11,52,68,55,42,45,25,35,15
53,13,71,16,90,13,94,47,24,34,28,72,91,31,74,36,53,79,77,93,77,84,56,48,0,33,35
64,65,27,55,76,95,50,1,13,70,61,32,69,50,65,63,45,27,69,53,44,58,41,85,10,37,38
66,53,93,2,90,79,8,2,48,54,9,9,99,20,8,9,24,58,26,21,30,81,59,22,22,57,30
26,100,25,21,4,12,69,0,26,22,34,26,84,89,24,91,5,33,43,21,32,60,26,96,55,89,8
64,17,98,71,24,28,50,46,93,82,29,8,18,71,31,91,86,97,0,75,90,48,59,36,74,16,95
48,74,1,13,56,56,31,71,37,21,65,88,37,28,29,62,95,6,100,38,37,62,57,53,70,92,76
59,91,44,16,90,15,55,57,15,30,11,3,69,29,47,18,21,2,34,31,44,16,85,88,76,22,22
7,89,32,7,89,89,11,12,89,52,26,64,97,35,25,70,18,51,86,0,85,79,76,70,49,69,100
80,63,50,89,65,13,97,87,64,42,100,94,99,1,96,90,11,85,78,24,45,95,45,12,42,38,76
79,8,23,24,35,50,67,27,13,56,91,16,91,57,63,53,19,98,56,74,93,22,56,61,65,1,15
13,30,30,16,83,82,45,97,53,36,4,99,31,64,79,22,21,40,37,37,94,52,19,34,9,45,40
80,39,24,53,9,19,49,37,72,73,41,75,27,78,36,54,48,13,53,4,32,73,28,83,20,49,76
67,72,77,49,2,22,42,9,80,28,19,87,84,47,40,9,7,29,55,42,83,85,27,99,56,40,74
44,47,84,87,37,17,99,95,81,63,80,61,12,77,42,56,38,27,81,33,15,9,99,29,32,92,63
32,6,34,52,3,96,4,85,72,96,48,86,89,76,46,42,73,17,31,74,7,81,57,72,52,83,6
27,85,9,53,89,55,85,94,70,94,94,17,9,77,18,11,53,53,49,100,9,49,92,36,10,15,41
6,37,39,24,17,33,62,90,71,6,5,95,99,98,29,85,30,46,100,81,82,6,14,6,77,42,100
91,36,29,94,33,9,25,7,19,66,60,65,18,25,59,77,48,35,94,42,7,5,76,100,23,96,28
67,90,30,8,56,28,84,71,63,0,55,18,33,10,83,81,36,32,26,100,37,49,66,68,41,81,27
51,79,44,10,22,45,94,8,56,73,19,23,47,34,52,36,27,46,75,34,69,28,88,63,28,71,93
85,91,90,28,68,68,25,40,35,18,32,41,47,0,70,70,89,56,77,73,77,53,88,63,34,88,11
44,17,29,36,24,62,72,29,20,77,98,14,59,40,34,32,27,2,41,90,66,24,29,3,87,97,21
51,13,74,79,16,100,63,30,62,87,92,80,35,8,72,77,83,11,90,65,60,29,96,36,69,51,35
38,73,7,80,79,33,1,22,44,41,30,20,64,72,57,85,11,76,81,81,54,60,92,89,71,6,26
51,100,87,16,75,92,51,55,4,48,71,67,39,83,54,61,92,41,65,24,66,40,14,91,10,59,21
13,13,26,24,39,42,86,86,68,96,32,60,63,29,36,79,51,11,59,41,65,43,20,62,82,67,20
68,14,34,17,70,49,90,61,51,87,53,8,32,100,12,10,11,98,71,64,51,82,20,38,19,71,100
36,2,75,89,3,48,91,63,72,57,67,39,65,12,2,90,66,48,23,42,19,56,38,19,70,89,74
64,46,66,82,99,54,56,93,83,56,77,32,81,31,15,55,96,15,5,24,85,63,69,55,12,89,23
94,57,62,16,65,88,39,51,99,81,34,5,88,76,65,46,96,44,83,24,29,71,2,54,94,95,91
62,10,34,80,83,78,64,59,11,97,27,55,46,22,18,93,67,88,63,79,28,61,56,92,100,89,5
91,35,89,92,33,97,72,50,36,85,38,68,79,55,0,57,46,83,57,65,87,86,69,17,92,82,25
0,24,32,10,70,66,66,43,30,40,84,97,93,98,6,83,42,17,37,88,59,61,44,18,4,4,13
28,84,44,12,10,68,6,0,68,24,1,61,50,52,63,66,60,38,2,49,34,47,58,8,65,9,69
23,15,90,13,73,98,73,80,43,11,7,83,98,59,81,85,25,74,87,33,49,15,49,15,10,81,72
71,39,15,13,31,95,41,43,59,74,27,87,80,96,82,45,41,48,78,16,73,99,20,19,16,16,62
36,81,72,51,88,63,83,25,60,69,76,19,84,0,19,57,61,60,50,53,5,88,25,78,34,87,77
25,56,91,38,16,100,57,95,43,99,79,39,3,9,10,63,98,33,86,55,96,98,65,21,20,92,58
25,28,23,61,58,8,80,50,11,24,2,76,50,86,86,51,58,6,27,72,88,27,54,51,12,75,30
72,98,85,17,12,65,27,26,49,91,92,60,12,82,34,55,73,26,28,20,41,5,10,58,4,32,100
49,59,98,86,0,86,50,55,99,46,64,84,51,0,21,27,80,1,33,90,89,13,23,9,54,17,7
63,2,3,93,46,36,68,93,0,65,95,98,96,84,0,94,47,8,83,26,6,99,10,44,24,64,69
71,74,11,23,66,48,100,38,8,33,81,26,21,67,76,82,19,62,19,21,37,6,24,40,21,87,12
91,10,77,90,46,81,18,88,95,10,12,68,6,9,8,82,48,12,62,10,57,28,95,73,100,16,32
34,64,65,7,88,65,49,27,23,39,10,30,45,52,6,46,42,56,45,89,80,83,95,26,88,64,39
35,48,81,97,57,32,92,46,96,51,82,82,100,62,49,16,99,58,66,25,20,27,62,82,8,48,12
6,18,23,45,48,40,14,99,64,7,97,67,36,7,18,24,22,83,58,64,81,89,63,14,83,46,52
99,71,64,90,67,96,61,95,40,52,82,58,33,15,80,28,14,16,91,56,24,72,96,20,89,96,72
78,14,44,36,2,47,25,1,64,67,14,78,30,99,83,30,50,81,76,21,40,76,78,98,37,40,34
19,43,37,75,14,77,77,69,84,33,27,96,82,30,40,88,57,35,35,17,27,74,32,14,39,99,94
12,71,52,100,10,30,25,85,92,57,56,82,17,39,66,38,70,87,42,99,37,15,82,75,61,14,75
93,63,40,47,51,54,72,64,30,62,24,43,83,73,17,99,13,15,6,96,44,87,88,30,97,24,0
73,99,99,2,68,98,59,34,39,86,25,26,39,34,4,72,7,94,68,0,8,32,51,17,58,50,12
91,2,98,43,87,54,3,67,64,77,69,3,14,8,3,56,10,45,17,61,96,89,76,9,85,12,38
65,26,50,22,24,96,31,88,54,78,32,33,88,19,21,20,58,49,8,25,50,40,52,32,70,61,29
17,8,36,58,75,88,37,15,75,86,45,26,1,39,64,31,80,60,20,89,97,3,60,21,23,66,72
97,56,38,1,65,31,73,50,61,78,14,87,48,85,34,62,47,93,84,99,72,68,83,86,97,79,88
91,26,9,58,23,40,35,7,40,47,94,60,63,38,25,41,12,63,40,53,79,26,55,91,26,87,55
0,24,2,100,66,66,76,3,58,13,54,37,98,41,81,22,25,28,47,31,23,13,52,18,57,90,50
69,79,100,61,92,43,68,35,57,46,12,75,87,57,79,23,90,46,42,43,90,56,15,61,48,8,84
31,18,25,4,77,37,91,23,20,93,31,77,5,32,82,24,50,40,50,20,53,7,94,3,49,48,85
32,98,52,22,24,45,93,44,98,93,55,93,1,45,31,28,12,68,66,27,28,11,24,77,2,29,35
78,56,20,0,78,66,6,23,23,18,20,3,63,30,87,43,72,50,50,4,67,76,34,86,98,20,29
33,88,77,54,20,21,17,56,12,1,69,22,47,25,78,76,38,92,1,87,31,21,82,60,28,95,21
35,88,54,33,24,57,40,80,32,57,63,93,39,87,50,50,50,3,62,74,27,83,49,19,63,12,7
7,35,90,3,44,63,99,72,100,86,16,49,47,55,86,31,14,42,39,43,55,47,39,7,98,85,60
87,65,51,65,65,36,85,4,24,41,8,31,91,65,25,99,34,78,34,43,18,54,92,6,25,82,10
26,48,80,75,90,59,39,55,39,20,17,86,9,15,60,82,8,39,11,99,15,14,89,6,76,13,35
20,79,36,19,28,44,72,69,29,0,15,20,41,82,79,36,10,68,85,53,43,95,52,63,9,76,79
79,87,90,71,44,100,56,52,65,69,16,58,16,53,51,24,40,36,72,77,53,72,11,47,66,59,72
27,74,60,23,19,58,11,90,47,86,0,71,48,26,53,0,68,60,48,21,5,90,3,59,39,53,42
32,63,46,75,35,77,45,65,51,76,13,40,99,81,94,47,76,51,69,40,4,43,15,72,70,30,68
74,25,10,81,49,57,10,47,68,95,17,46,57,2,93,5,11,6,97,38,99,63,4,63,72,45,91
10,37,16,53,87,40,23,92,91,48,31,78,71,53,2,37,93,26,3,55,66,14,50,55,40,48,97
44,62,16,16,25,41,81,73,94,36,5,77,12,77,58,1,68,62,36,59,3,84,3,19,29,53,42
35,8,100,91,100,23,7,99,90,54,49,95,42,87,21,71,96,8,92,49,15,69,9,70,14,53,65
76,31,97,92,32,88,34,90,45,85,55,84,32,91,23,58,94,40,3,64,46,67,59,32,72,37,4
22,44,78,50,72,45,48,87,17,69,76,66,11,5,34,63,80,82,93,85,88,51,81,72,44,65,39
71,64,100,90,66,80,15,78,62,88,51,60,6,87,6,40,86,12,43,18,79,4,4,50,37,74,36
76,28,42,35,68,74,0,71,95,1,57,85,68,42,82,9,66,83,26,55,98,16,72,51,41,31,89
51,27,9,84,33,81,16,33,61,49,80,84,38,73,23,2,79,24,48,2,3,6,30,2,42,19,57
35,29,98,17,46,79,31,64,42,93,28,42,68,6,35,42,81,85,90,37,59,56,37,52,94,69,94
67,39,45,23,83,79,45,5,57,62,32,30,31,60,34,88,84,80,83,18,53,78,83,96,14,20,59
39,24,28,54,5,46,90,25,5,54,21,13,46,35,72,21,27,20,75,69,74,34,3,23,51,70,45
80,27,83,19,20,25,68,81,44,9,51,47,96,40,33,52,35,41,46,37,13,19,25,55,29,38,39
92,54,12,39,28,49,28,56,11,92,91,36,57,11,0,13,51,98,8,49,41,21,85,40,50,10,46
28,3,45,73,12,82,2,91,73,3,24,27,37,16,5,74,1,78,4,76,86,33,26,79,19,69,29
59,88,93,16,80,6,10,16,53,11,74,67,96,61,37,14,44,18,92,46,95,11,62,37,58,47,75
10,52,3,97,8,81,91,3,0,63,10,30,66,58,43,13,48,65,9,71,60,57,76,35,2,13,80
35,13,63,32,68,19,94,29,32,95,10,47,90,62,31,56,60,67,71,74,95,53,15,6,94,75,30
78,0,38,7,14,94,70,13,76,70,62,8,8,77,51,84,55,21,97,80,93,50,46,74,96,55,1
5,13,14,89,93,57,48,84,37,6,100,83,70,23,79,30,64,15,100,7,52,79,66,49,60,37,61
60,95,67,11,31,55,99,28,29,6,99,64,86,38,74,84,25,100,99,38,80,97,36,79,53,96,81
28,70,55,55,80,7,53,30,6,72,76,91,64,94,42,25,43,90,83,93,96,18,3,41,48,85,12
17,7,74,73,84,73,32,48,78,51,3,37,1,1,49,99,27,51,81,38,67,22,81,57,72,10,72
86,25,92,97,1,29,53,40,2,4,56,46,86,37,50,38,31,86,88,81,13,33,66,80,35,49,47
3,10,77,22,39,64,44,0,59,40,53,43,23,28,6,72,88,74,8,64,98,69,39,8,15,90,91
99,79,59,2,75,79,51,55,67,48,30,49,54,14,63,75,31,32,21,78,28,72,6,78,85,8,7
41,58,68,24,58,61,47,93,93,35,23,92,51,79,13,28,97,31,78,63,27,27,43,72,4,28,30
6,56,23,24,76,97,61,67,40,100,24,29,42,82,85,55,9,56,61,24,12,51,19,20,47,61,47
95,92,73,7,73,91,6,84,5,8,46,97,7,91,54,57,44,57,52,28,18,75,23,16,77,35,74
80,14,41,34,95,49,50,80,8,82,26,86,67,97,35,2,9,0,13,18,37,32,37,10,78,18,87
58,84,83,76,98,63,73,100,35,92,6,86,9,78,51,61,5,83,14,43,95,51,96,18,59,77,66
13,21,66,34,4,59,64,9,90,61,29,21,1,18,25,49,33,10,65,64,61,53,24,68,69,85,41
47,51,58,21,96,11,94,29,32,58,47,55,10,10,88,74,68,41,90,72,31,100,0,34,46,55,94
59,38,81,46,19,95,14,71,74,18,100,72,43,71,27,69,18,18,37,34,72,22,25,26,98,94,15
90,53,58,93,25,45,73,58,18,30,74,0,53,40,18,28,2,19,2,13,94,93,56,0,72,77,3
61,54,46,19,35,93,94,30,14,1,86,13,99,16,72,45,75,74,82,18,55,75,52,46,37,26,18
88,89,78,4,37,86,2,30,68,60,44,21,52,95,0,58,55,73,90,28,23,63,58,27,17,47,100
16,56,38,54,77,64,35,50,66,57,58,99,88,93,35,71,50,63,36,24,85,93,78,50,34,92,73
95,12,72,62,84,56,84,97,81,63,98,10,81,27,26,42,61,88,66,7,23,62,38,44,14,36,92
91,36,51,41,38,94,67,96,54,82,66,94,76,66,56,97,90,88,74,87,10,96,74,77,9,45,86
11,49,68,76,31,67,90,36,22,27,40,68,49,11,34,15,45,89,93,31,87,15,7,50,3,67,38
3,45,65,34,98,67,97,99,81,79,66,76,51,78,64,90,37,89,63,9,56,89,43,48,36,48,84
47,66,39,86,70,10,44,88,82,33,9,19,15,55,53,29,2,61,31,52,64,74,86,51,100,41,84
28,67,56,43,67,5,64,57,61,57,39,94,32,35,87,3,77,62,76,56,73,17,30,60,26,68,90
89,40,94,48,59,31,32,85,73,69,66,43,71,3,55,13,50,36,52,88,64,99,61,74,94,91,25
29,91,67,68,11,52,12,18,38,24,22,58,55,80,73,63,36,40,87,95,62,61,13,87,31,22,34
12,50,83,76,71,28,88,29,17,99,60,71,23,48,92,89,43,46,45,95,54,98,76,7,73,66,58
97,42,2,57,82,54,43,73,55,93,0,81,75,11,69,59,72,31,93,35,96,87,5,0,28,39,45
76,34,74,100,33,48,81,22,34,58,97,18,22,43,45,10,25,68,72,73,34,65,93,64,68,16,92
26,79,56,45,90,30,39,68,83,48,4,86,24,14,56,22,93,42,65,23,92,95,31,5,50,10,57
38,14,38,67,7,68,37,37,87,1,22,12,37,32,97,78,53,39,63,57,18,9,86,22,68,47,65
34,88,38,64,19,100,28,68,17,67,84,3,99,48,59,92,5,0,52,30,20,51,47,6,82,11,7
28,19,96,21,76,81,63,96,15,71,27,21,94,28,92,4,24,43,96,52,39,9,59,68,28,38,85
20,67,72,73,45,94,59,7,6,90,11,47,19,70,17,14,21,68,64,24,60,99,38,20,56,7,56
100,30,87,50,71,88,20,55,85,25,79,99,15,2,36,40,17,55,5,25,93,31,58,46,48,45,69
91,39,47,26,15,60,72,99,6,98,10,68,83,32,38,42,91,98,32,2,28,25,68,22,16,95,53
81,64,41,8,44,42,54,34,15,2,38,42,38,54,21,19,7,73,87,90,0,67,14,98,2,6,6
99,74,5,27,87,38,73,2,67,57,16,57,50,92,64,89,50,7,84,80,2,55,37,32,51,71,98
29,25,41,56,54,32,43,30,11,56,82,58,40,35,76,86,71,75,12,52,81,21,39,4,43,69,95
73,27,64,88,15,58,86,50,51,43,73,82,16,37,18,22,34,94,74,70,46,57,31,0,39,35,44
41,43,83,0,33,46,85,35,58,28,8,30,62,16,66,37,89,18,65,29,33,28,2,85,43,79,43
50,26,40,37,75,34,13,38,45,2,59,5,47,8,9,58,78,30,32,78,52,32,57,27,96,91,32
56,49,34,22,44,0,38,87,90,26,72,81,32,86,80,57,66,25,69,54,66,6,52,37,62,88,12
80,49,56,61,72,93,37,17,32,7,88,90,13,2,74,48,95,46,100,21,2,73,74,65,18,59,96
27,18,85,82,8,57,70,4,85,28,100,7,78,44,19,77,14,40,76,44,8,39,85,36,7,34,2
74,43,28,96,10,53,89,96,70,95,66,72,96,5,43,68,31,22,91,67,22,24,89,29,16,56,49
22,85,62,4,49,51,72,72,14,98,41,21,16,62,13,38,18,29,28,4,15,45,79,90,72,85,27
34,39,23,98,46,71,74,64,23,79,85,23,0,88,5,78,65,90,76,6,38,4,55,24,26,10,60
35,45,62,6,84,1,92,26,47,10,93,83,59,28,84,49,25,1,33,30,50,65,41,75,14,13,3
27,8,57,66,78,51,1,47,11,100,76,67,69,86,23,34,22,54,19,47,52,37,80,90,82,47,41
65,90,71,21,57,7,58,11,97,33,40,30,93,23,93,63,37,65,96,91,38,86,43,10,23,83,39
54,17,4,18,61,19,55,47,11,88,76,39,62,37,94,22,17,52,76,39,59,36,35,37,42,73,5
81,5,7,23,99,21,54,17,77,36,70,82,31,96,72,10,48,45,80,20,44,74,13,57,64,33,83
34,39,22,0,97,54,81,73,46,57,55,22,30,81,4,81,53,36,17,16,16,7,89,72,16,89,2
96,42,8,32,88,34,90,72,33,51,33,63,10,61,68,39,50,70,17,0,3,64,0,31,40,58,2
22,47,1,27,79,66,20,62,86,45,62,54,92,71,62,56,40,15,36,35,19,38,3,9,66,36,93
20,21,35,77,10,23,97,13,76,11,97,17,48,36,35,83,99,71,70,90,26,88,62,43,94,91,32
96,82,40,63,5,26,38,61,13,4,23,17,38,17,1,78,33,76,60,6,36,94,11,94,77,68,51
40,99,81,99,11,88,66,17,68,4,18,47,44,95,27,100,67,96,34,98,75,23,85,85,13,19,97
76,15,20,90,35,89,38,87,19,82,45,93,40,11,82,60,72,69,60,24,19,93,66,79,54,88,79
88,68,10,14,11,25,76,53,10,37,56,76,79,83,28,3,90,45,28,66,32,19,47,74,90,3,4
30,66,52,51,81,5,70,76,99,20,49,94,51,35,35,21,34,31,97,53,54,7,41,43,87,33,11
59,53,63,12,29,41,49,72,4,81,55,0,97,3,52,65,48,85,80,19,45,100,48,87,39,100,14
2,67,61,7,8,100,38,73,80,13,89,18,65,71,37,29,57,39,10,34,50,26,26,47,60,88,45
49,36,67,96,95,96,71,54,84,49,83,55,36,12,8,78,27,51,5,62,93,31,3,20,22,37,20
34,76,14,91,45,97,25,47,41,12,100,52,100,50,88,96,56,31,85,68,44,18,62,71,46,9,61
17,31,84,99,58,54,86,45,86,46,3,15,33,81,71,78,68,33,31,84,81,73,17,50,22,75,88
78,83,42,52,23,57,88,23,64,3,45,89,82,91,3,68,96,1,8,36,86,84,30,92,64,1,56
1,48,80,96,50,69,35,53,7,18,36,91,16,54,73,53,100,26,64,28,20,24,22,79,62,17,3
97,39,14,24,79,96,15,3,69,2,26,62,66,2,32,72,81,25,41,48,68,89,52,80,53,24,60
83,84,39,16,87,97,64,73,90,42,39,8,40,48,8,4,6,68,62,50,53,7,77,57,15,93,70
65,13,27,70,41,55,77,90,33,82,3,58,23,1,57,30,16,65,1,67,99,52,8,70,70,29,83
42,4,73,44,58,78,58,42,70,21,66,48,46,17,60,21,31,59,32,11,96,32,71,18,32,93,79
87,51,88,3,24,60,7,7,50,65,53,0,81,53,48,3,54,45,65,25,58,88,99,43,0,53,60
33,50,86,53,97,56,68,99,82,67,0,51,88,83,46,6,66,84,77,75,51,52,79,44,37,96,100
91,23,5,86,20,85,40,55,85,94,72,2,80,87,85,80,95,59,84,41,11,94,92,87,61,88,34
12,39,7,43,77,79,5,19,94,93,64,6,76,89,11,65,87,29,93,32,9,94,7,65,94,98,94
18,47,33,19,3,44,58,91,52,29,1,38,20,23,89,64,7,39,34,47,82,87,15,17,77,39,100
44,21,42,95,16,34,20,87,36,63,12,11,48,92,31,97,1,99,10,83,8,44,56,37,18,5,78
98,19,3,85,93,98,57,34,0,97,90,94,72,38,14,78,100,2,70,61,9,8,35,85,70,85,88
69,29,89,76,13,69,9,3,70,99,56,83,1,40,49,9,69,52,57,96,95,86,41,4,53,7,45
2,10,25,46,39,91,60,91,29,84,97,75,78,89,94,21,56,43,52,59,87,51,9,71,28,78,16
73,49,34,77,99,45,4,2,87,16,2,31,52,72,84,48,50,17,62,90,1,63,39,83,2,30,79
49,24,81,33,48,50,85,63,43,90,55,25,36,35,18,87,39,10,3,83,96,66,57,80,25,72,70
97,85,7,39,77,22,7,68,44,13,23,43,19,56,50,18,45,75,75,75,65,76,87,2,40,13,88
72,29,96,89,15,10,49,49,31,89,11,67,52,39,38,9,50,24,84,90,81,21,91,61,79,5,94
82,90,21,43,84,56,14,12,62,34,87,80,59,19,98,82,27,16,87,80,39,87,88,71,84,91,84
24,0,5,48,89,13,83,22,75,66,36,49,99,15,48,69,6,51,43,29,74,15,99,70,38,8,86
93,40,71,73,10,39,25,3,66,50,37,39,70,72,7,66,23,11,93,90,21,45,62,89,36,27,87
80,42,94,92,17,95,54,90,32,80,36,22,66,57,68,38,5,6,94,91,16,92,25,23,74,24,13
8,0,63,92,74,16,72,27,50,17,46,84,55,88,74,51,61,77,44,82,52,71,43,2,87,27,97
59,22,87,55,18,75,8,43,64,68,58,80,87,79,3,45,12,91,92,60,45,22,81,17,62,14,7
97,9,56,8,50,37,24,50,61,62,6,23,13,52,68,2,34,78,47,48,19,77,62,12,29,75,53
57,31,98,100,93,5,53,73,51,58,87,11,97,15,91,26,3,72,59,30,37,89,45,3,67,44,93
6,19,60,95,27,52,35,4,46,49,43,12,69,3,92,33,59,27,79,19,61,36,8,92,82,63,14
59,88,42,13,77,5,74,87,77,82,35,24,38,23,71,37,28,67,39,99,66,64,66,67,91,62,3
15,83,87,32,21,26,13,70,55,3,72,38,20,1,97,90,42,6,16,69,96,22,44,1,81,44,88
33,44,61,55,19,43,98,89,98,63,58,45,70,68,79,72,99,14,48,95,75,10,11,67,58,66,11
42,41,12,2,26,30,48,83,65,0,49,85,93,77,50,5,97,26,69,93,86,60,30,65,95,43,97
70,51,58,67,32,16,64,56,56,94,29,58,46,24,41,81,100,11,45,68,16,38,9,78,45,65,94
98,50,18,99,43,97,43,77,74,35,40,35,39,58,5,42,19,49,75,80,54,56,70,68,78,89,25
56,66,59,4,73,43,23,58,24,12,54,13,83,99,13,39,96,36,62,20,75,70,30,28,33,20,31
44,89,20,67,56,41,89,9,10,27,14,88,83,7,74,17,33,87,34,13,21,85,43,2,35,75,77
18,25,66,81,2,8,55,83,59,96,42,51,8,49,68,43,84,57,1,1,65,1,70,5,90,1,15
15,29,90,99,83,27,20,30,11,8,28,42,15,7,32,11,4,32,89,52,26,8,5,67,70,73,58
99,23,45,92,71,63,88,24,55,48,36,89,100,64,94,58,45,93,28,10,21,50,92,10,81,77,68
59,66,88,82,32,94,62,61,88,28,42,57,59,46,65,30,42,88,42,47,9,98,94,0,52,24,38
55,39,43,30,61,91,68,18,45,93,37,70,69,13,30,51,11,53,34,4,96,67,0,2,67,57,30
79,62,26,100,41,38,47,15,38,62,78,22,20,98,27,25,73,47,28,3,76,95,52,91,98,32,6
34,78,88,16,98,27,100,61,33,7,83,47,5,89,20,48,68,18,70,79,77,10,97,70,96,93,71
21,74,88,92,68,33,6,4,89,87,15,81,38,76,2,100,37,13,79,78,59,18,13,62,19,40,100
13,81,30,30,100,46,10,41,55,87,52,95,82,22,41,87,52,64,52,64,53,74,3,4,54,91,43
57,94,90,27,61,81,44,54,10,80,15,39,41,48,30,64,32,100,51,74,91,78,29,48,5,85,29
88,15,98,85,95,8,93,68,96,79,4,95,82,17,39,11,34,54,13,0,11,77,66,53,36,0,79
78,16,30,53,19,74,26,29,25,72,51,85,19,22,58,48,94,49,35,32,22,97,31,5,77,2,64
85,48,8,28,13,15,93,93,3,68,80,46,7,49,25,50,45,75,18,65,32,90,14,57,46,33,35
25,47,94,74,94,22,41,28,51,94,38,55,91,89,11,40,35,37,20,47,33,88,45,76,29,47,83
51,39,9,0,44,16,49,85,13,70,60,82,79,94,13,30,31,80,83,14,9,5,11,49,44,65,58
19,90,13,79,33,12,4,34,2,90,5,13,92,61,49,26,30,98,14,49,92,47,62,21,22,15,41
62,48,72,100,65,19,7,35,25,8,51,32,59,94,33,53,40,55,6,1,91,17,99,65,23,34,32
51,46,26,58,28,43,34,80,53,40,60,33,42,37,93,93,94,99,52,36,71,90,69,30,70,28,46
24,8,0,15,23,64,81,79,64,8,96,13,70,53,24,14,18,44,38,49,85,63,71,53,86,45,17
77,0,87,99,14,1,18,64,38,25,33,29,100,83,96,65,9,55,7,36,18,18,4,100,49,5,31
25,66,47,86,68,91,85,80,9,78,85,96,31,71,68,59,61,85,85,16,16,66,100,1,16,65,34
2,37,19,32,43,86,86,69,13,96,61,41,12,67,88,70,6,30,9,30,17,12,34,66,21,34,9
24,85,48,82,62,91,11,98,94,35,58,45,89,20,55,69,95,23,11,32,69,78,5,68,89,62,10
33,36,38,13,56,68,97,93,14,55,78,72,40,8,16,25,93,82,56,11,46,79,38,39,44,83,62
4,28,73,16,60,61,66,53,54,40,11,53,17,48,71,86,71,8,71,46,50,64,65,86,45,23,66
16,21,81,29,11,34,61,3,5,56,78,14,53,53,22,95,100,52,80,29,6,67,25,38,33,23,54
0,99,34,52,84,47,7,86,46,15,97,44,74,36,10,8,50,72,90,41,5,94,28,54,72,40,34
84,63,22,73,39,44,87,44,88,47,38,61,15,51,34,38,51,58,10,87,87,69,5,98,1,96,43
83,84,1,2,79,98,2,14,21,63,70,68,88,57,87,74,16,43,53,26,10,62,47,90,58,7,25
12,37,74,36,85,5,57,96,52,86,100,75,4,69,15,69,53,57,60,34,63,46,93,80,78,31,80
66,94,56,11,67,56,47,33,85,82,19,14,100,23,49,8,28,73,40,10,4,71,87,50,54,8,61
26,77,66,11,60,44,42,25,36,28,36,65,100,70,0,84,87,17,24,42,26,81,14,85,23,58,7
24,71,68,56,46,38,58,11,76,35,95,25,7,27,67,38,11,20,30,47,78,27,77,45,24,24,20
51,95,66,29,86,25,83,27,88,35,8,62,47,41,21,91,78,43,84,98,50,37,92,65,34,12,43
88,2,60,72,38,42,8,31,27,17,17,43,79,88,77,67,17,3,56,63,62,15,69,22,5,48,4
34,21,47,67,26,89,63,41,63,87,95,100,53,96,21,81,65,83,1,80,85,22,68,77,62,4,77
43,88,14,53,5,94,40,69,49,87,51,32,42,26,14,17,19,25,94,8,15,8,79,86,57,79,83
79,28,41,54,67,72,53,70,96,59,82,16,42,76,36,94,36,83,12,87,13,80,7,32,65,76,56
96,68,73,99,8,85,57,42,10,35,91,18,19,76,16,83,42,13,84,17,85,89,7,62,71,30,67
75,9,52,58,24,25,47,56,58,96,18,93,10,77,87,93,87,24,45,46,82,28,88,80,32,40,46
8,67,3,57,100,19,41,23,57,40,0,31,10,43,53,29,70,2,72,16,27,38,69,50,21,73,32
96,66,19,69,84,79,79,32,98,2,27,78,56,8,68,59,65,26,79,47,53,22,87,92,8,65,28
54,96,68,35,15,6,67,69,16,81,67,51,90,38,63,40,3,2,20,66,41,97,49,64,24,0,70
79,36,25,36,35,81,72,1,16,31,22,93,62,73,39,8,40,23,85,40,85,6,79,32,50,57,72
93,76,38,50,41,61,93,50,8,83,86,89,93,10,21,6,60,68,96,79,15,99,23,11,97,15,99
99,54,82,93,7,69,93,39,94,58,64,81,94,33,29,70,39,59,8,64,97,31,49,51,22,29,7
64,60,49,65,33,70,35,93,36,94,63,13,68,47,4,97,65,73,11,10,49,25,6,52,99,19,3
67,96,32,96,43,16,6,1,0,34,27,87,12,1,45,10,36,29,23,82,9,1,87,25,23,27,66
47,54,57,19,80,59,93,87,35,10,78,57,66,63,8,32,21,73,22,62,16,74,2,52,66,96,52
21,46,59,3,42,37,80,41,53,19,39,28,66,49,17,43,89,67,92,52,24,33,96,48,50,19,20
4,99,14,34,88,77,39,77,33,29,3,94,100,28,52,9,64,72,48,47,41,55,15,13,61,93,39
5,47,82,35,53,38,31,20,98,68,69,13,69,34,40,11,28,0,7,48,24,54,63,18,85,60,70
59,81,40,66,27,25,35,75,59,40,10,21,94,55,25,68,5,76,83,9,39,4,92,82,35,46,54
55,3,98,88,40,62,18,29,59,18,10,5,80,25,50,36,42,61,96,31,36,77,2,72,90,11,0
17,94,19,61,92,9,77,91,98,36,4,77,1,62,65,5,76,19,74,54,45,61,1,21,77,25,58
88,13,51,67,8,54,5,67,72,82,0,15,11,6,22,75,31,54,0,38,47,87,42,0,33,26,98
17,43,7,76,91,54,40,37,67,3,18,60,8,2,65,66,87,83,49,12,64,38,76,95,30,8,91
81,28,65,4,47,81,19,5,51,23,58,61,22,90,35,61,8,47,9,3,6,97,19,5,81,58,19
97,54,21,35,46,93,81,50,29,17,56,68,14,14,44,69,94,75,28,22,68,20,7,99,70,97,33
71,41,88,6,13,98,73,72,23,26,63,69,88,66,30,26,34,75,30,37,4,66,19,66,64,13,83
74,56,90,80,14,9,89,50,64,93,79,14,50,63,20,94,31,52,93,93,2,87,73,72,68,100,100
77,81,32,29,76,67,73,52,9,92,25,79,79,65,50,96,86,54,22,37,96,91,8,53,31,89,65
21,36,28,48,66,95,12,52,66,12,43,23,10,70,46,76,5,19,47,82,82,87,60,2,65,99,89
1,32,57,24,92,52,1,68,44,77,14,75,23,93,44,18,77,29,9,18,77,46,85,95,68,99,12
74,41,9,42,55,11,14,54,100,72,17,72,27,38,12,90,88,42,43,70,33,55,7,87,15,62,44
64,28,65,25,29,24,38,53,81,26,89,38,73,10,70,87,28,1,57,38,28,24,73,41,47,67,65
76,9,27,25,15,91,23,1,88,37,63,23,75,6,19,2,39,14,28,32,35,58,29,100,3,58,3
33,80,89,10,10,38,44,44,23,71,80,91,88,45,69,86,48,92,94,43,5,52,53,2,39,99,54
44,48,2,17,46,2,87,9,100,65,71,9,70,75,52,93,80,4,65,17,12,42,78,52,40,2,58
2,44,66,81,57,32,12,0,21,5,35,62,3,16,11,99,89,41,84,21,41,44,48,0,39,53,20
34,41,97,30,2,62,64,41,78,63,66,44,5,66,17,15,2,80,31,19,0,26,53,90,77,67,78
45,83,11,5,65,71,68,66,3,53,15,67,49,94,92,98,64,7,25,91,96,17,27,61,59,70,7
11,28,58,72,100,0,10,98,60,95,80,61,79,77,63,82,28,57,56,7,34,32,15,80,60,56,85
87,56,45,62,13,58,24,40,63,91,84,71,43,28,32,61,91,19,48,27,93,51,29,21,3,32,24
15,87,20,68,10,42,45,44,59,0,70,61,92,73,71,84,32,17,39,24,66,92,91,64,51,3,31
91,27,54,16,98,88,28,70,64,35,76,62,5,0,71,80,65,76,7,77,15,50,13,7,37,70,72
4,49,92,68,72,70,6,22,86,13,4,1,95,69,75,68,16,50,48,59,21,42,50,79,1,75,94
43,59,25,95,45,89,82,98,82,5,4,81,63,19,28,61,59,21,49,70,73,72,61,92,99,56,92
39,50,89,26,91,80,73,35,68,14,2,54,19,33,57,93,88,75,85,64,11,95,32,41,21,90,0
45,3,81,79,31,44,41,5,29,69,11,50,91,83,17,75,86,81,86,54,2,75,25,92,79,13,56
63,46,36,33,74,71,30,94,67,57,94,65,43,17,91,12,35,60,68,39,91,60,50,55,80,16,26
100,45,41,43,75,87,81,91,31,68,95,76,90,70,72,84,96,76,40,49,74,90,44,81,8,1,40
30,31,87,1,98,6,39,15,44,8,47,96,98,29,11,63,17,34,55,1,84,68,74,67,65,65,42
40,16,89,69,91,5,42,13,40,19,3,52,42,67,92,78,11,13,18,27,31,20,49,76,79,66,34
73,66,98,22,69,34,89,72,35,69,81,30,41,38,54,16,33,21,19,87,41,84,91,50,37,8,77
56,32,86,10,13,46,48,17,72,33,82,96,8,85,78,38,12,18,39,66,93,53,79,38,34,19,81
70,86,74,54,42,50,93,32,20,16,44,47,40,64,75,54,23,82,33,96,44,38,89,85,94,32,39
85,7,12,99,83,0,82,17,70,56,23,93,21,3,63,12,39,20,4,90,44,47,77,55,94,13,36
63,89,86,91,4,14,23,95,99,19,19,70,24,37,52,96,91,67,76,25,6,68,83,43,47,40,14
23,20,57,43,86,61,3,82,41,100,57,94,93,19,0,90,55,8,13,99,27,39,62,53,4,39,11
16,21,6,64,67,79,77,92,13,88,87,22,13,20,100,63,58,76,96,96,83,24,8,38,5,5,29
27,34,35,64,40,41,71,50,97,21,12,26,26,9,64,62,82,99,66,96,72,84,84,4,65,14,37
20,86,64,25,76,89,26,98,38,4,47,75,29,94,72,65,24,15,65,34,7,96,52,46,57,29,99
100,46,61,0,24,65,26,3,40,81,59,85,58,58,79,71,17,19,53,63,90,51,19,96,55,60,72
28,46,8,73,21,83,19,89,73,39,60,21,47,31,60,2,52,30,27,0,32,7,64,95,35,70,24
42,84,91,62,38,11,41,9,65,77,98,73,72,46,21,83,37,86,81,20,56,30,61,24,29,39,79
83,27,10,15,45,0,12,83,5,82,60,94,40,6,64,1,39,31,16,77,14,78,76,29,2,31,20
73,42,72,48,66,100,33,24,51,31,1,68,98,58,75,91,38,100,16,57,71,86,34,76,96,79,39
73,39,83,95,55,33,58,71,47,46,36,90,54,41,44,4,27,46,7,64,36,91,98,81,74,57,7
17,25,40,92,36,40,35,88,63,48,66,16,38,12,30,26,43,71,33,84,97,38,42,78,29,54,67
47,61,16,45,35,22,81,2,73,65,82,14,31,79,27,40,43,64,67,31,22,88,100,41,92,53,6
10,17,2,18,18,27,42,55,12,9,52,65,58,6,86,71,13,76,60,42,71,52,4,78,58,79,10
53,28,81,37,60,92,81,66,36,70,43,64,66,77,33,57,85,32,56,24,81,1,76,40,4,45,33
13,27,81,18,54,33,69,36,1,97,51,52,21,18,19,2,64,62,17,47,41,98,81,10,24,6,14
73,42,56,84,100,14,12,28,98,73,19,78,17,9,39,47,4,62,55,77,60,33,8,100,25,35,13
18,65,77,69,67,58,100,51,57,63,60,58,94,69,81,0,6,65,34,40,68,90,12,37,74,63,61
13,54,33,19,92,54,0,39,57,84,87,53,70,40,75,57,62,15,28,6,27,10,71,26,6,8,97
83,10,50,76,19,84,6,37,31,4,61,70,56,24,87,23,51,50,81,65,44,45,80,78,10,36,83
97,84,35,74,44,98,59,24,62,29,59,23,12,15,70,78,43,48,24,49,62,100,21,1,78,70,31
10,91,72,34,66,31,25,38,39,76,78,1,90,30,41,96,13,25,43,58,89,92,36,84,73,81,90
27,81,74,19,88,96,39,6,90,71,53,33,86,73,99,50,10,25,93,55,65,50,84,34,85,8,100
11,17,32,74,6,84,83,72,64,11,57,50,60,4,26,55,72,34,75,52,44,14,100,79,79,90,63
28,30,37,74,2,43,70,62,39,51,44,64,40,3,29,69,96,59,8,57,16,62,29,36,37,56,1
46,19,79,76,31,93,39,23,26,39,58,71,25,59,30,27,66,66,57,45,70,43,55,26,5,100,84
61,78,97,57,61,15,62,93,32,8,43,32,27,54,7,37,4,20,1,47,77,23,66,83,33,49,49
44,2,16,55,75,3,86,11,60,11,24,8,15,82,54,18,13,88,54,27,30,3,44,58,28,16,39
81,95,24,35,64,92,98,69,99,84,41,10,46,1,19,76,29,96,58,7,100,24,72,2,28,25,100
23,52,23,54,24,44,32,68,13,82,83,6,87,13,75,60,33,97,64,86,42,65,80,44,9,30,21
42,78,40,80,49,28,19,66,13,28,89,0,68,33,8,10,27,95,27,96,27,100,70,12,37,97,74
68,94,55,21,62,94,99,0,37,29,24,78,86,2,46,16,28,62,83,39,63,35,37,42,7,90,98
21,47,20,21,20,2,70,57,20,27,37,42,49,91,34,73,15,5,71,64,88,87,75,56,13,5,43
69,19,85,16,57,52,71,31,52,33,68,43,38,86,93,80,85,22,53,30,96,18,75,84,22,90,57
55,94,43,80,35,77,13,12,33,56,1,63,68,72,87,23,96,41,22,81,98,58,100,93,67,65,52
28,61,30,13,31,27,15,100,30,52,20,91,16,46,5,16,83,39,96,79,30,23,63,54,9,81,70
30,3,26,51,76,72,67,44,95,56,31,51,87,96,36,86,97,74,39,39,96,86,74,9,12,27,35
7,2,24,19,47,99,34,99,55,92,14,22,91,95,37,72,41,93,48,85,19,17,85,59,90,44,13
72,72,44,32,57,95,40,76,22,21,19,16,92,48,96,6,72,3,36,88,59,80,17,89,35,24,43
76,64,54,70,44,47,0,13,17,62,13,61,66,85,22,44,100,9,68,4,87,28,99,56,82,37,68
45,66,14,21,76,94,35,18,12,31,85,17,7,82,86,24,82,87,65,74,12,61,73,92,84,35,91
65,80,11,39,70,2,38,76,32,98,89,81,61,68,8,21,100,62,58,44,76,74,92,0,21,79,57
48,25,63,16,39,80,78,75,15,39,12,51,35,36,74,75,63,1,52,61,54,45,67,85,90,74,28
17,79,38,37,52,66,16,44,13,72,74,38,47,84,40,69,79,2,48,15,50,21,81,82,88,23,83
14,79,49,25,94,89,86,56,40,33,10,3,42,95,34,97,42,59,5,38,42,23,82,61,16,12,100
100,19,14,1,66,18,50,23,44,2,41,8,21,90,75,23,59,90,84,80,16,74,1,34,67,16,79
32,1,16,74,100,57,99,86,2,10,33,54,50,28,92,9,47,51,68,31,83,17,61,3,22,3,0
58,47,1,5,71,98,5,95,61,30,15,66,59,26,85,75,26,97,54,100,45,85,34,12,91,100,2
8,21,26,50,13,93,80,80,65,3,86,50,36,95,42,67,45,64,46,27,87,16,57,7,32,5,89
55,65,0,36,83,85,50,84,96,78,60,23,29,19,41,9,6,21,78,45,36,77,32,32,23,5,72
17,23,10,17,66,13,71,74,77,89,89,87,10,74,43,81,9,41,59,50,100,6,5,22,1,29,28
94,1,16,92,4,26,69,22,43,27,73,58,79,84,6,76,44,3,86,69,25,57,31,11,15,81,15
17,5,41,23,63,51,65,95,49,37,57,98,55,27,72,61,64,99,50,51,47,64,41,44,90,45,76
97,79,45,50,17,52,53,98,71,47,78,19,85,30,52,79,49,6,57,77,79,84,67,95,59,36,45
25,93,99,20,31,42,19,21,60,6,60,13,23,89,29,66,57,11,8,67,70,22,64,39,26,75,22
40,11,54,57,49,60,42,2,21,78,40,81,48,38,83,11,14,15,38,0,23,99,94,36,55,2,83
82,90,4,35,92,100,61,4,53,60,13,42,44,75,78,89,37,26,99,23,56,53,28,30,57,44,80
65,16,50,1,63,51,8,53,87,85,20,19,21,46,84,34,49,63,67,63,53,96,27,77,53,15,44
87,8,35,46,70,73,87,0,24,65,2,58,71,30,27,45,2,56,88,51,32,85,21,73,43,97,28
60,33,19,91,99,55,10,0,35,54,1,57,35,67,18,86,19,3,69,12,1,69,66,73,51,51,81
32,79,59,25,93,45,6,22,66,30,53,100,70,80,93,9,22,98,97,89,40,5,25,80,6,12,46
100,26,87,95,61,0,26,61,1,48,42,28,63,42,60,41,63,58,78,49,23,36,88,33,33,10,42
31,32,33,14,62,91,15,4,80,91,42,6,56,93,74,37,82,24,21,89,58,50,12,89,94,99,21
18,15,61,87,83,27,18,52,68,41,62,64,18,38,34,98,32,46,55,15,9,1,25,58,8,32,50
85,81,41,33,6,67,94,34,53,66,92,42,13,5,54,4,38,15,57,77,68,19,49,8,64,51,36
85,53,74,15,85,80,51,56,47,27,77,57,27,17,64,61,84,82,82,9,51,6,82,18,57,30,79
0,85,90,2,5,77,28,20,40,53,81,81,4,42,93,22,77,87,85,31,91,50,54,54,20,95,33
85,46,66,98,55,58,99,66,66,63,65,44,63,34,59,7,98,9,81,47,75,6,80,39,24,34,29
89,75,77,73,66,70,93,22,47,41,68,20,28,4,70,81,48,94,86,12,39,44,29,2,47,42,74
74,66,90,5,23,83,36,71,8,36,13,41,69,69,39,78,47,98,11,16,75,15,5,81,22,55,31
38,32,1,23,41,23,58,10,44,90,38,22,4,9,81,8,42,71,86,29,82,15,75,49,28,95,58
21,68,97,45,16,96,39,26,4,82,2,26,92,75,64,32,28,46,78,98,49,11,4,58,25,16,0
26,32,28,28,10,20,95,11,39,4,13,29,32,86,21,68,42,63,33,63,85,75,61,43,53,88,76
92,22,48,40,53,93,39,39,83,85,60,87,3,70,73,69,38,12,53,94,55,95,61,8,69,14,49
63,36,27,27,32,70,29,60,29,93,16,74,76,83,73,31,51,5,32,3,0,4,31,49,49,45,61
78,43,43,81,12,50,76,92,95,10,87,69,22,18,52,86,90,12,22,16,63,72,84,10,43,52,11
23,25,51,2,30,17,82,15,7,72,81,10,22,90,79,90,13,48,12,78,46,32,8,75,49,45,26
11,62,67,43,19,50,50,42,43,1,65,53,35,93,1,97,31,20,20,85,65,52,83,92,79,0,5
58,33,59,7,4,75,33,89,23,33,83,76,47,77,52,2,42,84,8,39,91,25,87,57,67,27,1
14,67,52,63,53,86,23,14,43,53,75,5,50,13,17,66,81,30,52,100,41,0,57,17,84,54,45
59,27,56,8,14,13,66,25,9,69,49,70,27,72,47,23,73,94,91,49,45,57,57,80,17,67,5
95,69,24,71,37,76,32,50,48,22,61,87,92,91,17,62,32,50,76,57,3,80,5,46,59,29,58
18,7,46,55,15,83,54,71,3,0,70,93,93,85,96,0,46,11,8,93,65,9,56,50,10,26,4
86,67,99,18,29,70,38,25,3,79,4,71,87,97,100,1,91,57,53,86,21,90,68,75,95,59,65
63,97,94,87,89,77,22,1,91,56,64,61,40,69,77,38,37,67,33,94,99,37,72,83,60,46,69
14,35,51,12,62,10,57,14,40,44,83,37,19,83,34,67,28,25,88,0,86,48,79,83,78,25,34
25,32,65,79,62,71,65,7,24,23,3,85,47,81,32,86,68,79,27,88,40,39,9,74,5,64,76
69,87,10,97,14,88,52,22,76,54,21,35,95,61,32,100,7,19,74,16,28,4,45,56,64,80,100
72,5,10,12,52,45,68,6,97,90,13,25,81,37,31,99,95,42,30,90,51,77,28,78,27,10,72
49,55,56,73,21,77,99,2,4,80,13,79,98,48,88,84,80,95,14,48,38,1,68,41,33,58,42
6,40,50,42,93,10,38,62,100,27,27,8,68,24,40,90,82,78,51,64,93,57,29,77,84,84,92
4,42,0,61,36,27,67,6,70,18,15,92,71,88,48,37,78,68,53,92,46,60,60,2,6,59,27
29,68,55,96,15,39,41,53,53,83,3,72,6,94,63,0,63,11,58,69,58,30,91,4,51,21,99
18,54,27,66,50,84,95,77,87,92,7,8,85,79,61,46,70,64,99,84,51,83,91,1,100,84,21
46,95,72,21,53,8,2,67,74,11,64,53,10,4,66,32,15,20,87,5,87,85,19,66,99,10,52
87,68,77,89,37,43,16,14,83,52,60,86,3,43,63,39,98,68,80,66,39,53,88,12,52,31,9
37,70,2,82,90,77,72,42,70,65,43,62,36,31,91,41,16,8,83,37,51,100,63,8,36,67,19
29,51,80,31,65,67,83,68,51,10,90,80,26,65,85,44,31,62,84,9,40,38,52,28,35,70,4
20,60,36,69,58,2,77,12,24,73,95,56,42,73,85,41,44,56,26,55,75,38,39,40,90,92,25
75,76,2,45,87,58,99,28,47,20,47,45,6,30,22,67,95,30,54,9,13,47,66,78,32,9,36
0,30,68,9,37,68,76,10,96,0,84,56,40,45,80,73,29,9,84,95,1,85,32,10,84,64,42
69,31,83,64,45,15,72,5,15,17,2,10,18,88,76,96,49,71,36,59,83,47,87,75,90,75,32
57,43,73,85,11,75,39,10,44,2,20,15,59,64,82,56,51,0,44,61,84,34,37,52,4,79,71
35,35,21,94,74,42,66,97,50,47,97,36,66,47,49,94,26,60,80,46,36,94,23,58,33,47,79
77,4,64,75,64,68,5,50,96,70,16,32,99,70,89,92,5,22,48,84,100,90,78,82,28,82,50
6,50,98,17,27,22,35,49,7,36,20,63,51,67,71,47,9,81,67,19,98,19,28,1,21,59,83
76,26,1,4,56,45,45,8,29,7,79,54,29,20,82,70,74,90,43,22,43,79,19,28,24,21,77
57,34,64,33,59,88,66,76,63,55,51,25,66,74,67,16,79,62,67,31,13,61,83,60,58,35,55
19,64,49,92,53,8,55,21,61,82,81,72,26,53,99,92,71,2,46,68,66,27,34,31,46,51,67
30,34,96,14,19,34,22,7,59,84,27,73,2,67,31,38,70,46,57,42,34,75,31,1,66,9,8
29,50,46,81,76,68,3,70,69,23,48,34,35,94,60,19,41,43,60,65,33,8,22,19,19,49,64
97,42,30,96,45,52,5,5,67,98,71,20,49,23,86,46,23,1,22,17,2,29,52,62,53,67,63
56,18,94,80,29,62,19,53,5,99,69,100,61,93,73,53,35,21,70,55,31,3,32,99,90,45,65
56,47,7,64,60,55,11,39,42,65,54,51,4,85,72,36,22,54,34,2,29,93,3,0,55,5,98
64,100,55,52,67,31,15,92,48,39,68,31,72,70,77,5,97,97,89,46,91,21,89,37,42,30,66
74,71,53,98,52,15,87,30,69,58,20,78,54,72,58,72,4,40,18,64,36,100,99,96,31,46,22
81,41,29,27,97,35,58,14,97,52,57,44,0,85,86,9,88,87,99,32,86,1,3,95,80,75,83
0,36,63,9,42,0,79,25,67,83,77,9,26,51,29,9,91,10,50,2,75,91,82,16,68,24,60
53,63,4,98,80,71,41,89,48,58,76,8,27,48,87,95,84,75,49,75,29,98,11,77,93,56,19
95,53,56,85,15,4,71,68,57,56,58,97,79,10,11,6,67,41,83,3,78,63,49,18,94,88,3
30,1,36,11,83,67,30,91,50,6,87,70,41,100,61,79,39,92,100,33,80,55,39,77,58,3,70
47,27,19,92,47,36,97,16,97,28,5,87,44,18,2,51,6,22,55,51,80,97,34,76,32,47,37
96,78,32,79,54,17,99,87,20,62,33,40,4,66,80,11,76,92,25,89,82,53,40,36,14,63,24
15,8,74,37,60,35,66,23,44,75,19,79,91,6,33,66,4,21,89,49,16,19,80,6,14,84,97
98,58,90,60,0,99,27,47,40,84,88,42,32,39,7,66,84,73,97,53,68,42,77,21,27,95,92
41,89,79,71,16,100,10,15,28,54,45,3,100,86,42,96,21,84,28,54,18,21,13,39,97,76,17
20,94,92,86,72,34,23,33,26,89,18,2,24,36,45,10,39,79,71,39,91,54,71,82,86,62,13
2,17,16,6,83,4,90,33,71,51,16,26,80,90,85,76,73,33,88,70,28,98,23,1,17,21,88
97,9,40,87,26,43,11,10,46,49,80,64,41,59,50,78,62,9,70,34,20,67,71,26,10,9,64
55,52,75,9,44,90,88,3,4,39,78,53,19,82,74,24,51,21,63,92,85,54,86,3,98,94,87
44,41,46,90,41,30,95,45,89,14,10,85,51,74,59,69,22,58,85,28,49,88,0,68,77,2,85
27,32,93,100,25,96,78,13,32,3,68,68,37,39,5,86,83,72,96,82,26,38,80,48,40,1,92
81,58,96,13,29,31,31,43,32,60,96,7,2,73,25,17,53,8,65,47,80,58,25,52,23,3,73
66,10,13,11,73,36,63,74,70,91,58,16,82,42,42,86,54,17,89,97,77,90,28,42,38,6,99
40,88,34,77,77,4,9,77,95,53,87,50,92,69,40,68,63,67,86,16,45,25,49,4,71,96,80
3,87,63,19,87,51,1,95,51,36,1,64,14,27,64,29,44,97,83,65,84,66,62,12,19,61,11
46,55,61,42,72,79,34,65,64,21,78,92,17,78,90,93,25,75,26,82,74,44,47,77,79,22,100
87,49,13,21,74,76,67,52,8,84,93,89,85,92,72,90,20,54,28,85,47,83,12,44,59,48,94
66,8,4,93,71,53,74,60,84,94,34,41,83,73,52,60,14,90,57,62,90,79,18,98,59,59,46
98,65,5,30,86,9,29,89,26,33,19,14,64,56,85,33,82,99,24,33,55,7,54,37,99,92,59
41,40,63,51,1,31,41,3,23,97,11,43,1,83,46,32,66,79,67,85,33,36,90,26,39,16,94
20,0,51,55,87,42,75,24,91,40,20,82,56,16,61,47,31,69,36,32,70,74,44,10,35,80,16
80,1,1,65,47,1,52,72,70,59,99,72,14,69,25,49,17,58,21,44,15,81,51,83,51,66,57
8,28,83,22,34,13,62,94,15,88,50,51,22,86,28,41,94,26,29,3,19,61,85,48,8,71,74
21,68,20,95,55,48,22,96,76,50,39,13,100,0,32,48,64,42,94,12,11,81,69,11,92,63,81
0,34,44,35,43,79,49,52,27,28,17,12,78,44,21,2,44,16,22,15,18,5,11,62,48,70,85
29,51,65,33,61,30,51,40,40,58,98,73,36,30,40,81,3,60,64,35,8,14,42,42,72,98,23
52,80,92,33,32,79,92,26,41,81,16,76,1,99,75,80,46,51,76,92,84,58,65,17,5,6,77
20,35,71,1,57,18,18,44,63,76,87,92,7,74,62,35,58,50,7,48,34,18,93,75,79,6,11
83,58,98,38,32,8,23,35,62,66,54,85,58,2,18,26,19,49,34,11,3,81,41,21,44,96,49
47,70,82,69,17,30,11,72,78,23,16,93,57,72,28,61,55,27,42,16,44,27,90,27,50,35,5
78,82,60,67,4,53,49,78,39,80,52,87,61,97,18,8,51,67,44,40,72,18,67,30,82,54,10
93,56,59,56,40,76,79,2,65,32,69,26,85,53,6,91,5,45,38,22,74,27,51,81,39,61,91
58,40,95,85,48,61,100,43,96,96,15,78,97,4,15,35,42,48,91,15,74,45,56,35,35,5,67
33,19,80,95,57,67,89,14,4,23,62,85,73,89,17,13,80,44,67,49,88,47,74,88,82,11,20
27,57,57,77,76,38,52,53,28,4,48,6,84,35,37,29,40,30,72,1,39,40,53,19,55,37,41
0,16,0,72,80,26,5,58,70,82,41,70,23,25,39,76,2,67,66,100,35,68,12,43,16,27,9
35,38,81,73,70,54,95,32,54,41,95,81,25,84,60,28,7,19,66,16,38,19,40,44,25,22,4
13,30,96,52,48,9,71,40,5,50,64,30,41,7,47,52,25,76,16,97,64,21,79,2,96,77,35
24,42,38,60,36,2,82,99,48,67,57,64,80,90,50,76,100,89,48,1,36,80,67,27,17,7,53
88,39,15,5,80,91,21,8,96,10,20,15,99,46,53,70,55,79,41,29,84,78,63,50,85,37,74
14,44,12,19,27,47,81,11,92,63,82,32,6,61,66,76,97,76,49,24,51,57,2,89,87,21,75
50,45,42,69,96,8,9,80,65,43,63,61,33,42,55,42,83,19,18,87,54,41,80,77,32,47,74
1,75,45,75,74,13,49,48,80,20,6,34,11,95,97,89,87,45,65,56,70,93,13,3,68,15,11
23,5,57,82,49,99,20,24,18,16,12,58,94,62,91,23,52,71,69,91,3,4,23,53,5,63,93
37,75,98,18,76,45,60,81,47,74,59,45,41,29,69,48,6,42,11,61,47,3,78,67,67,24,91
22,90,58,70,81,27,63,61,95,95,19,12,83,44,25,40,13,96,29,32,66,75,45,81,16,22,46
40,17,88,98,40,63,15,87,84,53,48,13,43,88,33,82,13,22,45,78,10,38,60,68,87,86,0
90,43,13,42,70,93,36,2,48,37,60,87,31,100,72,72,16,22,86,55,36,10,23,92,52,62,64
94,32,73,63,33,66,9,94,13,99,41,92,39,23,76,70,47,62,8,95,9,91,8,41,83,59,56
30,38,35,75,24,51,46,15,1,55,34,58,1,80,5,3,23,61,67,94,3,50,46,72,57,29,11
26,18,34,69,24,88,64,63,7,58,96,72,35,53,78,50,90,63,40,1,17,2,0,69,95,26,100
17,48,25,57,18,48,20,0,43,1,45,67,33,86,57,77,55,90,46,98,14,90,63,82,8,26,67
36,62,18,36,97,26,42,22,55,31,60,84,88,7,46,85,10,49,97,59,63,72,88,59,82,68,88
9,82,55,53,9,58,82,31,7,16,94,76,96,8,95,25,56,22,18,46,92,80,61,44,20,91,17
0,24,97,1,56,46,90,38,33,56,17,84,16,19,46,77,28,35,14,100,5,9,1,68,26,70,99
35,72,15,4,34,58,27,2,92,7,65,79,24,43,74,45,25,1,61,25,8,80,11,4,10,31,4
62,95,92,24,77,18,76,66,51,77,23,69,4,64,57,33,6,53,83,77,5,87,46,92,23,46,39
69,96,93,0,53,36,10,46,48,26,18,33,70,66,12,69,41,52,58,8,48,87,83,7,75,17,60
24,54,91,68,13,81,49,34,81,91,40,50,5,70,59,79,5,29,14,29,25,91,93,74,88,67,41
81,3,80,9,32,67,10,50,35,33,71,66,55,1,41,30,44,60,29,44,31,35,55,57,10,23,1
2,78,65,39,59,2,32,2,49,83,73,73,33,55,62,1,36,6,54,17,65,25,62,97,2,30,48
36,23,32,15,28,96,22,72,28,77,4,65,37,30,26,76,74,22,93,47,100,29,94,24,52,29,85
80,74,21,55,36,3,91,7,46,97,76,29,13,19,70,13,1,76,1,50,78,81,49,25,5,29,76
14,95,26,30,100,94,16,33,63,26,79,77,88,34,93,18,70,96,6,42,41,48,68,76,33,56,91
84,76,15,23,43,93,77,56,2,66,94,9,97,52,84,39,30,60,78,17,60,62,62,45,10,29,31
55,84,29,78,23,17,35,80,48,39,84,21,32,77,64,73,47,88,6,47,81,74,9,66,24,26,67
64,20,44,58,72,87,55,69,37,15,74,63,10,29,84,80,85,43,10,83,72,91,23,11,59,11,82
22,94,47,15,84,31,12,94,88,83,37,67,15,7,88,6,75,38,6,78,37,53,71,65,39,1,74
96,36,17,85,89,45,39,42,60,43,96,36,96,11,100,11,43,75,75,97,28,5,22,20,84,18,62
52,12,65,13,34,45,99,36,80,2,15,2,47,81,84,4,44,36,11,80,63,18,40,11,47,15,75
57,3,67,10,90,53,53,39,37,8,55,92,64,88,59,47,68,50,84,73,29,91,41,37,50,11,78
31,76,41,82,47,97,1,76,17,54,59,34,87,15,70,77,92,27,35,83,67,31,81,74,89,50,88
69,41,52,81,46,62,2,69,48,51,47,36,61,20,12,37,65,34,20,62,9,17,94,84,16,8,59
87,23,18,27,46,53,85,98,95,100,56,51,19,24,13,100,48,87,16,47,15,49,71,4,37,42,57
7,27,83,10,46,35,18,83,92,35,26,92,11,13,5,14,73,81,97,7,74,80,58,5,55,86,37
95,9,77,77,12,44,53,86,2,76,75,88,63,9,0,89,9,27,96,26,41,22,52,90,35,60,24
97,64,51,40,41,51,82,18,80,38,84,98,70,31,24,34,96,28,49,50,75,80,32,27,16,55,5
80,59,87,23,61,77,93,46,85,88,20,87,37,68,87,69,16,78,30,60,27,90,57,98,4,11,32
20,82,8,16,76,86,7,91,27,50,6,98,85,2,70,11,33,70,60,20,84,44,62,45,12,80,33
15,53,46,64,58,35,81,92,21,22,0,2,60,84,63,99,100,27,9,87,9,40,0,85,73,50,87
65,37,56,42,81,60,92,80,75,21,85,11,7,76,25,33,52,78,43,22,56,52,3,69,51,66,0
76,69,100,77,63,65,99,69,55,82,7,75,45,26,48,78,21,73,55,70,72,43,39,38,74,29,79
11,83,14,30,13,90,21,81,68,97,96,34,25,20,66,37,65,88,20,58,77,89,74,84,96,45,18
86,6,1,95,54,73,13,80,3,71,1,35,3,10,73,17,23,3,77,15,2,3,76,97,73,93,43
3,5,83,44,96,41,73,39,59,95,79,89,30,94,95,83,14,93,80,60,72,17,72,7,65,24,33
94,48,10,58,92,24,57,75,44,89,70,36,94,34,90,55,79,28,97,96,39,75,10,43,25,4,66
21,3,36,56,86,49,66,84,16,28,18,24,49,63,28,85,62,31,60,90,55,71,9,5,4,88,84
68,11,54,12,35,71,92,13,32,15,43,77,68,37,1,65,61,86,39,21,44,17,32,27,47,30,62
33,88,34,9,3,74,10,63,32,57,48,66,88,51,38,31,11,97,4,29,13,80,95,47,99,54,89
29,99,94,9,62,54,3,80,19,27,72,41,43,99,38,7,58,39,83,57,75,38,68,41,81,37,14
3,62,37,9,86,61,64,77,39,98,51,52,53,59,91,56,74,79,44,59,37,97,79,92,47,20,84
76,35,53,40,63,83,94,51,45,56,9,76,49,98,13,96,72,93,15,26,8,5,11,81,34,16,97
19,86,3,86,39,15,49,88,3,39,47,20,56,22,73,29,93,83,21,15,99,54,67,79,4,67,55
67,50,56,86,85,13,98,27,80,52,1,81,11,31,19,30,65,18,19,17,10,17,4,51,13,17,78
66,47,40,60,99,6,61,9,1,27,62,46,3,20,41,59,57,84,75,21,38,55,11,99,11,20,69
16,40,42,23,65,73,90,60,99,6,44,41,26,97,41,24,100,84,32,19,35,99,64,53,90,64,37
30,20,21,35,12,86,56,51,97,69,7,85,47,77,93,22,56,57,94,27,54,70,89,100,52,45,31
94,65,55,74,10,39,91,39,11,9,74,86,90,58,23,83,73,94,44,69,39,72,40,14,99,62,75
74,64,15,10,64,9,85,6,39,77,39,30,2,53,26,84,38,10,34,21,90,88,51,7,97,61,49
25,44,98,47,8,80,33,55,1,43,82,28,15,35,63,82,29,69,87,30,99,7,26,22,90,57,45
41,78,48,70,61,9,13,92,81,83,3,88,82,89,80,3,3,55,78,99,18,75,86,42,39,35,98
3,62,91,90,50,70,59,66,33,33,86,56,31,81,100,78,47,14,56,16,43,8,13,59,84,74,32
32,9,36,77,67,30,85,100,56,15,67,20,22,27,23,95,12,43,78,75,90,56,15,76,17,25,37
61,62,78,44,7,66,43,2,98,97,35,13,96,11,41,93,99,55,28,9,38,83,12,62,28,77,61
78,65,18,18,48,86,30,24,66,28,85,84,98,56,89,46,5,60,23,79,89,58,48,74,82,20,8
87,78,19,35,69,25,25,35,71,99,45,75,89,51,24,61,86,78,3,36,3,63,93,79,95,37,77
57,86,90,12,96,39,81,34,9,70,78,19,96,27,88,84,90,85,72,96,60,0,78,22,3,51,56
42,25,65,35,40,66,100,3,93,31,39,58,42,38,65,7,35,76,74,11,77,11,64,3,59,95,4
78,65,70,26,54,8,15,92,55,28,99,4,79,49,37,82,55,26,5,88,27,41,43,2,41,27,93
24,98,51,99,81,26,43,98,75,48,46,44,41,33,99,34,86,10,4,80,60,41,96,22,6,62,69
18,73,48,98,81,44,81,1,15,63,74,32,59,2,42,36,72,73,70,21,44,90,80,86,1,8,78
66,58,13,76,63,4,100,52,4,84,56,80,82,5,33,11,3,8,7,48,28,44,84,16,46,39,95
54,32,38,42,85,8,32,35,7,57,44,42,6,64,77,34,99,46,38,34,5,85,37,89,36,36,5
3,11,35,49,21,18,40,35,88,3,82,37,38,81,34,7,34,41,81,93,9,15,4,9,42,59,50
49,47,79,97,56,31,69,68,12,24,0,32,90,12,40,27,13,87,11,27,89,61,23,91,50,24,85
7,0,17,9,13,100,11,38,29,40,31,70,19,91,63,23,13,5,87,25,23,88,27,53,54,40,46
27,89,20,64,50,69,84,99,54,57,53,74,38,94,97,45,74,49,52,42,46,31,31,6,86,66,7
5,79,38,100,16,37,96,87,74,2,54,82,10,9,32,5,45,20,3,86,100,30,7,89,5,91,31
42,68,12,25,85,2,97,65,33,59,53,23,95,79,65,85,53,44,38,9,54,88,96,39,88,41,36
80,84,79,16,78,2,55,7,9,97,31,64,28,95,65,35,30,46,14,0,77,90,91,82,17,40,48
33,59,85,30,14,71,88,49,40,44,95,66,22,67,44,66,0,49,5,9,34,30,100,44,89,52,56
19,46,29,44,91,10,98,2,12,71,93,76,68,16,92,14,17,84,23,13,42,15,42,98,14,89,100
98,10,79,54,28,99,10,16,37,22,9,87,61,69,45,57,15,94,76,45,42,13,100,54,92,38,7
19,90,55,99,78,92,47,93,94,10,50,66,40,3,35,33,89,62,57,68,63,34,27,43,57,3,60
74,25,89,56,57,83,71,75,90,78,4,51,70,4,84,92,29,31,18,0,15,22,100,17,50,68,3
19,17,4,81,81,52,8,52,97,2,70,3,67,12,11,64,89,43,21,65,49,41,69,14,26,63,90
86,72,15,17,87,72,36,46,3,97,91,92,53,15,7,37,88,37,100,60,20,11,6,33,48,75,78
12,24,45,43,4,49,27,49,94,22,91,17,31,39,89,100,21,56,8,15,56,75,89,55,47,76,27
27,50,79,61,34,35,55,16,63,18,66,45,10,46,55,0,15,90,29,85,47,0,96,59,62,79,61
72,70,98,30,98,97,18,41,33,99,36,63,95,100,25,64,9,2,55,37,2,76,5,90,26,41,42
71,76,58,96,21,94,45,26,29,17,1,6,57,72,100,77,39,31,45,27,6,64,63,56,73,26,77
71,31,36,68,27,51,88,17,11,80,25,60,50,19,58,29,100,10,11,68,28,24,66,92,31,21,22
9,15,18,4,70,58,79,33,46,25,30,11,2,55,69,67,7,37,57,93,69,98,31,7,59,47,25
86,72,45,6,100,75,47,95,10,45,77,59,62,80,61,28,33,31,45,56,31,12,30,47,85,73,30
74,98,48,8,7,16,9,12,68,86,43,97,6,23,63,91,43,44,79,23,21,27,89,93,27,41,47
56,4,97,58,53,36,20,91,43,27,74,20,88,75,34,68,88,51,39,47,20,89,44,56,74,67,38
3,52,9,91,77,43,49,94,40,49,91,89,62,28,85,0,35,51,36,93,6,46,60,15,66,99,34
80,95,62,14,17,65,13,25,28,12,48,57,75,40,54,22,85,49,55,6,55,52,77,34,81,23,56
64,90,27,75,39,92,31,80,78,85,11,46,36,85,93,54,89,38,71,47,18,64,67,26,55,61,73
80,99,36,97,9,65,93,9,58,14,70,35,40,33,71,28,45,37,16,47,38,73,81,90,88,56,29
40,99,0,11,54,63,10,84,37,96,10,66,29,39,91,56,24,7,29,13,6,33,68,60,30,30,13
89,29,75,80,2,63,61,85,31,96,55,27,4,99,82,47,96,19,65,98,1,17,66,70,21,23,95
57,44,90,41,90,22,24,4,16,50,100,39,54,1,71,89,64,62,85,18,1,77,78,16,3,42,21
77,12,76,31,85,70,75,24,54,85,47,0,10,48,13,85,46,81,14,61,9,49,57,42,25,78,53
37,90,72,30,90,81,10,76,99,78,8,59,18,91,65,70,99,13,10,90,57,21,64,25,65,29,51
57,9,57,58,18,25,36,11,48,81,53,17,66,40,51,26,43,70,90,0,40,66,19,8,94,72,18
9,51,88,67,32,31,24,9,51,20,78,100,30,45,11,44,34,79,48,56,27,70,21,4,79,88,52
67,70,9,19,95,34,37,83,26,14,49,28,65,97,29,37,93,61,22,42,50,14,37,84,49,30,81
22,15,31,85,4,13,43,20,76,49,35,98,69,61,52,25,74,67,14,73,46,80,29,100,18,5,73
6,48,9,44,9,36,8,24,42,64,3,94,72,24,71,33,49,85,33,12,37,55,97,97,5,30,48
42,85,71,42,64,93,33,21,94,27,38,47,1,77,86,35,34,99,28,46,80,5,56,54,80,56,52
18,61,87,58,75,24,48,0,80,6,75,28,98,56,2,84,47,88,19,10,92,9,71,35,44,94,90
7,38,41,28,2,100,96,80,58,58,43,14,12,59,77,89,42,42,89,95,38,44,92,62,95,58,57
44,74,98,53,25,7,64,42,74,63,10,37,58,8,88,4,52,76,61,84,9,63,61,86,15,46,100
19,11,41,42,90,99,42,16,62,68,84,19,26,90,8,0,8,64,45,1,98,74,67,6,47,46,15
6,63,74,19,55,43,92,100,37,70,63,96,89,47,59,38,96,98,49,6,70,24,8,35,24,2,72
68,21,97,87,93,34,85,17,5,7,64,71,17,39,28,60,39,97,93,44,4,96,5,81,55,45,46
85,90,84,82,90,41,48,97,46,84,79,17,34,76,83,60,43,19,82,79,19,58,31,81,20,99,75
4,25,0,30,75,43,55,65,47,41,74,25,15,22,22,38,85,29,84,97,39,45,8,32,0,58,42
55,85,73,2,66,22,18,22,35,17,92,9,84,89,10,49,14,90,11,40,23,42,85,92,6,42,31
43,80,52,77,37,22,37,71,28,75,59,81,8,6,79,31,18,96,91,74,64,9,11,95,68,74,29
27,61,89,34,51,1,18,49,62,77,67,88,5,38,53,60,46,13,46,6,52,15,26,21,89,61,92
20,60,87,56,100,80,28,82,1,1,17,67,67,11,4,64,17,66,74,99,23,3,47,57,91,8,84
29,49,87,34,15,32,52,17,2,42,58,53,74,48,51,62,24,4,67,93,94,50,67,20,54,76,74
77,82,87,48,72,27,55,92,70,89,41,90,1,26,56,26,51,56,75,79,90,50,58,79,69,17,37
86,31,79,85,63,97,69,11,7,0,83,58,49,79,18,86,58,35,26,83,21,5,85,89,70,88,32
16,70,68,36,32,74,87,15,45,48,79,86,98,18,81,67,69,87,36,24,89,79,23,85,15,20,27
63,96,56,91,45,13,21,53,93,72,1,66,33,11,73,47,9,79,28,36,91,76,77,66,9,40,55
48,87,98,77,96,37,21,95,83,51,76,28,97,86,4,43,55,42,0,3,6,84,41,3,71,36,80
94,91,73,12,76,53,62,15,96,48,7,97,81,56,79,13,16,85,36,22,100,61,91,93,82,84,34
63,39,79,80,3,74,94,5,59,75,72,20,77,30,20,63,45,10,68,53,36,25,38,51,62,23,19
56,18,49,58,87,45,71,65,73,44,8,0,27,2,11,2,84,64,82,11,81,91,70,11,82,81,45
38,7,6,3,20,7,20,82,62,91,9,29,67,10,25,70,24,67,38,70,64,62,7,68,25,32,28
70,14,56,82,91,26,18,86,4,39,8,66,51,71,87,11,23,52,18,92,46,97,14,29,0,10,4
57,66,60,51,57,51,15,30,8,86,99,22,83,44,94,83,67,44,83,60,34,40,97,43,72,35,35
53,72,47,30,72,36,99,22,39,33,66,19,57,16,27,47,24,91,0,12,25,71,89,1,38,8,6
84,69,61,30,7,86,92,65,27,21,74,74,72,9,44,88,85,33,21,94,67,46,98,69,45,55,98
54,20,21,3,95,4,66,94,41,8,95,64,95,49,10,92,3,94,82,75,89,51,4,76,95,0,77
40,94,88,48,31,64,84,85,60,75,29,31,46,39,91,81,35,44,60,65,2,4,7,23,30,83,9
34,12,21,35,67,66,90,39,58,80,70,88,99,74,30,19,68,89,53,17,81,42,11,4,17,99,93
27,1,89,10,92,84,70,11,30,41,7,41,51,43,62,1,48,51,97,0,81,90,17,96,16,31,18
72,12,46,94,87,44,73,82,66,38,51,87,69,4,3,58,95,50,79,27,19,45,51,49,32,36,61
15,0,42,77,49,69,7,1,42,59,0,82,94,72,0,95,83,47,56,63,51,7,45,3,87,78,56
52,82,89,0,72,90,15,77,9,26,51,60,87,86,30,78,77,71,41,41,74,24,60,35,60,49,72
14,84,19,98,68,86,63,31,98,48,14,87,31,71,82,67,75,97,94,12,23,10,43,54,46,96,70
38,12,65,9,97,60,47,23,81,40,93,87,14,46,24,82,71,12,54,52,90,96,74,46,74,6,12
25,84,97,32,57,17,34,48,95,83,49,12,82,42,63,67,4,69,43,32,69,89,89,1,87,4,24
13,21,47,92,42,40,90,60,31,61,2,35,39,8,66,64,88,24,0,86,46,84,70,67,52,42,28
29,7,62,99,60,17,37,26,40,10,56,10,60,95,60,35,8,73,20,15,84,0,19,89,82,62,73
18,36,28,97,76,90,18,79,16,93,28,37,3,3,72,70,99,11,24,7,15,6,47,53,56,60,88
91,51,39,87,84,13,80,89,26,9,64,0,35,15,25,31,56,69,75,43,45,52,51,42,40,100,14
66,54,82,45,55,2,22,32,92,21,47,80,60,33,45,84,48,70,7,8,37,46,78,16,94,84,39
78,59,77,26,30,1,90,43,29,11,72,15,96,13,78,12,56,99,61,50,26,69,33,61,30,43,18
36,55,12,94,90,27,2,7,12,26,59,65,89,1,86,10,85,80,96,34,51,94,18,57,93,15,84
18,52,28,98,36,98,68,25,39,46,66,1,90,52,36,15,53,84,23,32,86,35,15,40,70,59,46
72,40,20,96,73,84,10,70,81,13,27,20,81,5,58,50,44,22,60,61,30,69,83,40,77,82,0
100,40,35,100,71,32,66,14,68,7,91,22,36,97,64,23,98,77,97,90,91,49,0,36,86,91,33
3,0,80,55,84,96,66,45,53,19,70,46,20,84,33,75,77,18,35,74,62,35,66,80,53,69,38
32,18,72,90,61,63,0,3,82,95,77,95,33,7,86,71,29,67,31,74,43,24,89,35,17,25,86
59,18,73,70,95,66,73,51,23,33,21,33,24,71,70,91,0,99,30,61,41,5,63,83,69,99,82
86,33,93,95,57,85,68,39,61,90,49,71,100,53,5,59,19,38,74,38,29,89,32,10,80,71,47
27,15,0,54,54,83,66,31,28,80,36,42,51,96,6,44,99,80,23,51,57,38,68,14,79,56,43
64,35,92,73,80,72,65,30,74,61,68,93,83,4,11,23,52,86,91,37,37,95,38,15,83,91,31
74,52,21,71,98,48,51,17,64,25,78,74,94,26,20,93,46,63,98,20,14,87,22,96,86,94,69
64,29,62,27,56,66,63,41,91,38,83,37,19,90,77,89,74,29,62,79,93,29,59,39,67,24,71
45,35,58,79,99,35,90,63,20,94,100,28,33,84,10,62,95,47,55,62,54,54,7,74,20,48,88
49,26,58,90,0,98,5,15,40,35,7,70,23,26,2,38,92,38,83,46,22,80,20,94,50,80,96
4,53,16,40,44,14,74,62,58,92,45,54,56,4,54,21,19,3,91,79,10,97,11,30,13,78,17
3,94,97,74,100,66,52,90,82,98,56,87,34,66,8,86,84,48,31,4,58,84,8,85,5,28,18
89,14,30,81,12,68,60,13,78,69,41,73,19,76,42,35,96,56,3,79,33,34,28,51,14,82,100
89,56,64,73,13,9,9,17,55,24,17,100,70,16,46,4,43,85,17,47,98,22,60,89,5,21,55
58,29,48,29,59,90,77,61,61,71,45,20,93,6,54,30,91,81,23,13,1,41,49,46,19,38,90
81,69,25,80,39,87,29,38,95,48,60,27,5,18,70,44,69,63,59,41,16,90,97,84,91,98,79
51,97,75,61,75,18,84,73,9,80,26,90,10,42,1,64,19,70,88,27,78,41,29,76,28,39,80
86,59,4,69,31,20,25,36,66,21,56,44,11,48,10,82,91,23,55,86,44,31,43,96,61,32,92
91,17,78,42,81,36,100,36,84,59,79,95,83,53,100,14,97,27,19,63,44,20,51,49,47,89,41
89,50,8,0,89,69,9,72,30,5,87,57,9,69,23,3,28,39,15,92,15,92,13,100,2,43,35
21,82,95,42,13,17,75,54,57,25,90,48,2,74,77,79,53,22,35,22,24,25,44,78,44,64,32
93,84,30,73,44,55,79,98,91,57,66,8,28,94,79,41,62,19,98,95,26,37,78,56,15,59,12
44,36,23,19,13,76,9,55,17,39,73,11,9,10,31,80,45,20,42,10,9,50,51,24,49,56,5
33,9,24,75,31,25,64,30,60,77,20,54,74,45,88,39,52,22,26,4,59,69,52,42,15,31,51
53,36,0,62,25,81,82,41,67,69,1,87,29,100,56,79,40,80,64,16,20,89,81,32,51,47,37
10,89,75,36,40,14,99,100,26,44,42,48,12,59,39,25,94,77,54,79,56,59,80,66,46,25,11
21,25,12,24,39,63,86,52,51,74,4,60,70,23,15,83,84,62,63,69,72,90,71,59,87,14,26
67,19,27,45,28,83,29,7,4,3,12,29,18,3,43,92,25,49,61,23,45,96,57,60,91,83,72
4,22,22,2,69,92,26,14,64,27,93,97,65,53,14,87,91,28,12,73,45,41,55,78,51,6,34
25,59,89,81,20,30,7,1,33,60,98,26,29,89,47,52,28,1,4,32,99,80,8,99,35,11,33
94,67,65,31,94,99,61,39,90,54,91,6,14,25,13,52,36,92,22,54,96,17,38,64,2,61,3
4,46,77,51,29,46,60,80,2,77,82,12,82,30,84,14,15,53,16,50,56,88,80,92,32,54,42
9,15,60,75,94,42,26,78,34,93,1,56,4,83,30,27,98,80,36,73,53,76,52,10,30,16,3
40,84,62,59,59,45,98,20,78,80,1,12,72,25,8,1,70,99,41,70,55,37,27,59,92,35,19
10,22,12,58,1,21,44,2,34,16,47,90,53,50,22,51,26,93,71,70,62,2,70,42,61,98,13
99,81,4,90,28,37,2,25,29,61,42,60,56,44,69,76,16,22,90,49,78,23,9,2,86,41,29
10,77,21,9,29,70,72,57,39,9,84,82,88,38,97,71,67,14,67,9,72,12,17,99,40,1,74
60,4,11,62,65,24,55,20,14,22,75,18,27,96,39,65,11,29,10,14,15,66,26,33,6,14,58
44,62,54,4,39,3,88,91,4,86,92,40,99,20,33,35,81,24,8,34,76,14,27,69,79,14,1
51,53,64,98,55,65,27,91,70,98,24,51,2,23,0,44,10,90,58,88,100,9,55,75,9,59,81
71,100,96,28,4,90,91,82,78,10,85,64,14,7,3,94,61,23,30,51,94,59,77,55,58,35,14
31,23,91,100,55,79,11,92,93,99,18,71,51,24,17,66,23,13,37,80,38,59,96,26,62,40,39
80,28,67,82,56,46,39,4,72,11,30,63,41,70,27,39,15,54,74,12,96,10,71,47,49,11,1
58,1,43,33,26,29,72,68,77,80,81,88,50,58,57,50,15,38,9,55,49,2,86,56,80,46,5
24,82,66,42,28,11,100,34,15,45,70,67,95,25,84,70,16,65,2,85,64,60,90,22,32,46,24
5,11,15,28,81,44,36,51,27,15,88,46,90,53,10,31,13,88,3,96,69,37,13,30,89,61,27
1,77,3,92,26,84,5,98,17,86,81,99,64,77,30,10,55,36,59,72,51,85,69,53,80,67,52
43,76,37,76,84,43,73,75,3,73,43,14,88,87,99,53,89,98,79,92,75,59,31,36,57,95,39
2,57,90,99,82,12,65,27,55,89,56,60,89,71,33,2,82,59,89,86,81,62,80,64,54,39,44
73,15,13,30,60,23,80,98,50,51,39,26,85,96,71,73,74,47,69,28,20,74,37,43,29,79,67
54,78,78,14,89,25,21,43,93,72,86,100,21,48,36,84,54,43,27,100,87,56,60,50,25,21,76
71,40,40,82,49,42,87,20,40,51,11,34,50,42,10,9,50,31,62,19,49,32,63,29,59,58,32
16,2,20,73,7,54,86,19,78,29,7,46,21,44,31,86,73,3,68,24,41,84,1,65,73,22,91
41,83,61,76,79,78,90,83,89,0,38,46,93,5,94,71,94,97,66,31,12,99,0,20,23,66,82
9,27,72,92,90,12,79,10,74,45,30,19,75,13,27,63,44,1,56,20,2,70,77,53,47,38,100
46,79,27,20,99,48,71,62,86,13,48,29,90,49,31,6,87,53,86,71,31,32,96,63,98,20,45
10,46,70,67,69,77,12,38,77,60,82,22,87,9,98,96,15,78,23,76,72,52,64,26,58,31,21
9,30,96,73,2,13,54,51,62,28,58,74,18,12,53,66,39,53,87,26,73,55,23,89,21,74,28
41,76,37,24,18,42,20,82,96,79,10,9,65,35,87,25,20,28,45,62,31,60,85,97,61,13,89
22,36,7,18,88,10,100,10,99,4,28,3,71,48,78,63,66,91,77,5,96,21,1,18,92,9,8
85,82,9,79,21,61,0,81,85,60,35,35,12,56,30,41,42,20,95,56,94,28,7,22,78,72,5
55,22,87,33,76,96,20,9,56,22,64,35,92,38,35,95,73,58,12,37,39,18,65,69,33,82,30
67,32,58,17,2,3,19,2,90,4,9,59,49,59,13,49,88,48,67,63,40,1,66,15,67,44,37
76,35,9,47,63,42,87,80,67,34,23,48,87,44,19,69,68,8,30,64,77,28,25,80,24,59,7
68,55,47,43,99,92,37,30,52,6,48,99,79,57,73,69,12,21,28,43,3,13,12,4,90,62,13
21,47,50,8,14,41,87,72,16,80,9,28,11,4,81,90,72,0,53,54,50,52,34,46,6,47,25
46,29,39,77,100,84,2,0,96,57,99,17,77,29,26,49,82,99,74,35,32,25,45,24,37,57,66
93,62,79,14,1,72,78,10,74,35,17,58,6,85,70,89,21,85,51,69,86,57,9,95,4,92,18
76,89,57,75,7,41,4,90,19,11,35,91,83,78,38,92,93,64,58,23,12,88,65,3,4,40,3
64,90,98,46,63,6,100,95,78,13,0,19,4,83,9,65,38,73,36,45,92,52,46,88,9,44,40
21,14,5,56,1,35,86,54,34,70,50,93,63,68,7,88,79,5,23,62,67,90,91,14,81,2,73
13,59,26,70,97,64,17,14,53,97,61,53,1,41,96,58,16,24,77,64,61,98,43,49,42,84,93
32,5,81,23,79,63,100,80,10,54,58,92,72,79,18,61,27,18,34,89,90,36,25,58,5,46,86
86,45,82,20,40,2,41,83,77,58,2,90,90,73,99,95,71,15,50,20,36,90,10,30,44,36,2
9,48,9,75,50,32,100,77,61,1,90,39,83,66,91,61,17,25,39,91,82,21,55,97,43,8,35
49,15,9,9,5,19,64,22,64,65,67,59,45,44,50,62,25,95,58,57,99,69,5,74,44,96,10
85,7,25,59,87,39,78,92,82,48,9,59,34,91,63,92,5,39,37,40,17,15,17,76,93,9,23
0,36,44,43,66,46,43,70,8,19,76,60,79,78,40,22,45,55,10,37,100,64,14,56,83,51,10
52,26,34,81,35,4,16,36,89,10,17,63,1,100,93,23,39,10,14,25,3,90,96,27,30,79,36
97,53,27,87,76,82,66,86,100,35,7,20,39,42,66,10,24,7,86,35,29,79,9,23,94,70,61
33,35,8,22,20,13,0,53,59,2,17,45,98,40,51,93,27,76,86,23,48,84,96,64,85,15,12
47,46,46,83,87,71,55,22,14,44,37,52,90,5,99,6,23,70,87,16,17,30,78,91,21,76,74
31,24,67,55,5,28,17,49,6,50,44,67,92,1,93,31,86,13,28,11,11,77,55,50,79,15,7
47,84,94,93,62,93,44,51,64,12,63,13,24,27,9,94,7,53,90,92,92,36,76,18,6,62,50
59,18,39,49,36,53,69,53,63,79,15,77,91,46,54,28,11,6,99,53,88,51,90,21,70,96,38
99,50,6,18,70,93,72,5,51,39,59,88,70,87,60,75,84,20,84,59,16,84,75,49,99,96,59
18,92,51,30,96,66,68,35,92,87,53,65,5,97,82,34,32,99,26,18,70,97,18,7,59,83,20
75,94,66,95,60,75,76,40,33,75,17,17,91,37,17,20,39,77,58,10,80,24,62,41,33,50,37
5,30,60,65,67,64,18,85,88,9,8,34,94,85,13,95,55,1,54,53,81,20,80,49,33,49,7
47,64,4,45,40,25,84,73,54,9,73,66,65,30,35,26,19,3,15,42,44,33,64,73,92,55,63
97,15,1,27,64,48,89,28,61,29,15,84,90,47,23,26,15,27,73,5,4,29,13,33,86,42,71
77,72,54,51,20,76,7,18,71,60,68,36,52,78,34,46,8,80,67,57,22,29,98,81,70,50,82
84,13,35,40,78,56,89,66,41,68,4,88,25,31,71,54,100,71,20,11,19,82,10,45,38,40,32
39,80,99,32,61,8,30,46,16,29,65,9,98,57,1,61,52,81,45,74,21,4,33,56,32,21,30
85,43,82,27,19,83,41,25,17,50,70,95,91,1,59,100,42,44,36,37,92,5,76,9,42,35,15
18,35,15,0,75,35,38,62,87,46,13,59,16,92,84,100,36,62,94,82,2,86,85,88,28,61,24
31,85,93,39,73,67,2,46,19,19,94,0,74,90,96,87,97,35,24,89,40,87,86,0,93,43,98
66,75,53,19,33,24,11,55,28,91,64,92,54,99,96,48,13,76,8,33,80,34,71,46,85,84,82
21,20,59,47,45,100,48,31,98,90,22,42,56,71,81,28,92,13,22,94,70,53,98,60,79,91,82
77,71,64,17,53,68,2,35,93,81,18,10,89,91,73,12,57,98,55,42,68,46,40,52,56,14,29
82,31,38,20,43,28,58,9,57,93,76,17,36,17,9,8,41,79,36,69,87,89,62,89,14,28,66
96,72,91,90,27,68,77,36,50,27,5,94,83,91,79,31,11,68,91,16,70,88,15,5,58,73,58
75,62,43,2,75,78,55,73,92,87,9,61,13,95,83,38,75,25,85,65,69,45,15,58,65,70,94
74,44,100,15,26,13,8,2,61,74,49,29,13,9,1,42,60,38,28,81,77,28,78,3,97,78,68
67,50,89,52,71,11,92,32,74,51,2,26,53,10,68,3,83,70,99,11,31,66,10,88,70,64,44
27,35,45,30,86,8,57,31,100,42,55,44,4,73,73,77,4,72,65,42,48,92,53,79,8,35,8
62,52,36,92,46,88,37,89,15,39,29,26,15,86,92,26,92,92,12,97,83,5,99,78,72,2,78
61,51,54,68,10,50,58,52,48,37,43,20,16,80,78,80,50,77,97,93,82,84,19,54,84,67,63
31,4,88,45,15,6,77,19,70,93,9,11,81,86,41,3,44,23,42,11,72,95,73,97,11,35,34
17,81,92,12,31,28,92,24,43,27,20,36,83,94,27,74,18,91,69,47,96,64,20,90,23,17,41
24,41,99,78,85,42,25,84,23,12,4,91,46,40,26,65,67,34,26,69,51,77,75,41,82,39,9
12,54,38,1,10,4,77,24,63,51,99,28,10,3,90,15,3,96,12,27,81,29,13,96,44,88,79
28,19,79,9,0,73,15,84,97,69,50,3,87,57,24,75,97,33,82,14,93,35,64,68,88,77,35
44,41,45,65,43,67,85,59,82,15,98,73,98,19,60,57,46,91,5,18,65,80,92,40,43,59,5
53,29,40,5,79,29,23,17,97,74,63,73,10,13,42,46,99,73,4,57,94,80,70,68,77,4,79
67,33,10,49,22,30,2,19,60,81,24,65,45,55,33,53,62,70,76,40,9,35,67,2,57,59,93
15,53,77,73,29,54,18,92,57,13,70,63,81,70,1,70,34,80,51,19,91,69,56,90,90,89,84
46,79,13,74,74,99,14,58,35,45,8,91,46,92,8,31,51,97,64,62,84,18,0,73,46,55,30
69,45,88,97,77,24,42,39,86,12,50,28,92,70,53,82,8,17,87,53,62,34,91,11,20,24,96
60,26,52,55,25,75,33,20,38,6,36,62,33,3,9,14,52,7,21,0,75,36,71,18,24,94,99
67,45,88,45,22,40,42,15,63,68,73,93,42,1,83,43,90,48,81,31,45,15,33,46,12,92,66
51,57,16,56,6,59,29,32,97,53,84,67,76,18,13,52,65,76,83,82,6,41,92,49,52,74,4
58,41,40,71,47,25,74,27,79,90,37,30,64,70,94,59,32,9,98,19,71,8,82,91,54,46,55
50,1,20,33,54,74,39,78,75,90,83,10,74,31,99,69,74,24,83,97,42,21,21,40,46,4,35
90,43,50,68,39,2,61,10,3,71,7,30,98,93,52,33,18,74,57,75,36,48,88,47,92,96,15
5,29,72,15,8,79,65,67,82,44,17,53,94,0,43,57,99,20,12,19,17,95,31,92,88,92,97
60,90,83,29,90,51,74,48,74,72,42,56,78,37,70,56,20,92,10,5,1,68,17,16,32,24,89
56,94,27,93,57,19,17,39,27,92,20,94,24,63,31,27,17,9,99,5,22,51,9,53,15,21,83
31,59,35,72,100,50,18,22,65,17,10,59,97,30,87,96,72,17,96,61,81,48,56,81,54,97,9
98,8,50,63,40,73,48,41,61,75,68,49,17,43,51,15,7,54,11,52,41,81,83,96,49,48,40
11,43,14,79,38,22,44,81,54,36,11,67,33,3,59,56,58,72,17,3,85,84,93,62,16,96,81
44,71,59,66,7,83,45,94,73,42,7,36,85,6,28,76,99,69,34,8,81,74,31,50,20,2,17
8,35,59,44,49,18,60,20,79,60,88,38,0,54,78,13,84,83,76,69,76,68,12,75,57,25,55
77,84,14,49,28,55,19,54,34,79,12,5,18,46,70,25,49,73,52,22,39,38,57,80,71,39,51
52,58,56,51,1,73,60,5,99,97,63,20,14,90,15,38,72,8,17,64,3,2,50,36,99,69,25
9,95,13,34,0,74,65,1,92,21,19,5,55,33,20,92,88,81,67,30,8,10,15,100,87,73,33
94,83,91,68,62,86,11,11,76,79,85,82,85,22,11,6,30,43,92,64,47,76,74,95,47,14,63
65,69,21,44,68,28,6,6,80,92,84,97,59,53,22,33,51,89,95,18,92,31,91,61,69,9,27
37,31,98,37,84,32,71,47,22,7,71,78,37,28,31,11,31,72,65,44,88,76,43,93,66,52,64
54,48,59,58,80,1,77,14,94,1,20,90,37,56,5,72,41,43,35,73,49,7,17,77,68,73,90
11,37,42,73,9,43,27,26,23,24,42,66,28,17,67,49,63,11,35,7,44,23,5,71,30,81,47
87,50,47,64,91,71,2,46,43,42,84,20,83,17,95,12,100,9,50,73,8,90,19,41,74,61,84
28,58,98,63,15,43,11,29,36,31,65,13,56,10,63,79,84,63,36,97,68,5,11,35,63,30,52
74,82,88,9,23,75,93,70,88,73,36,16,94,84,91,80,23,44,64,11,52,56,75,82,40,84,13
81,63,78,52,91,27,24,69,98,33,27,29,42,39,51,16,11,99,34,70,41,63,20,43,37,99,63
81,5,27,47,46,94,72,20,46,62,4,39,59,56,52,66,78,54,24,80,100,58,23,84,72,17,96
29,26,39,86,49,8,96,30,64,81,29,54,45,13,36,12,99,44,50,45,11,85,78,44,4,87,6
67,87,30,73,11,85,24,61,31,59,12,21,61,25,13,85,4,19,44,6,43,45,45,26,64,52,98
44,69,86,86,63,45,25,20,54,83,50,82,7,62,21,34,99,69,99,38,2,8,17,36,23,7,13
97,8,83,83,30,15,7,81,79,50,57,96,10,23,68,43,98,90,38,30,62,75,8,7,98,16,20
36,52,11,65,2,64,3,60,81,55,37,63,5,65,39,27,29,89,88,48,96,83,81,93,91,44,58
68,52,75,30,13,38,96,90,64,78,35,7,72,100,81,39,37,88,67,51,80,78,98,16,10,100,10
95,80,74,0,87,93,73,75,51,30,4,89,44,57,100,10,43,2,54,50,8,0,52,83,87,39,51
76,10,5,79,1,64,15,17,78,57,26,90,65,1,40,40,11,64,42,3,0,62,33,76,65,15,96
81,81,50,57,92,67,6,90,53,67,85,65,68,83,53,91,33,58,1,18,94,84,33,19,49,66,54
48,72,89,18,83,8,65,63,82,83,27,43,70,63,37,63,90,86,43,45,26,41,49,30,3,8,53
100,18,25,42,60,5,59,76,52,33,66,38,41,0,3,70,24,78,23,10,54,32,1,74,45,71,50
34,33,43,44,18,97,52,41,92,16,8,27,22,22,59,15,100,27,72,5,44,34,1,72,67,45,23
7,57,88,35,47,30,54,90,77,13,0,87,78,95,55,17,0,20,23,11,61,98,60,68,76,66,80
37,67,73,24,3,71,92,46,71,20,3,79,49,39,78,9,39,25,96,34,0,66,20,0,66,41,25
96,18,47,39,65,95,16,94,77,45,36,99,3,28,18,48,39,17,94,41,36,5,81,58,65,35,70
42,89,47,90,39,39,10,97,59,56,78,76,33,9,10,87,44,64,17,99,60,99,63,89,30,73,37
30,69,35,71,99,85,32,99,76,62,22,59,11,61,34,16,66,98,89,66,87,50,72,80,70,19,23
18,66,94,24,40,72,59,5,14,46,33,23,61,31,91,91,22,46,82,32,25,29,17,76,30,30,59
96,58,48,94,51,81,86,50,93,91,52,94,92,27,11,49,80,2,10,98,79,13,4,50,34,13,22
70,69,62,42,31,32,33,55,90,25,84,21,1,39,30,69,1,63,20,58,89,44,28,58,92,34,69
61,50,83,3,73,95,84,42,61,70,4,49,4,6,40,76,55,44,40,31,84,11,15,17,56,18,43
79,12,7,45,49,86,2,6,72,55,86,83,23,98,42,84,9,90,11,37,7,55,95,29,53,32,29
69,99,50,89,92,35,60,47,67,71,2,34,43,8,96,38,86,47,33,65,93,30,72,77,4,65,32
13,77,0,18,26,25,92,85,1,27,35,16,36,84,39,91,67,34,97,3,54,4,0,29,13,27,45
38,82,72,75,8,34,52,65,3,7,96,89,84,69,84,43,24,3,70,60,35,41,64,40,64,10,59
61,31,51,39,89,24,15,87,10,74,73,29,52,14,24,90,72,54,16,10,67,47,17,96,89,71,66
47,26,84,63,44,95,56,53,0,28,38,9,21,80,50,88,73,77,24,34,86,93,80,95,48,100,78
44,65,74,62,36,23,23,20,9,15,33,21,96,96,96,78,32,18,31,78,30,18,64,50,79,82,71
98,73,90,66,52,50,7,31,83,24,69,13,23,53,67,44,51,79,29,100,6,98,76,7,93,79,72
11,48,84,91,21,87,45,76,55,64,26,54,28,67,37,42,56,16,2,70,14,69,24,88,57,80,81
56,18,58,47,53,14,98,19,39,36,27,95,54,58,16,10,71,32,61,68,10,75,57,7,98,55,33
84,97,34,1,61,25,52,24,95,95,39,15,79,40,25,2,11,34,81,5,81,48,2,79,20,17,80
3,72,56,80,99,48,19,10,86,21,1,44,71,85,5,5,64,79,89,86,13,63,9,31,92,30,100
1,58,92,87,74,62,8,54,11,49,58,49,32,68,21,82,56,70,84,29,38,37,90,57,10,0,68
68,15,15,97,97,36,21,37,71,6,72,36,44,21,82,65,21,98,83,80,10,89,47,51,77,95,68
39,38,96,42,49,48,84,94,1,92,40,14,83,65,23,28,29,42,25,24,11,69,12,66,89,9,91
61,81,94,30,11,8,60,6,15,17,81,18,29,79,91,50,27,29,62,24,16,48,69,58,85,18,57
11,33,60,41,78,69,18,12,62,46,52,72,37,86,76,95,57,43,8,13,10,97,24,11,11,24,69
63,94,28,37,36,77,89,39,35,39,2,100,21,43,25,45,94,9,49,69,54,75,15,99,72,42,10
84,33,84,17,94,39,67,13,27,93,68,75,12,72,67,18,25,88,31,22,20,68,16,35,74,23,68
43,24,44,57,89,32,26,76,18,98,61,66,84,94,16,31,89,47,81,40,76,5,98,79,35,86,38
87,97,100,11,88,19,80,46,57,72,98,96,7,8,73,21,3,41,90,60,95,52,42,71,87,80,80
19,45,9,4,7,6,10,36,76,90,34,43,36,81,59,67,94,54,22,56,8,26,47,27,15,32,100
67,98,14,98,69,22,40,53,51,63,27,87,72,25,44,47,19,73,26,85,78,13,58,75,6,41,94
76,56,1,73,46,41,63,12,73,35,7,96,92,45,36,56,78,91,22,32,97,6,59,23,40,38,91
34,91,57,83,93,56,38,75,21,35,0,76,41,7,94,60,88,61,41,51,65,99,52,69,58,76,32
86,27,82,33,30,20,7,83,48,12,96,62,26,78,7,66,98,26,16,3,15,70,88,87,21,1,13
21,83,43,42,14,29,53,40,89,66,93,97,78,12,79,23,33,22,3,62,91,34,10,69,47,63,30
57,64,75,96,63,20,46,39,22,26,11,57,58,83,74,12,43,41,65,94,11,57,32,41,53,94,22
76,2,50,4,26,4,28,67,13,26,57,86,92,74,88,31,86,27,46,16,14,63,99,6,45,77,5
44,76,78,49,99,67,52,47,84,79,36,86,85,23,49,15,19,53,68,69,43,86,74,5,27,33,85
58,29,36,95,69,98,61,27,60,96,57,28,53,99,21,76,39,98,78,35,100,87,43,88,45,45,41
26,92,93,15,36,14,85,83,76,81,80,59,34,8,36,14,32,76,85,50,84,71,44,54,17,68,62
12,51,99,75,56,16,49,82,11,7,21,41,40,19,93,72,56,38,2,67,25,89,90,63,35,73,2
8,21,94,23,80,2,27,43,43,46,48,28,11,13,55,81,41,3,32,52,46,94,21,68,87,90,40
34,24,48,9,12,80,53,86,22,36,63,5,24,76,77,66,69,17,97,67,41,94,91,5,12,94,34
